Class_CN,Chinese_name,Scientific_name,ChinaRedList,Endemic
爬行纲,扬子鳄,Alligator sinensis,CR,YES
爬行纲,鼋,Pelochelys cantorii,CR,NO
爬行纲,斑鳖,Rafetus swinhoei,CR,NO
爬行纲,棱皮龟,Dermochelys coriacea,CR,NO
爬行纲,红海龟,Caretta caretta,CR,NO
爬行纲,绿海龟,Chelonia mydas,CR,NO
爬行纲,玳瑁,Eretmochelys imbricata,CR,NO
爬行纲,太平洋丽龟,Lepidochelys olivacea,CR,NO
爬行纲,平胸龟,Platysternon megacephalum,CR,NO
爬行纲,四爪陆龟,Testudo horsfieldii,CR,NO
爬行纲,凹甲陆龟,Manouria impressa,CR,NO
爬行纲,缅甸陆龟,Indotestudo elongata,CR,NO
爬行纲,黄喉拟水龟,Mauremys mutica,CR,NO
爬行纲,黑颈乌龟,Mauremys nigricans,CR,NO
爬行纲,花龟,Mauremys sinensis,CR,NO
爬行纲,金头闭壳龟,Cuora aurocapitata,CR,YES
爬行纲,黄缘闭壳龟,Cuora flavomarginata,CR,NO
爬行纲,黄额闭壳龟,Cuora galbinifrons,CR,NO
爬行纲,百色闭壳龟,Cuora mccordi,CR,YES
爬行纲,锯缘闭壳龟,Cuora mouhotii,CR,NO
爬行纲,潘氏闭壳龟,Cuora pani,CR,YES
爬行纲,三线闭壳龟,Cuora trifasciata,CR,NO
爬行纲,云南闭壳龟,Cuora yunnanensis,CR,YES
爬行纲,周氏闭壳龟,Cuora zhoui,CR,YES
爬行纲,眼斑水龟,Sacalia bealei,CR,NO
爬行纲,龟,Sacalia insulensis,CR,YES
爬行纲,四眼斑水龟,Sacalia quadriocellata,CR,NO
爬行纲,英德睑虎,Goniurosaurus yingdeensis,CR,YES
爬行纲,大壁虎,Gekko gecko,CR,NO
爬行纲,黑疣大壁虎,Gekko reevesii,CR,NO
爬行纲,鳄蜥,Shinisaurus crocodilurus,CR,NO
爬行纲,伊江巨蜥,Varanus irrawadicus,CR,NO
爬行纲,圆鼻巨蜥,Varanus salvator,CR,NO
爬行纲,蜡皮蜥,Leiolepis reevesii,CR,NO
爬行纲,大耳沙蜥,Phrynocephalus mystaceus,CR,NO
爬行纲,香港盲蛇,Indotyphlops lazelli,CR,YES
爬行纲,红尾筒蛇,Cylindrophis ruffus,CR,NO
爬行纲,瘰鳞蛇,Acrochordus granulatus,CR,NO
爬行纲,莽山原矛头蝮,Protobothrops mangshanensis,CR,YES
爬行纲,西藏温泉蛇,Thermophis baileyi,CR,YES
爬行纲,山瑞鳖,Palea steindachneri,EN,NO
爬行纲,砂鳖,Pelodiscus axenaria,EN,YES
爬行纲,东北鳖,Pelodiscus maackii,EN,NO
爬行纲,小鳖,Pelodiscus parviformis,EN,YES
爬行纲,腹斑鳖,Pelodiscus variegatus,EN,NO
爬行纲,中华鳖,Pelodiscus sinensis,EN,NO
爬行纲,乌龟,Mauremys reevesii,EN,NO
爬行纲,地龟,Geoemyda spengleri,EN,NO
爬行纲,欧氏摄龟,Cyclemys oldhami,EN,NO
爬行纲,香港双足蜥,Dibamus bogadeki,EN,YES
爬行纲,嘉道理睑虎,Goniurosaurus kadoorieorum,EN,YES
爬行纲,蛰龙睑虎,Goniurosaurus zhelongi,EN,YES
爬行纲,伊犁沙虎,Teratoscincus scincus,EN,NO
爬行纲,天山麻蜥,Eremias stummeri,EN,NO
爬行纲,细脆蛇蜥,Dopasia gracilis,EN,NO
爬行纲,脆蛇蜥,Dopasia harti,EN,NO
爬行纲,海南脆蛇蜥,Dopasia hainanensis,EN,YES
爬行纲,长鬣蜥,Physignathus cocincinus,EN,NO
爬行纲,蟒,Python bivittatus,EN,NO
爬行纲,井冈山脊蛇,Achalinus jinggangensis,EN,YES
爬行纲,泰国圆斑蝰,Daboia siamensis,EN,NO
爬行纲,东方蝰,Vipera renardi,EN,NO
爬行纲,角原矛头蝮,Protobothrops cornutus,EN,NO
爬行纲,环蛇,Bungarus bungaroides,EN,NO
爬行纲,金环蛇,Bungarus fasciatus,EN,NO
爬行纲,滑鼠蛇,Ptyas mucosa,EN,NO
爬行纲,横斑锦蛇,Euprepiophis perlaceus,EN,YES
爬行纲,团花锦蛇,Elaphe davidi,EN,NO
爬行纲,蛇,Thermophis shangrila,EN,YES
爬行纲,四川温泉蛇,Thermophis zhaoermii,EN,YES
爬行纲,台北腹链蛇,Hebius miyajimae,EN,YES
爬行纲,深圳后棱蛇,Opisthotropis shenzhenensis,EN,YES
爬行纲,白尾双足蜥,Dibamus bourreti,VU,NO
爬行纲,越南睑虎,Goniurosaurus araneus,VU,NO
爬行纲,霸王岭睑虎,Goniurosaurus bawanglingensis,VU,YES
爬行纲,海南睑虎,Goniurosaurus hainanensis,VU,YES
爬行纲,广西睑虎,Goniurosaurus kwangsiensis,VU,YES
爬行纲,凭祥睑虎,Goniurosaurus luii,VU,NO
爬行纲,荔波睑虎,Goniurosaurus liboensis,VU,YES
爬行纲,周氏睑虎,Goniurosaurus zhoui,VU,YES
爬行纲,哀鳞趾虎,Lepidodactylus lugubris,VU,NO
爬行纲,雅美鳞趾虎,Lepidodactylus yami,VU,YES
爬行纲,香港半叶趾虎,Hemiphyllodactylus hongkongensis,VU,YES
爬行纲,截趾虎,Gehyra mutilata,VU,NO
爬行纲,新疆漠虎,Alsophylax przewalskii,VU,NO
爬行纲,史氏蜥虎,Hemidactylus stejnegeri,VU,NO
爬行纲,兰屿壁虎,Gekko kikuchii,VU,YES
爬行纲,大渡石龙子,Plestiodon tunganus,VU,YES
爬行纲,越南石龙子,Plestiodon tamdaoensis,VU,NO
爬行纲,桓仁滑蜥,Scincella huanrenensis,VU,NO
爬行纲,崇安草蜥,Takydromus sylvaticus,VU,YES
爬行纲,网纹麻蜥,Eremias grammica,VU,NO
爬行纲,裸耳飞蜥,Draco blanfordii,VU,NO
爬行纲,西藏岩蜥,Laudakia papenfussi,VU,YES
爬行纲,南亚岩蜥,Laudakia tuberculata,VU,NO
爬行纲,巴塘龙蜥,Diploderma batangense,VU,YES
爬行纲,短尾龙蜥,Diploderma brevicaudum,VU,YES
爬行纲,侏龙蜥,Diploderma drukdaypo,VU,YES
爬行纲,滑腹龙蜥,Diploderma laeviventre,VU,YES
爬行纲,宜兰龙蜥,Diploderma luei,VU,YES
爬行纲,溪头龙蜥,Diploderma makii,VU,YES
爬行纲,帆背龙蜥,Diploderma vela,VU,YES
爬行纲,伊犁沙蜥,Phrynocephalus alpherakii,VU,NO
爬行纲,贵南沙蜥,Phrynocephalus guinanensis,VU,YES
爬行纲,长棘蜥,Acanthosaura armata,VU,NO
爬行纲,绿背树蜥,Calotes jerdoni,VU,NO
爬行纲,墨脱树蜥,Calotes medogensis,VU,YES
爬行纲,巴坡拟树蜥,Pseudocalotes bapoensis,VU,NO
爬行纲,红沙蚺,Eryx miliaris,VU,NO
爬行纲,东方沙蚺,Eryx tataricus,VU,NO
爬行纲,闪鳞蛇,Xenopeltis unicolor,VU,NO
爬行纲,黑头蝰,Azemiops feae,VU,NO
爬行纲,白头蝰,Azemiops kharini,VU,NO
爬行纲,极北蝰,Vipera berus,VU,NO
爬行纲,越北原矛头蝮,Protobothrops trungkhanhensis,VU,NO
爬行纲,乡城原矛头蝮,Protobothrops xiangchengensis,VU,YES
爬行纲,尖吻蝮,Deinagkistrodon acutus,VU,NO
爬行纲,长岛蝮,Gloydius changdaoensis,VU,YES
爬行纲,庙岛蝮,Gloydius lijianlii,VU,YES
爬行纲,蛇岛蝮,Gloydius shedaoensis,VU,YES
爬行纲,黑斑水蛇,Myrrophis bennettii,VU,NO
爬行纲,中国水蛇,Myrrophis chinensis,VU,NO
爬行纲,铅色水蛇,Hypsiscopus plumbea,VU,NO
爬行纲,马来环蛇,Bungarus candidus,VU,NO
爬行纲,银环蛇,Bungarus multicinctus,VU,NO
爬行纲,舟山眼镜蛇,Naja atra,VU,NO
爬行纲,孟加拉眼镜蛇,Naja kaouthia,VU,NO
爬行纲,眼镜王蛇,Ophiophagus hannah,VU,NO
爬行纲,羽鸟氏华珊瑚,Sinomicrurus hatori,VU,YES
爬行纲,蛇,Sinomicrurus sauteri,VU,YES
爬行纲,八莫过树蛇,Dendrelaphis subocularis,VU,NO
爬行纲,广西林蛇,Boiga guangxiensis,VU,NO
爬行纲,花脊游蛇,Hemorrhois ravergieri,VU,NO
爬行纲,纯绿翠青蛇,Cyclophiops doriae,VU,NO
爬行纲,黑网乌梢蛇,Ptyas carinata,VU,NO
爬行纲,乌梢蛇,Ptyas dhumnades,VU,NO
爬行纲,尖喙蛇,Gonyosoma boulengeri,VU,NO
爬行纲,绿锦蛇,Gonyosoma prasinum,VU,NO
爬行纲,粉链蛇,Lycodon rosozonatus,VU,YES
爬行纲,方花蛇,Archelaphe bella,VU,NO
爬行纲,三索锦蛇,Coelognathus radiatus,VU,NO
爬行纲,赤峰锦蛇,Elaphe anomala,VU,NO
爬行纲,王锦蛇,Elaphe carinata,VU,NO
爬行纲,百花锦蛇,Elaphe moellendorffi,VU,NO
爬行纲,黑眉锦蛇,Elaphe taeniura,VU,NO
爬行纲,棕黑锦蛇,Elaphe schrenckii,VU,NO
爬行纲,红脊扁头蛇,Platyceps rhodorachis,VU,NO
爬行纲,云南两头蛇,Calamaria yunnanensis,VU,YES
爬行纲,白眶蛇,Amphiesmoides ornaticeps,VU,NO
爬行纲,缅北腹链蛇,Hebius venningi,VU,NO
爬行纲,东亚腹链蛇,Hebius vibakari,VU,NO
爬行纲,平头腹链蛇,Herpetoreas platyceps,VU,NO
爬行纲,环纹华游蛇,Trimerodytes aequifasciatus,VU,NO
爬行纲,赤链华游蛇,Trimerodytes annularis,VU,NO
爬行纲,横纹环游蛇,Trimerodytes balteatus,VU,NO
爬行纲,景东华游蛇,Trimerodytes yapingi,VU,YES
爬行纲,云南华游蛇,Trimerodytes yunnanensis,VU,YES
爬行纲,水游蛇,Natrix natrix,VU,NO
爬行纲,缅甸颈斑蛇,Plagiopholis nuchalis,VU,NO
爬行纲,新疆沙虎,Teratoscincus przewalskii,NT,NO
爬行纲,吐鲁番沙虎,Teratoscincus roborowskii,NT,YES
爬行纲,大敦细趾虎,Tenuidactylus dadunensis,NT,YES
爬行纲,灰中趾虎,Mediodactylus russowii,NT,NO
爬行纲,察隅裸趾虎,Cyrtodactylus cayuensis,NT,YES
爬行纲,墨脱蜓蜥,Sphenomorphus courcyanum,NT,NO
爬行纲,崇安石龙子,Plestiodon popei,NT,YES
爬行纲,喜山滑蜥,Scincella himalayanus,NT,NO
爬行纲,西域滑蜥,Scincella przewalskii,NT,YES
爬行纲,瓦山滑蜥,Scincella schmidti,NT,YES
爬行纲,广西棱蜥,Tropidophorus guangxiensis,NT,YES
爬行纲,黑龙江草蜥,Takydromus amurensis,NT,NO
爬行纲,天井山草蜥,Takydromus albomaculosus,NT,YES
爬行纲,峨眉草蜥,Takydromus intermedius,NT,YES
爬行纲,恒春草蜥,Takydromus sauteri,NT,YES
爬行纲,丽斑麻蜥,Eremias argus,NT,NO
爬行纲,吐鲁番麻蜥,Eremias roborowskii,NT,NO
爬行纲,胎蜥,Zootoca vivipara,NT,NO
爬行纲,拉萨岩蜥,Laudakia sacra,NT,YES
爬行纲,新疆岩蜥,Laudakia stoliczkana,NT,NO
爬行纲,吴氏岩蜥,Laudakia wui,NT,YES
爬行纲,三棱攀蜥,Japalura tricarinata,NT,NO
爬行纲,短肢龙蜥,Diploderma brevipes,NT,YES
爬行纲,草绿龙蜥,Diploderma flaviceps,NT,YES
爬行纲,山地龙蜥,Diploderma swild,NT,YES
爬行纲,南疆沙蜥,Phrynocephalus forsythii,NT,YES
爬行纲,宽鼻沙蜥,Phrynocephalus nasatus,NT,NO
爬行纲,贵德沙蜥,Phrynocephalus putjatai,NT,YES
爬行纲,白唇树蜥,Calotes mystaceus,NT,NO
爬行纲,混鳞蜥,Pseudocalotes austeniana,NT,NO
爬行纲,短肢拟树蜥,Pseudocalotes brevipes,NT,NO
爬行纲,草原蜥,Trapelus sanguinolentus,NT,NO
爬行纲,海南闪鳞蛇,Xenopeltis hainanensis,NT,NO
爬行纲,棱鳞钝头蛇,Pareas carinatus,NT,NO
爬行纲,台湾钝头蛇,Pareas formosensis,NT,YES
爬行纲,缅甸钝头蛇,Pareas hamptoni,NT,NO
爬行纲,喜山钝头蛇,Pareas monticola,NT,NO
爬行纲,蝮,Protobothrops dabieshanensis,NT,YES
爬行纲,喜山原矛头蝮,Protobothrops himalayanus,NT,NO
爬行纲,缅北原矛头蝮,Protobothrops kaulbacki,NT,NO
爬行纲,茂兰原矛头蝮,Protobothrops maolanensis,NT,YES
爬行纲,台湾烙铁头蛇,Ovophis makazayazaya,NT,NO
爬行纲,察隅烙铁头蛇,Ovophis zayuensis,NT,NO
爬行纲,墨脱竹叶青蛇,Viridovipera medoensis,NT,NO
爬行纲,盈江竹叶青蛇,Popeia yingjiangensis,NT,NO
爬行纲,四川华蝮,Sinovipera sichuanensis,NT,YES
爬行纲,西藏竹叶青蛇,Himalayophis tibetanus,NT,NO
爬行纲,台湾竹叶青蛇,Trimeresurus gracilis,NT,YES
爬行纲,若尔盖蝮,Gloydius angusticeps,NT,YES
爬行纲,短尾蝮,Gloydius brevicaudus,NT,NO
爬行纲,阿拉善蝮,Gloydius cognatus,NT,NO
爬行纲,西伯利亚蝮,Gloydius halys,NT,NO
爬行纲,澜沧蝮,Gloydius huangi,NT,YES
爬行纲,中介蝮,Gloydius intermedius,NT,NO
爬行纲,六盘山蝮,Gloydius liupanensis,NT,YES
爬行纲,雪山蝮,Gloydius monticola,NT,YES
爬行纲,秦岭蝮,Gloydius qinlingensis,NT,YES
爬行纲,红斑高山蝮,Gloydius rubromaculatus,NT,YES
爬行纲,高原蝮,Gloydius strauchi,NT,YES
爬行纲,华北蝮,Gloydius stejnegeri,NT,YES
爬行纲,乌苏里蝮,Gloydius ussuriensis,NT,NO
爬行纲,海南华珊瑚蛇,Sinomicrurus houi,NT,YES
爬行纲,福建华珊瑚蛇,Sinomicrurus kelloggi,NT,NO
爬行纲,中华珊瑚蛇,Sinomicrurus macclellandi,NT,NO
爬行纲,扁尾海蛇,Laticauda laticaudata,NT,NO
爬行纲,半环扁尾海蛇,Laticauda semifasciata,NT,NO
爬行纲,青灰海蛇,Hydrophis caerulescens,NT,NO
爬行纲,青环海蛇,Hydrophis cyanocinctus,NT,NO
爬行纲,环纹海蛇,Hydrophis fasciatus,NT,NO
爬行纲,小头海蛇,Hydrophis gracilis,NT,NO
爬行纲,金花蛇,Chrysopelea ornata,NT,NO
爬行纲,滑鳞蛇,Liopeltis frenatus,NT,NO
爬行纲,绿林蛇,Boiga cyanea,NT,NO
爬行纲,喜山小头蛇,Oligodon albocinctus,NT,NO
爬行纲,菱斑小头蛇,Oligodon catenatus,NT,NO
爬行纲,泰北小头蛇,Oligodon joynsoni,NT,NO
爬行纲,圆斑小头蛇,Oligodon lacroixi,NT,NO
爬行纲,龙胜小头蛇,Oligodon lungshenensis,NT,YES
爬行纲,方斑小头蛇,Oligodon nagao,NT,NO
爬行纲,饰纹小头蛇,Oligodon ornatus,NT,YES
爬行纲,横纹翠青蛇,Cyclophiops multicinctus,NT,NO
爬行纲,灰鼠蛇,Ptyas korros,NT,NO
爬行纲,黑线乌梢蛇,Ptyas nigromarginata,NT,NO
爬行纲,白环蛇,Lycodon aulicus,NT,NO
爬行纲,贡山白环蛇,Lycodon gongshan,NT,YES
爬行纲,南方链蛇,Lycodon meridionalis,NT,NO
爬行纲,玉斑锦蛇,Euprepiophis mandarinus,NT,NO
爬行纲,双斑锦蛇,Elaphe bimaculata,NT,YES
爬行纲,坎氏锦蛇,Elaphe cantoris,NT,NO
爬行纲,南峰锦蛇,Elaphe hodgsonii,NT,NO
爬行纲,红纹滞卵蛇,Oocatochus rufodorsatus,NT,NO
爬行纲,宁陕线形蛇,Stichophanes ningshaanensis,NT,YES
爬行纲,无颞鳞腹链蛇,Hebius atemporalis,NT,NO
爬行纲,黑带腹链蛇,Hebius bitaeniatus,NT,NO
爬行纲,沙坝腹链蛇,Hebius chapaensis,NT,NO
爬行纲,耿氏坭蛇,Trachischium guentheri,NT,NO
爬行纲,山坭蛇,Trachischium monticola,NT,NO
爬行纲,小头坭蛇,Trachischium tenuiceps,NT,NO
爬行纲,海南颈槽蛇,Rhabdophis adleri,NT,YES
爬行纲,广东颈槽蛇,Rhabdophis guangdongensis,NT,YES
爬行纲,喜山颈槽蛇,Rhabdophis himalayanus,NT,NO
爬行纲,黑纹颈槽蛇,Rhabdophis nigrocinctus,NT,NO
爬行纲,台湾颈槽蛇,Rhabdophis swinhonis,NT,YES
爬行纲,滇西蛇,Atretium yunnanensis,NT,NO
爬行纲,香港后棱蛇,Opisthotropis andersonii,NT,YES
爬行纲,莽山后棱蛇,Opisthotropis cheni,NT,YES
爬行纲,广西后棱蛇,Opisthotropis guangxiensis,NT,YES
爬行纲,沙坝后棱蛇,Opisthotropis jacobi,NT,NO
爬行纲,刘氏后棱蛇,Opisthotropis laui,NT,YES
爬行纲,黄斑后棱蛇,Opisthotropis maculosa,NT,NO
爬行纲,福建后棱蛇,Opisthotropis maxwelli,NT,YES
爬行纲,老挝副后棱蛇,Paratapinophis praemaxillaris,NT,NO
爬行纲,乌华游蛇,Trimerodytes percarinatus,NT,NO
爬行纲,长细趾虎,Tenuidactylus elongatus,LC,NO
爬行纲,西藏裸趾虎,Cyrtodactylus tibetanus,LC,YES
爬行纲,瓦氏裸趾虎,Cyrtodactylus wayakonei,LC,NO
爬行纲,隐耳漠虎,Alsophylax pipiens,LC,NO
爬行纲,原尾蜥虎,Hemidactylus bowringii,LC,NO
爬行纲,密疣蜥虎,Hemidactylus brookii,LC,NO
爬行纲,疣尾蜥虎,Hemidactylus frenatus,LC,NO
爬行纲,锯尾蜥虎,Hemidactylus garnotii,LC,NO
爬行纲,蝎尾蜥虎,Hemidactylus platyurus,LC,NO
爬行纲,鹰氏壁虎,Gekko adleri,LC,NO
爬行纲,耳疣壁虎,Gekko auriverrucosus,LC,YES
爬行纲,中国壁虎,Gekko chinensis,LC,YES
爬行纲,龟山壁虎,Gekko guishanicus,LC,NO
爬行纲,铅山壁虎,Gekko hokouensis,LC,NO
爬行纲,多疣壁虎,Gekko japonicus,LC,NO
爬行纲,荔波壁虎,Gekko liboensis,LC,YES
爬行纲,梅氏壁虎,Gekko melli,LC,NO
爬行纲,粗疣壁虎,Gekko scabridus,LC,YES
爬行纲,无蹼壁虎,Gekko swinhonis,LC,YES
爬行纲,蹼趾壁虎,Gekko subpalmatus,LC,YES
爬行纲,太白壁虎,Gekko taibaiensis,LC,YES
爬行纲,文县壁虎,Gekko wenxianensis,LC,YES
爬行纲,铜蜓蜥,Sphenomorphus indicus,LC,NO
爬行纲,股鳞蜓蜥,Sphenomorphus incognitus,LC,NO
爬行纲,斑蜓蜥,Sphenomorphus maculatus,LC,NO
爬行纲,台湾蜓蜥,Sphenomorphus taiwanensis,LC,YES
爬行纲,北部湾蜓蜥,Sphenomorphus tonkinensis,LC,NO
爬行纲,黄纹石龙子,Plestiodon capito,LC,NO
爬行纲,中国石龙子,Plestiodon chinensis,LC,NO
爬行纲,蓝尾石龙子,Plestiodon elegans,LC,NO
爬行纲,白斑石龙子,Plestiodon leucostictus,LC,NO
爬行纲,刘氏石龙子,Plestiodon liui,LC,YES
爬行纲,四线石龙子,Plestiodon quadrilineatus,LC,NO
爬行纲,长尾南蜥,Eutropis longicaudata,LC,NO
爬行纲,多线南蜥,Eutropis multifasciata,LC,NO
爬行纲,多棱南蜥,Eutropis multicarinata,LC,NO
爬行纲,阿赖山泛蜥,Ablepharus alaicus,LC,NO
爬行纲,长肢滑蜥,Scincella doriae,LC,NO
爬行纲,台湾滑蜥,Scincella formosensis,LC,YES
爬行纲,拉达克滑蜥,Scincella ladacensis,LC,NO
爬行纲,山滑蜥,Scincella monticola,LC,NO
爬行纲,宁波滑蜥,Scincella modesta,LC,YES
爬行纲,康定滑蜥,Scincella potanini,LC,YES
爬行纲,南滑蜥,Scincella reevesii,LC,NO
爬行纲,锡金滑蜥,Scincella sikimmensis,LC,NO
爬行纲,秦岭滑蜥,Scincella tsinlingensis,LC,YES
爬行纲,缅甸棱蜥,Tropidophorus berdmorei,LC,NO
爬行纲,海南棱蜥,Tropidophorus hainanus,LC,NO
爬行纲,中国棱蜥,Tropidophorus sinicus,LC,NO
爬行纲,光蜥,Ateuchosaurus chinensis,LC,NO
爬行纲,沿岸岛蜥,Emoia atrocostata,LC,NO
爬行纲,台湾草蜥,Takydromus formosanus,LC,YES
爬行纲,雪山草蜥,Takydromus hsuehshanensis,LC,YES
爬行纲,古氏草蜥,Takydromus kuehnei,LC,NO
爬行纲,鹿野草蜥,Takydromus luyeanus,LC,YES
爬行纲,北草蜥,Takydromus septentrionalis,LC,YES
爬行纲,南草蜥,Takydromus sexlineatus,LC,NO
爬行纲,蓬莱草蜥,Takydromus stejnegeri,LC,YES
爬行纲,翠斑草蜥,Takydromus viridipunctatus,LC,YES
爬行纲,白条草蜥,Takydromus wolteri,LC,NO
爬行纲,云开草蜥,Takydromus yunkaiensis,LC,YES
爬行纲,敏麻蜥,Eremias arguta,LC,NO
爬行纲,山地麻蜥,Eremias brenchleyi,LC,YES
爬行纲,喀什麻蜥,Eremias buechneri,LC,NO
爬行纲,密点麻蜥,Eremias multiocellata,LC,NO
爬行纲,荒漠麻蜥,Eremias przewalskii,LC,NO
爬行纲,虫纹麻蜥,Eremias vermiculata,LC,NO
爬行纲,快步麻蜥,Eremias velox,LC,NO
爬行纲,莎车麻蜥,Eremias yarkandensis,LC,NO
爬行纲,捷蜥蜴,Lacerta agilis,LC,NO
爬行纲,斑飞蜥,Draco maculatus,LC,NO
爬行纲,喉褶蜥,Ptyctolaemus gularis,LC,NO
爬行纲,长肢攀蜥,Japalura andersoniana,LC,NO
爬行纲,沙坝龙蜥,Diploderma chapaense,LC,NO
爬行纲,裸耳龙蜥,Diploderma dymondi,LC,YES
爬行纲,横纹龙蜥,Diploderma fasciatum,LC,NO
爬行纲,米仓山龙蜥,Diploderma micangshanense,LC,YES
爬行纲,丽纹龙蜥,Diploderma splendidum,LC,YES
爬行纲,贡山龙蜥,Diploderma slowinskii,LC,YES
爬行纲,台湾龙蜥,Diploderma swinhonis,LC,YES
爬行纲,昆明龙蜥,Diploderma varcoae,LC,YES
爬行纲,云南龙蜥,Diploderma yunnanense,LC,YES
爬行纲,汶川龙蜥,Diploderma zhaoermii,LC,YES
爬行纲,叶城沙蜥,Phrynocephalus axillaris,LC,NO
爬行纲,红尾沙蜥,Phrynocephalus erythrurus,LC,YES
爬行纲,奇台沙蜥,Phrynocephalus grumgrzimailoi,LC,NO
爬行纲,旱地沙蜥,Phrynocephalus helioscopus,LC,NO
爬行纲,黑腹沙蜥,Phrynocephalus melanurus,LC,NO
爬行纲,荒漠沙蜥,Phrynocephalus przewalskii,LC,YES
爬行纲,西藏沙蜥,Phrynocephalus theobaldi,LC,NO
爬行纲,变色沙蜥,Phrynocephalus versicolor,LC,NO
爬行纲,青海沙蜥,Phrynocephalus vlangalii,LC,YES
爬行纲,丽棘蜥,Acanthosaura lepidogaster,LC,NO
爬行纲,棕背树蜥,Calotes emma,LC,NO
爬行纲,异鳞蜥,Calotes paulus,LC,NO
爬行纲,变色树蜥,Calotes versicolor,LC,NO
爬行纲,蚌西拟树蜥,Pseudocalotes kakhienensis,LC,NO
爬行纲,细鳞拟树蜥,Pseudocalotes microlepis,LC,NO
爬行纲,钩盲蛇,Indotyphlops braminus,LC,NO
爬行纲,大盲蛇,Argyrophis diardii,LC,NO
爬行纲,青脊蛇,Achalinus ater,LC,NO
爬行纲,台湾脊蛇,Achalinus formosanus,LC,NO
爬行纲,美姑脊蛇,Achalinus meiguensis,LC,YES
爬行纲,阿里山脊蛇,Achalinus niger,LC,YES
爬行纲,棕脊蛇,Achalinus rufescens,LC,NO
爬行纲,黑脊蛇,Achalinus spinalis,LC,NO
爬行纲,云开脊蛇,Achalinus yunkaiensis,LC,NO
爬行纲,平鳞钝头蛇,Pareas boulengeri,LC,YES
爬行纲,中国钝头蛇,Pareas chinensis,LC,YES
爬行纲,横纹钝头蛇,Pareas margaritophorus,LC,NO
爬行纲,福建钝头蛇,Pareas stanleyi,LC,YES
爬行纲,横斑钝头蛇,Pareas macularius,LC,NO
爬行纲,菜花原矛头蝮,Protobothrops jerdonii,LC,NO
爬行纲,原矛头蝮,Protobothrops mucrosquamatus,LC,NO
爬行纲,山烙铁头蛇,Ovophis monticola,LC,NO
爬行纲,越南烙铁头蛇,Ovophis tonkinensis,LC,NO
爬行纲,云南竹叶青蛇,Viridovipera yunnanensis,LC,NO
爬行纲,福建竹叶青蛇,Viridovipera stejnegeri,LC,NO
爬行纲,冈氏竹叶青蛇,Viridovipera gumprechti,LC,NO
爬行纲,坡普竹叶青蛇,Popeia popeorum,LC,NO
爬行纲,白唇竹叶青蛇,Trimeresurus albolabris,LC,NO
爬行纲,紫沙蛇,Psammodynastes pulverulentus,LC,NO
爬行纲,花条蛇,Psammophis lineolatus,LC,NO
爬行纲,蓝灰扁尾海蛇,Laticauda colubrina,LC,NO
爬行纲,龟头海蛇,Emydocephalus ijimae,LC,NO
爬行纲,平颏海蛇,Hydrophis curtus,LC,NO
爬行纲,淡灰海蛇,Hydrophis ornatus,LC,NO
爬行纲,棘眦海蛇,Hydrophis peronii,LC,NO
爬行纲,长吻海蛇,Hydrophis platurus,LC,NO
爬行纲,棘鳞海蛇,Hydrophis stokesii,LC,NO
爬行纲,海蝰,Hydrophis viperinus,LC,NO
爬行纲,绿瘦蛇,Ahaetulla prasina,LC,NO
爬行纲,过树蛇,Dendrelaphis pictus,LC,NO
爬行纲,绞花林蛇,Boiga kraepelini,LC,NO
爬行纲,繁花林蛇,Boiga multomaculata,LC,NO
爬行纲,中国小头蛇,Oligodon chinensis,LC,NO
爬行纲,紫棕小头蛇,Oligodon cinereus,LC,NO
爬行纲,束纹小头蛇,Oligodon fasciolatus,LC,NO
爬行纲,台湾小头蛇,Oligodon formosanus,LC,NO
爬行纲,黄脊游蛇,Orientocoluber spinalis,LC,NO
爬行纲,翠青蛇,Cyclophiops major,LC,NO
爬行纲,灰腹绿锦蛇,Gonyosoma frenatum,LC,NO
爬行纲,双全白环蛇,Lycodon fasciatus,LC,NO
爬行纲,黄链蛇,Lycodon flavozonatus,LC,NO
爬行纲,福清白环蛇,Lycodon futsingensis,LC,NO
爬行纲,刘氏白环蛇,Lycodon liuchengchaoi,LC,YES
爬行纲,横纹白环蛇,Lycodon multizonatus,LC,YES
爬行纲,黑背白环蛇,Lycodon ruhstrati,LC,NO
爬行纲,赤链蛇,Lycodon rufozonatus,LC,NO
爬行纲,白链蛇,Lycodon septentrionalis,LC,NO
爬行纲,细白环蛇,Lycodon subcinctus,LC,NO
爬行纲,东川白环蛇,Lycodon synaptor,LC,YES
爬行纲,紫灰锦蛇,Oreocryptophis porphyraceus,LC,NO
爬行纲,白条锦蛇,Elaphe dione,LC,NO
爬行纲,若尔盖锦蛇,Elaphe zoigeensis,LC,YES
爬行纲,尖尾两头蛇,Calamaria pavimentata,LC,NO
爬行纲,钝尾两头蛇,Calamaria septentrionalis,LC,NO
爬行纲,草腹链蛇,Amphiesma stolatum,LC,NO
爬行纲,白眉腹链蛇,Hebius boulengeri,LC,NO
爬行纲,锈链腹链蛇,Hebius craspedogaster,LC,NO
爬行纲,棕网腹链蛇,Hebius johannis,LC,YES
爬行纲,瓦屋山腹链蛇,Hebius metusia,LC,YES
爬行纲,腹斑腹链蛇,Hebius modestus,LC,NO
爬行纲,丽纹腹链蛇,Hebius optatus,LC,NO
爬行纲,八线腹链蛇,Hebius octolineatus,LC,YES
爬行纲,坡普腹链蛇,Hebius popei,LC,YES
爬行纲,棕黑腹链蛇,Hebius sauteri,LC,NO
爬行纲,盐边腹链蛇,Hebius yanbianensis,LC,YES
爬行纲,颈棱蛇,Pseudoagkistrodon rudis,LC,YES
爬行纲,缅甸颈槽蛇,Rhabdophis leonardi,LC,NO
爬行纲,颈槽蛇,Rhabdophis nuchalis,LC,NO
爬行纲,红脖颈槽蛇,Rhabdophis subminiatus,LC,NO
爬行纲,虎斑颈槽蛇,Rhabdophis tigrinus,LC,NO
爬行纲,黄斑渔游蛇,Xenochrophis flavipunctatus,LC,NO
爬行纲,渔游蛇,Xenochrophis piscator,LC,NO
爬行纲,挂墩后棱蛇,Opisthotropis kuatunensis,LC,YES
爬行纲,侧条后棱蛇,Opisthotropis lateralis,LC,NO
爬行纲,山溪后棱蛇,Opisthotropis latouchii,LC,YES
爬行纲,赵氏后棱蛇,Opisthotropis zhaoermii,LC,YES
爬行纲,棋斑水游蛇,Natrix tessellata,LC,NO
爬行纲,颈斑蛇,Plagiopholis blakewayi,LC,NO
爬行纲,福建颈斑蛇,Plagiopholis styani,LC,NO
爬行纲,横纹斜鳞蛇,Pseudoxenodon bambusicola,LC,NO
爬行纲,崇安斜鳞蛇,Pseudoxenodon karlschmidti,LC,NO
爬行纲,大眼斜鳞蛇,Pseudoxenodon macrops,LC,NO
爬行纲,纹尾斜鳞蛇,Pseudoxenodon stejnegeri,LC,NO
爬行纲,黑头剑蛇,Sibynophis chinensis,LC,NO
爬行纲,黑领剑蛇,Sibynophis collaris,LC,NO
爬行纲,里氏睑虎,Goniurosaurus lichtenfelderi,DD,NO
爬行纲,版纳伞虎,Ptychozoon bannaense,DD,NO
爬行纲,宽斑隆趾虎,Altiphylax stoliczkai,DD,NO
爬行纲,赵氏裸趾虎,Cyrtodactylus zhaoermii,DD,YES
爬行纲,墨脱弯脚虎,Cyrtopodion medogense,DD,YES
爬行纲,昌宁半叶趾虎,Hemiphyllodactylus changningensis,DD,YES
爬行纲,独山半叶趾虎,Hemiphyllodactylus dushanensis,DD,YES
爬行纲,惠水半叶趾虎,Hemiphyllodactylus huishuiensis,DD,YES
爬行纲,金平半叶趾虎,Hemiphyllodactylus jinpingensis,DD,YES
爬行纲,龙陵半叶趾虎,Hemiphyllodactylus longlingensis,DD,YES
爬行纲,半叶趾虎,Hemiphyllodactylus typus,DD,NO
爬行纲,缅北蜥虎,Hemidactylus aquilonius,DD,NO
爬行纲,广西壁虎,Gekko kwangsiensis,DD,NO
爬行纲,海南壁虎,Gekko similignum,DD,YES
爬行纲,钓鱼岛石龙子,Plestiodon takarai,DD,YES
爬行纲,侏蜥,Lygosoma bowringii,DD,NO
爬行纲,库氏南蜥,Eutropis cumingi,DD,NO
爬行纲,沙地泛蜥,Ablepharus deserti,DD,NO
爬行纲,昆明滑蜥,Scincella barbouri,DD,YES
爬行纲,科克沙尔麻蜥,Eremias kokshaaliensis,DD,NO
爬行纲,四额鳞麻蜥,Eremias quadrifrons,DD,NO
爬行纲,暗影巨蜥,Varanus nebulosus,DD,NO
爬行纲,喜山岩蜥,Laudakia himalayana,DD,NO
爬行纲,宜宾龙蜥,Diploderma grahami,DD,YES
爬行纲,翡翠龙蜥,Diploderma iadinum,DD,YES
爬行纲,琉球龙蜥,Diploderma polygonatum,DD,NO
爬行纲,玉龙龙蜥,Diploderma yulongense,DD,YES
爬行纲,铜壁关棘蜥,Acanthosaura tongbiguanensis,DD,NO
爬行纲,西藏拟树蜥,Pseudocalotes kingdonwardi,DD,NO
爬行纲,白头钩盲蛇,Indotyphlops albiceps,DD,NO
爬行纲,恒春盲蛇,Argyrophis koshunensis,DD,YES
爬行纲,海南脊蛇,Achalinus hainanus,DD,YES
爬行纲,泰雅钝头蛇,Pareas atayal,DD,YES
爬行纲,阿里山钝头蛇,Pareas komaii,DD,YES
爬行纲,黑顶钝头蛇,Pareas nigriceps,DD,YES
爬行纲,藏南竹叶青蛇,Himalayophis arunachalensis,DD,NO
爬行纲,腹斑水蛇,Subsessor bocourti,DD,NO
爬行纲,截吻海蛇,Hydrophis jerdonii,DD,NO
爬行纲,黑头海蛇,Hydrophis melanocephalus,DD,NO
爬行纲,喜山过树蛇,Dendrelaphis biloreatus,DD,NO
爬行纲,香港过树蛇,Dendrelaphis hollinrakei,DD,YES
爬行纲,银山过树蛇,Dendrelaphis ngansonensis,DD,NO
爬行纲,黑带小头蛇,Oligodon melanozonatus,DD,YES
爬行纲,老挝白环蛇,Lycodon laoensis,DD,NO
爬行纲,贡山两头蛇,Calamaria andersoni,DD,YES
爬行纲,珠光蛇,Blythia reticulata,DD,NO
爬行纲,克氏腹链蛇,Hebius clerki,DD,NO
爬行纲,卡西腹链蛇,Hebius khasiensis,DD,NO
爬行纲,泪纹腹链蛇,Hebius lacrima,DD,NO
爬行纲,桑植腹链蛇,Hebius sangzhiensis,DD,YES
爬行纲,察隅腹链蛇,Herpetoreas burbrinki,DD,YES
爬行纲,艾氏坭蛇,Trachischium apteii,DD,NO
爬行纲,黄腹杆蛇,Smithophis bicolor,DD,NO
爬行纲,马来切喙鳄,Tomistoma schlegelii,RE,NO
爬行纲,湾鳄,Crocodylus porosus,RE,NO
两栖纲,大鲵,Andrias davidianus,CR,YES
两栖纲,华南大鲵,Andrias sligoi,CR,YES
两栖纲,安吉小鲵,Hynobius amjiensis,CR,YES
两栖纲,挂榜山小鲵,Hynobius guabangshanensis,CR,YES
两栖纲,中国小鲵,Hynobius chinensis,CR,YES
两栖纲,猫儿山小鲵,Hynobius maoershanensis,CR,YES
两栖纲,辽宁爪鲵,Onychodactylus zhaoermii,CR,YES
两栖纲,普雄原鲵,Protohynobius puxiongensis,CR,YES
两栖纲,金佛拟小鲵,Pseudohynobius jinfo,CR,YES
两栖纲,新疆北鲵,Ranodon sibiricus,CR,NO
两栖纲,镇海棘螈,Echinotriton chinhaiensis,CR,YES
两栖纲,凉北齿蟾,Oreolalax liangbeiensis,CR,YES
两栖纲,花齿突蟾,Scutiger maculatus,CR,YES
两栖纲,汕头角蟾,Xenophrys insularis,CR,YES
两栖纲,呈贡蝾螈,Cynops chenggongensis,CR,YES
两栖纲,小腺蛙,Glandirana minima,CR,YES
两栖纲,阿里山小鲵,Hynobius arisanensis,EN,YES
两栖纲,台湾小鲵,Hynobius formosanus,EN,YES
两栖纲,观雾小鲵,Hynobius fuca,EN,YES
两栖纲,南湖小鲵,Hynobius glacialis,EN,YES
两栖纲,楚南小鲵,Hynobius sonani,EN,YES
两栖纲,义乌小鲵,Hynobius yiwuensis,EN,YES
两栖纲,秦巴巴鲵,Liua tsinpaensis,EN,YES
两栖纲,吉林爪鲵,Onychodactylus zhangyapingi,EN,YES
两栖纲,宽阔水拟小鲵,Pseudohynobius kuankuoshuiensis,EN,YES
两栖纲,水城拟小鲵,Pseudohynobius shuichengensis,EN,YES
两栖纲,潮汕蝾螈,Cynops orphicus,EN,YES
两栖纲,广西瘰螈,Paramesotriton guangxiensis,EN,NO
两栖纲,龙里瘰螈,Paramesotriton longliensis,EN,YES
两栖纲,云雾瘰螈,Paramesotriton yunwuensis,EN,YES
两栖纲,织金瘰螈,Paramesotriton zhijinensis,EN,YES
两栖纲,滇南疣螈,Tylototriton yangi,EN,YES
两栖纲,大别瑶螈,Yaotriton dabienicus,EN,YES
两栖纲,海南瑶螈,Yaotriton hainanensis,EN,YES
两栖纲,乐东蟾蜍,Qiongbufo ledongensis,EN,YES
两栖纲,海陆蛙,Fejervarya cancrivora,EN,NO
两栖纲,云南棘蛙,Gynandropaa yunnanensis,EN,NO
两栖纲,虎纹蛙,Hoplobatrachus chinensis,EN,NO
两栖纲,脆皮大头蛙,Limnonectes fragilis,EN,YES
两栖纲,花棘蛙,Maculopaa maculosa,EN,YES
两栖纲,棘肛蛙,Unculuana unculuanus,EN,NO
两栖纲,抱龙角蟾,Boulenophrys baolongensis,EN,YES
两栖纲,红腿角蟾,Boulenophrys rubrimera,EN,NO
两栖纲,广西拟髭蟾,Leptobrachium guangxiense,EN,YES
两栖纲,川北齿蟾,Oreolalax chuanbeiensis,EN,YES
两栖纲,普雄齿蟾,Oreolalax puxiongensis,EN,YES
两栖纲,高山掌突蟾,Paramegophrys alpinus,EN,YES
两栖纲,三岛掌突蟾,Paramegophrys sangi,EN,NO
两栖纲,金顶齿突蟾,Scutiger chintingensis,EN,YES
两栖纲,木里猫眼蟾,Scutiger muliensis,EN,YES
两栖纲,宁陕齿突蟾,Scutiger ningshanensis,EN,YES
两栖纲,平武齿突蟾,Scutiger pingwuensis,EN,YES
两栖纲,峨眉髭蟾,Vibrissaphora boringii,EN,YES
两栖纲,原髭蟾,Vibrissaphora promustache,EN,YES
两栖纲,尾突角蟾,Xenophrys caudoprocta,EN,YES
两栖纲,墨脱角蟾,Xenophrys medogensis,EN,YES
两栖纲,桑植角蟾,Xenophrys sangzhiensis,EN,YES
两栖纲,水城角蟾,Xenophrys shuichengensis,EN,YES
两栖纲,封开角蟾,Xenophrys acuta,EN,YES
两栖纲,凸肛角蟾,Xenophrys pachyproctus,EN,NO
两栖纲,海南湍蛙,Amolops hainanensis,EN,YES
两栖纲,香港湍蛙,Amolops hongkongensis,EN,YES
两栖纲,安龙臭蛙,Odorrana anlungensis,EN,YES
两栖纲,巫溪树蛙,Rhacophorus hongchibaensis,EN,YES
两栖纲,洪佛树蛙,Rhacophorus hungfuensis,EN,YES
两栖纲,瑶山树蛙,Rhacophorus yaoshanensis,EN,YES
两栖纲,峰斑林蛙,Rana chevronta,EN,YES
两栖纲,老山树蛙,Rhacophorus laoshan,EN,YES
两栖纲,龙洞山溪鲵,Batrachuperus londongensis,VU,YES
两栖纲,山溪鲵,Batrachuperus pinchonii,VU,YES
两栖纲,西藏山溪鲵,Batrachuperus tibetanus,VU,YES
两栖纲,盐源山溪鲵,Batrachuperus yenyuanensis,VU,YES
两栖纲,无斑山溪鲵,Batrachuperus karlschmidti,VU,YES
两栖纲,东北小鲵,Hynobius leechii,VU,NO
两栖纲,商城肥鲵,Pachyhynobius shangchengensis,VU,YES
两栖纲,黄斑拟小鲵,Pseudohynobius flavomaculatus,VU,YES
两栖纲,灰蓝蝾螈,Cynops glaucus,VU,YES
两栖纲,大凉螈,Liangshantriton taliangensis,VU,YES
两栖纲,瑶山肥螈,Pachytriton inexpectatus,VU,YES
两栖纲,尾斑瘰螈,Paramesotriton caudopunctatus,VU,YES
两栖纲,富钟瘰螈,Paramesotriton fuzhongensis,VU,YES
两栖纲,无斑瘰螈,Paramesotriton labiatus,VU,YES
两栖纲,越南瘰螈,Paramesotriton deloustali,VU,NO
两栖纲,七溪岭瘰螈,Paramesotriton qixilingensis,VU,YES
两栖纲,贵州疣螈,Tylototriton kweichowensis,VU,YES
两栖纲,红瘰疣螈,Tylototriton shanjing,VU,YES
两栖纲,棕黑疣螈,Tylototriton verrucosus,VU,NO
两栖纲,莽山瑶螈,Yaotriton lizhenchangi,VU,YES
两栖纲,文县瑶螈,Yaotriton wenxianensis,VU,YES
两栖纲,浏阳瑶螈,Yaotriton liuyangensis,VU,YES
两栖纲,安徽疣螈,Yaotriton anhuiensis,VU,YES
两栖纲,强婚刺铃蟾,Bombina fortinuptialis,VU,YES
两栖纲,利川铃蟾,Bombina lichuanensis,VU,YES
两栖纲,微蹼铃蟾,Bombina microdeladigitora,VU,NO
两栖纲,史氏蟾蜍,Bufo stejnegeri,VU,NO
两栖纲,鳞皮小蟾,Parapelophryne scalpta,VU,YES
两栖纲,无棘溪蟾,Torrentophryne aspinia,VU,YES
两栖纲,康县隆肛蛙,Feirana kangxianensis,VU,YES
两栖纲,太行隆肛蛙,Feirana taihangnica,VU,YES
两栖纲,四川棘蛙,Gynandropaa sichuanensis,VU,YES
两栖纲,东川棘蛙,Gynandropaa phrynoides,VU,YES
两栖纲,版纳大头蛙,Limnonectes bannaensis,VU,NO
两栖纲,陇川大头蛙,Limnonectes longchuanensis,VU,YES
两栖纲,察隅棘蛙,Maculopaa chayuensis,VU,YES
两栖纲,错那棘蛙,Maculopaa conaensis,VU,YES
两栖纲,棘腹蛙,Quasipaa boulengeri,VU,NO
两栖纲,小棘蛙,Quasipaa exilispinosa,VU,YES
两栖纲,九龙棘蛙,Quasipaa jiulongensis,VU,YES
两栖纲,合江棘蛙,Quasipaa robertingeri,VU,YES
两栖纲,棘侧蛙,Quasipaa shini,VU,YES
两栖纲,棘胸蛙,Quasipaa spinosa,VU,NO
两栖纲,多疣棘蛙,Quasipaa verrucospinosa,VU,NO
两栖纲,叶氏肛刺蛙,Yerana yei,VU,YES
两栖纲,昭平雨蛙,Hyla zhaopingensis,VU,YES
两栖纲,大花隐耳蟾,Atypannophrys gigantica,VU,YES
两栖纲,南江隐耳蟾,Atypannophrys nankiangensis,VU,YES
两栖纲,宾川角蟾,Boulenophrys binchuanensis,VU,YES
两栖纲,短肢角蟾,Boulenophrys brachykolos,VU,NO
两栖纲,无量山角蟾,Boulenophrys wuliangshanensis,VU,YES
两栖纲,巫山角蟾,Boulenophrys wushanensis,VU,YES
两栖纲,海南拟髭蟾,Leptobrachium hainanense,VU,YES
两栖纲,藏南拟髭蟾,Leptobrachium bompu,VU,YES
两栖纲,小口拟角蟾,Ophryophryne microstoma,VU,NO
两栖纲,突肛拟角蟾,Ophryopryne pachyproctus,VU,NO
两栖纲,棘疣齿蟾,Oreolalax granulosus,VU,YES
两栖纲,景东齿蟾,Oreolalax jingdongensis,VU,YES
两栖纲,大齿蟾,Oreolalax major,VU,YES
两栖纲,点斑齿蟾,Oreolalax multipunctatus,VU,YES
两栖纲,峨眉齿蟾,Oreolalax omeimontis,VU,YES
两栖纲,秉志齿蟾,Oreolalax pingii,VU,YES
两栖纲,宝兴齿蟾,Oreolalax popei,VU,YES
两栖纲,红点齿蟾,Oreolalax rhodostigmatus,VU,YES
两栖纲,蟼掌突蟾,Paramegophrys pelodytoides,VU,NO
两栖纲,费氏掌突蟾,Paramegophrys feii,VU,YES
两栖纲,贡山猫眼蟾,Scutiger gongshanensis,VU,YES
两栖纲,九龙猫眼蟾,Scutiger jiulongensis,VU,YES
两栖纲,六盘齿突蟾,Scutiger liupanensis,VU,YES
两栖纲,圆疣猫眼蟾,Scutiger tuberculatus,VU,YES
两栖纲,王朗齿突蟾,Scutiger wanglangensis,VU,YES
两栖纲,雷山髭蟾,Vibrissaphora leishanensis,VU,YES
两栖纲,大围角蟾,Xenophrys daweimontis,VU,YES
两栖纲,峨眉角蟾,Xenophrys omeimontis,VU,YES
两栖纲,粗皮角蟾,Xenophrys palpebralespinosa,VU,NO
两栖纲,凹顶角蟾,Xenophrys parva,VU,NO
两栖纲,张氏角蟾,Xenophrys zhangi,VU,NO
两栖纲,林氏角蟾,Xenophrys lini,VU,YES
两栖纲,德力小姬蛙,Micryletta inornata,VU,NO
两栖纲,北英格蛙,Ingerana borealis,VU,NO
两栖纲,尖舌浮蛙,Occidozyga lima,VU,NO
两栖纲,刘氏泰诺蛙,Taylorana liui,VU,YES
两栖纲,片马湍蛙,Amolops bellulus,VU,YES
两栖纲,戴云湍蛙,Amolops daiyunensis,VU,YES
两栖纲,小耳湍蛙,Amolops gerbillus,VU,NO
两栖纲,沙巴臭蛙,Odorrana chapaensis,VU,NO
两栖纲,棘皮湍蛙,Amolops granulosus,VU,YES
两栖纲,星空湍蛙,Amolops splendissimus,VU,NO
两栖纲,白刺湍蛙,Amolops albispinus,VU,YES
两栖纲,鸭嘴竹叶蛙,Bamburana nasuta,VU,YES
两栖纲,竖琴蛙,Nidirana okinavana,VU,NO
两栖纲,南昆山琴蛙,Nidirana nankunensis,VU,YES
两栖纲,云南臭蛙,Odorrana andersonii,VU,NO
两栖纲,海南臭蛙,Odorrana hainanensis,VU,YES
两栖纲,景东臭蛙,Odorrana jingdongensis,VU,YES
两栖纲,光雾臭蛙,Odorrana kuangwuensis,VU,YES
两栖纲,滇南臭蛙,Odorrana tiannanensis,VU,YES
两栖纲,务川臭蛙,Odorrana wuchuanensis,VU,YES
两栖纲,筠连臭蛙,Odorrana junlianensis,VU,YES
两栖纲,荔浦臭蛙,Odorrana lipuensis,VU,YES
两栖纲,黑斜线侧褶蛙,Pelophylax nigrolineatus,VU,YES
两栖纲,朝鲜林蛙,Rana coreana,VU,NO
两栖纲,梭德氏林蛙,Rana sauteri,VU,YES
两栖纲,天台粗皮蛙,Rugosa tientaiensis,VU,YES
两栖纲,细刺水蛙,Sylvirana spinulosa,VU,YES
两栖纲,金秀纤树蛙,Gracixalus jinxiuensis,VU,YES
两栖纲,横纹树蛙,Huangixalus translineatus,VU,YES
两栖纲,罗默刘树蛙,Liuixalus romeri,VU,YES
两栖纲,勐腊小树蛙,Raorchestes menglaensis,VU,NO
两栖纲,眼斑刘树蛙,Liuixalus ocellatus,VU,NO
两栖纲,海南刘树蛙,Liuixalus hainanus,VU,YES
两栖纲,诸罗树蛙,Rhacophorus arvalis,VU,YES
两栖纲,橙腹树蛙,Rhacophorus aurantiventris,VU,YES
两栖纲,棕褶树蛙,Rhacophorus feae,VU,NO
两栖纲,黑蹼树蛙,Rhacophorus kio,VU,NO
两栖纲,白线树蛙,Rhacophorus leucofasciatus,VU,YES
两栖纲,福鼎蝾螈,Cynops fudingensis,VU,YES
两栖纲,墨脱棘蛙,Maculopaa medogensis,VU,YES
两栖纲,布兰福棘蛙,Paa blanfordii,VU,NO
两栖纲,棘臂蛙,Paa liebigii,VU,NO
两栖纲,波留宁棘蛙,Paa polunini,VU,NO
两栖纲,疣粒角蟾,Boulenophrys tuberogranulatus,VU,YES
两栖纲,东北粗皮蛙,Rugosa emeljanovi,VU,NO
两栖纲,版纳水蛙,Sylvirana bannanica,VU,YES
两栖纲,河口水蛙,Sylvirana hekouensis,VU,NO
两栖纲,版纳鱼螈,Ichthyophis bannanicus,NT,NO
两栖纲,巫山巴鲵,Liua shihi,NT,YES
两栖纲,蓝尾蝾螈,Cynops cyanurus,NT,YES
两栖纲,东方蝾螈,Cynops orientalis,NT,YES
两栖纲,费氏肥螈,Pachytriton feii,NT,YES
两栖纲,弓斑肥螈,Pachytriton archospotus,NT,YES
两栖纲,黄斑肥螈,Pachytriton xanthospilos,NT,YES
两栖纲,秉志肥螈,Pachytriton granulosus,NT,YES
两栖纲,贺州肥螈,Pachytriton wuguanfui,NT,YES
两栖纲,中国瘰螈,Paramesotriton chinensis,NT,YES
两栖纲,香港瘰螈,Paramesotriton hongkongensis,NT,YES
两栖纲,武陵瘰螈,Paramesotriton wulingensis,NT,YES
两栖纲,橙脊瘰螈,Paramesotriton aurantius,NT,YES
两栖纲,川南疣螈,Tylototriton pseudoverrucosus,NT,YES
两栖纲,丽色疣螈,Tylototriton pulcherrima,NT,YES
两栖纲,细痣瑶螈,Yaotriton asperrimus,NT,NO
两栖纲,宽脊瑶螈,Yaotriton broadoridgus,NT,YES
两栖纲,圆疣蟾蜍,Bufo tuberculatus,NT,YES
两栖纲,花背蟾蜍,Strauchbufo raddei,NT,NO
两栖纲,隐耳溪蟾,Torrentophryne cryptotympanicus,NT,NO
两栖纲,河谷舌突蛙,Liurana vallecula,NT,YES
两栖纲,隆肛蛙,Feirana quadranus,NT,YES
两栖纲,福建大头蛙,Limnonectes fujianensis,NT,YES
两栖纲,川南短腿蟾,Brachytarsophrys chuannanensis,NT,YES
两栖纲,费氏短腿蟾,Brachytarsophrys feae,NT,NO
两栖纲,坡普短腿蟾,Brachytarsophrys popei,NT,YES
两栖纲,沙巴拟髭蟾,Leptobrachium chapaense,NT,NO
两栖纲,华深拟髭蟾,Leptobrachium huashen,NT,YES
两栖纲,大刘角蟾,Liuophrys major,NT,NO
两栖纲,莽山刘角蟾,Liuophrys mangshanensis,NT,YES
两栖纲,利川齿蟾,Oreolalax lichuanensis,NT,YES
两栖纲,南江齿蟾,Oreolalax nanjiangensis,NT,YES
两栖纲,疣刺齿蟾,Oreolalax rugosus,NT,YES
两栖纲,无蹼齿蟾,Oreolalax schmidti,NT,YES
两栖纲,龙门山齿蟾,Oreolalax longmenmontis,NT,YES
两栖纲,布氏掌突蟾,Paramegophrys bourreti,NT,NO
两栖纲,香港掌突蟾,Paramegophrys laui,NT,YES
两栖纲,林芝齿突蟾,Scutiger nyingchiensis,NT,NO
两栖纲,锡金齿突蟾,Scutiger sikimmensis,NT,NO
两栖纲,墨脱猫眼蟾,Scutiger wuguanfui,NT,YES
两栖纲,刺疣齿突蟾,Scutiger spinosus,NT,YES
两栖纲,哀牢髭蟾,Vibrissaphora ailaonica,NT,NO
两栖纲,崇安髭蟾,Vibrissaphora liui,NT,YES
两栖纲,景东角蟾,Xenophrys jingdongensis,NT,YES
两栖纲,炳灵角蟾,Xenophrys binlingensis,NT,YES
两栖纲,陈氏角蟾,Xenophrys cheni,NT,YES
两栖纲,东莞角蟾,Xenophrys dongguanensis,NT,YES
两栖纲,南昆山角蟾,Xenophrys nankunensis,NT,YES
两栖纲,雨神角蟾,Xenophrys ombrophila,NT,YES
两栖纲,花细狭口蛙,Kalophrynus interlineatus,NT,NO
两栖纲,大姬蛙,Microhyla fowleri,NT,NO
两栖纲,孟连小姬蛙,Micryletta menglienicus,NT,NO
两栖纲,圆蟾舌蛙,Phrynoglossus martensii,NT,NO
两栖纲,山湍蛙,Amolops monticola,NT,NO
两栖纲,绿点湍蛙,Amolops viridimaculatus,NT,NO
两栖纲,越北臭蛙,Odorrana geminata,NT,NO
两栖纲,棕点湍蛙,Amolops loloensis,NT,YES
两栖纲,察隅湍蛙,Amolops chayuensis,NT,YES
两栖纲,云开湍蛙,Amolops yunkaiensis,NT,YES
两栖纲,逸仙湍蛙,Amolops yatseni,NT,YES
两栖纲,小竹叶蛙,Bamburana exiliversabilis,NT,YES
两栖纲,竹叶蛙,Bamburana versabilis,NT,YES
两栖纲,沼蛙,Boulengerana guentheri,NT,NO
两栖纲,长趾水蛙,Hylarana macrodactyla,NT,NO
两栖纲,台北水蛙,Hylarana taipehensis,NT,NO
两栖纲,胫腺蛙,Liuhurana shuchinae,NT,YES
两栖纲,海南琴蛙,Nidirana hainanensis,NT,YES
两栖纲,无指盘臭蛙,Odorrana grahami,NT,NO
两栖纲,龙胜臭蛙,Odorrana lungshengensis,NT,YES
两栖纲,南江臭蛙,Odorrana nanjiangensis,NT,YES
两栖纲,圆斑臭蛙,Odorrana rotodora,NT,NO
两栖纲,合江臭蛙,Odorrana hejiangensis,NT,YES
两栖纲,宜章臭蛙,Odorrana yizhangensis,NT,YES
两栖纲,北圻臭蛙,Odorrana bacboensis,NT,NO
两栖纲,沧源臭蛙,Odorrana cangyuanensis,NT,YES
两栖纲,墨脱臭蛙,Odorrana zhaoi,NT,YES
两栖纲,贵州臭蛙,Odorrana kweichowensis,NT,YES
两栖纲,福建侧褶蛙,Pelophylax fukienensis,NT,YES
两栖纲,黑斑侧褶蛙,Pelophylax nigromaculatus,NT,NO
两栖纲,中亚侧褶蛙,Pelophylax terentievi,NT,NO
两栖纲,金线侧褶蛙,Pelophylax plancyi,NT,YES
两栖纲,黑龙江林蛙,Rana amurensis,NT,NO
两栖纲,中亚林蛙,Rana asiatica,NT,NO
两栖纲,东北林蛙,Rana dybowskii,NT,NO
两栖纲,借母溪林蛙,Rana jiemuxiensis,NT,YES
两栖纲,桓仁林蛙,Rana huanrenensis,NT,NO
两栖纲,寒露林蛙,Rana hanluica,NT,YES
两栖纲,猫儿山林蛙,Rana maoershanensis,NT,YES
两栖纲,肘腺水蛙,Sylvirana cubitalis,NT,NO
两栖纲,茅索水蛙,Sylvirana maosonensis,NT,NO
两栖纲,海南溪树蛙,Buergeria oxycephala,NT,YES
两栖纲,抚华费树蛙,Feihyla fuhua,NT,NO
两栖纲,黑眼睑纤树蛙,Gracixalus gracilipes,NT,NO
两栖纲,弄岗纤树蛙,Gracixalus nonggangensis,NT,NO
两栖纲,陇川小树蛙,Raorchestes longchuanensis,NT,NO
两栖纲,十万山刘树蛙,Liuixalus shiwandashan,NT,YES
两栖纲,缅甸树蛙,Rhacophorus burmanus,NT,NO
两栖纲,绿背树蛙,Rhacophorus dorsoviridis,NT,NO
两栖纲,侏树蛙,Rhacophorus minimus,NT,YES
两栖纲,黑点树蛙,Rhacophorus nigropunctatus,NT,YES
两栖纲,翡翠树蛙,Rhacophorus prasinatus,NT,YES
两栖纲,白颌大树蛙,Rhacophorus smaragdinus,NT,NO
两栖纲,台北树蛙,Rhacophorus taipeianus,NT,YES
两栖纲,利川树蛙,Rhacophorus wui,NT,YES
两栖纲,疣足树蛙,Rhacophorus verrucopus,NT,YES
两栖纲,屏边树蛙,Rhacophorus duboisi,NT,NO
两栖纲,昭觉树蛙,Rhacophorus hui,NT,YES
两栖纲,丽水树蛙,Rhacophorus lishuiensis,NT,YES
两栖纲,大别山树蛙,Rhacophorus zhoukaiyae,NT,YES
两栖纲,白斑棱皮树蛙,Theloderma albopunctatum,NT,NO
两栖纲,蛙,Theloderma corticale,NT,YES
两栖纲,蛙,Theloderma rhododiscus,NT,NO
两栖纲,威宁趾沟蛙,Pseudorana weiningensis,NT,YES
两栖纲,极北鲵,Salamandrella keyserlingii,LC,NO
两栖纲,黑斑肥螈,Pachytriton brevipes,LC,YES
两栖纲,莫氏肥螈,Pachytriton moi,LC,YES
两栖纲,大蹼铃蟾,Bombina maxima,LC,YES
两栖纲,东方铃蟾,Bombina orientalis,LC,NO
两栖纲,盘谷蟾蜍,Bufo bankorensis,LC,YES
两栖纲,中华蟾蜍,Bufo gargarizans,LC,NO
两栖纲,西藏蟾蜍,Bufo tibetanus,LC,YES
两栖纲,大蟾蜍,Bufo bufo,LC,NO
两栖纲,塔里木蟾蜍,Bufotes pewzowi,LC,NO
两栖纲,隆枕蟾蜍,Duttaphrynus cyphosus,LC,YES
两栖纲,喜山蟾蜍,Duttaphrynus himalayanus,LC,NO
两栖纲,黑眶蟾蜍,Duttaphrynus melanostictus,LC,NO
两栖纲,哀牢溪蟾,Torrentophryne ailaoanus,LC,YES
两栖纲,绿春溪蟾,Torrentophryne luchunnica,LC,YES
两栖纲,高山舌突蛙,Liurana alpina,LC,YES
两栖纲,墨脱舌突蛙,Liurana medogensis,LC,YES
两栖纲,西藏舌突蛙,Liurana xizangensis,LC,YES
两栖纲,泽陆蛙,Fejervarya multistriata,LC,NO
两栖纲,川村陆蛙,Fejervarya kawamurai,LC,NO
两栖纲,高山倭蛙,Nanorana parkeri,LC,NO
两栖纲,倭蛙,Nanorana pleskei,LC,YES
两栖纲,腹斑倭蛙,Nanorana ventripunctata,LC,YES
两栖纲,无斑雨蛙,Dryophytes immaculata,LC,NO
两栖纲,中国雨蛙,Hyla chinensis,LC,NO
两栖纲,华西雨蛙,Hyla gongshanensis,LC,NO
两栖纲,三港雨蛙,Hyla sanchiangensis,LC,YES
两栖纲,华南雨蛙,Hyla simplex,LC,NO
两栖纲,秦岭雨蛙,Hyla tsinlingensis,LC,YES
两栖纲,东北雨蛙,Hyla ussuriensis,LC,NO
两栖纲,沙坪隐耳蟾,Atypannophrys shapingensis,LC,YES
两栖纲,淡肩角蟾,Boulenophrys boettgeri,LC,YES
两栖纲,挂墩角蟾,Boulenophrys kuatunensis,LC,YES
两栖纲,小角蟾,Boulenophrys minor,LC,NO
两栖纲,黄山角蟾,Boulenophrys huangshanensis,LC,YES
两栖纲,瓦屋角蟾,Boulenophrys wawuensis,LC,YES
两栖纲,雷山角蟾,Boulenophrys leishanensis,LC,YES
两栖纲,东方短腿蟾,Megophrys orientalis,LC,NO
两栖纲,平顶短腿蟾,Brachytarsophrys platyparietus,LC,NO
两栖纲,腺刘角蟾,Liuophrys glandulosa,LC,NO
两栖纲,乡城齿蟾,Oreolalax xiangchengensis,LC,YES
两栖纲,福建掌突蟾,Paramegophrys liui,LC,YES
两栖纲,峨山掌突蟾,Paramegophrys oshanensis,LC,YES
两栖纲,腹斑掌突蟾,Paramegophrys ventripunctatus,LC,YES
两栖纲,莽山掌突蟾,Paramegophrys mangshanensis,LC,YES
两栖纲,猫儿山掌突蟾,Paramegophrys maoershanensis,LC,YES
两栖纲,紫棕掌突蟾,Paramegophrys purpurus,LC,YES
两栖纲,腾冲掌突蟾,Paramegophrys tengchongensis,LC,YES
两栖纲,五皇山掌突蟾,Paramegophrys wuhuangmontis,LC,YES
两栖纲,盈江掌突蟾,Paramegophrys yingjiangensis,LC,YES
两栖纲,云开掌突蟾,Paramegophrys yunkaiensis,LC,YES
两栖纲,毕节掌突蟾,Paramegophrys bijie,LC,YES
两栖纲,雪山掌突蟾,Paramegophrys niveimontis,LC,YES
两栖纲,夜神掌突蟾,Paramegophrys nyx,LC,NO
两栖纲,西藏齿突蟾,Scutiger boulengeri,LC,NO
两栖纲,胸腺猫眼蟾,Scutiger glandulatus,LC,YES
两栖纲,刺胸猫眼蟾,Scutiger mammatus,LC,YES
两栖纲,腾冲齿突蟾,Scutiger tengchongensis,LC,YES
两栖纲,井冈山角蟾,Xenophrys jinggangensis,LC,YES
两栖纲,棘指角蟾,Xenophrys spinata,LC,YES
两栖纲,丽水角蟾,Xenophrys lishuiensis,LC,YES
两栖纲,母山角蟾,Xenophrys maosonensis,LC,NO
两栖纲,九连山角蟾,Xenophrys jiulianensis,LC,YES
两栖纲,幕阜山角蟾,Xenophrys mufumontana,LC,YES
两栖纲,南岭角蟾,Xenophrys nanlingensis,LC,YES
两栖纲,舜皇角蟾,Xenophrys shunhuangensis,LC,YES
两栖纲,武功山角蟾,Xenophrys wugongensis,LC,YES
两栖纲,云南小狭口蛙,Calluella yunnanensis,LC,NO
两栖纲,北方狭口蛙,Kaloula borealis,LC,NO
两栖纲,花狭口蛙,Kaloula pulchra,LC,NO
两栖纲,四川狭口蛙,Kaloula rugifera,LC,YES
两栖纲,多疣狭口蛙,Kaloula verrucosa,LC,YES
两栖纲,弄岗狭口蛙,Kaloula nonggangensis,LC,YES
两栖纲,粗皮姬蛙,Microhyla butleri,LC,NO
两栖纲,饰纹姬蛙,Microhyla fissipes,LC,NO
两栖纲,小弧斑姬蛙,Microhyla heymonsi,LC,NO
两栖纲,合征姬蛙,Microhyla mixtura,LC,YES
两栖纲,花姬蛙,Microhyla pulchra,LC,NO
两栖纲,北仑姬蛙,Microhyla beilunensis,LC,YES
两栖纲,穆氏姬蛙,Microhyla mukhlesuri,LC,NO
两栖纲,梵净山姬蛙,Microhyla fanjingshanensis,LC,YES
两栖纲,史氏小姬蛙,Micryletta steinegeri,LC,YES
两栖纲,阿尼桥湍蛙,Amolops aniqiaoensis,LC,YES
两栖纲,崇安湍蛙,Amolops chunganensis,LC,NO
两栖纲,金江湍蛙,Amolops jinjiangensis,LC,YES
两栖纲,理县湍蛙,Amolops lifanensis,LC,YES
两栖纲,四川湍蛙,Amolops mantzorum,LC,NO
两栖纲,墨脱湍蛙,Amolops medogensis,LC,YES
两栖纲,华南湍蛙,Amolops ricketti,LC,NO
两栖纲,小湍蛙,Amolops torrentis,LC,YES
两栖纲,平疣湍蛙,Amolops tuberodepressus,LC,YES
两栖纲,武夷湍蛙,Amolops wuyiensis,LC,YES
两栖纲,林芝湍蛙,Amolops nyingchiensis,LC,YES
两栖纲,文山湍蛙,Amolops wenshanensis,LC,YES
两栖纲,新都桥湍蛙,Amolops xinduqiao,LC,YES
两栖纲,孟定湍蛙,Amolops mengdingensis,LC,YES
两栖纲,水城湍蛙,Amolops shuichengicus,LC,YES
两栖纲,中华湍蛙,Amolops sinensis,LC,YES
两栖纲,滇蛙,Dianrana pleuraden,LC,YES
两栖纲,林琴蛙,Nidirana lini,LC,YES
两栖纲,粤琴蛙,Nidirana guangdongensis,LC,YES
两栖纲,雷山琴蛙,Nidirana leishanensis,LC,YES
两栖纲,孟闻琴蛙,Nidirana mangveni,LC,YES
两栖纲,湘琴蛙,Nidirana xiangica,LC,YES
两栖纲,叶氏琴蛙,Nidirana yeae,LC,YES
两栖纲,凹耳蛙,Bamburana tormota,LC,YES
两栖纲,安子山臭蛙,Odorrana yentuensis,LC,NO
两栖纲,封开臭蛙,Odorrana fengkaiensis,LC,YES
两栖纲,湖北侧褶蛙,Pelophylax hubeiensis,LC,YES
两栖纲,田野林蛙,Rana arvalis,LC,NO
两栖纲,昭觉林蛙,Rana chaochiaoensis,LC,YES
两栖纲,中国林蛙,Rana chensinensis,LC,NO
两栖纲,高原林蛙,Rana kukunoris,LC,YES
两栖纲,长肢林蛙,Rana longicus,LC,YES
两栖纲,峨眉林蛙,Rana omeimontis,LC,YES
两栖纲,镇海林蛙,Rana zhenhaiensis,LC,YES
两栖纲,徂徕林蛙,Rana culaiensis,LC,YES
两栖纲,大别山林蛙,Rana dabieshanensis,LC,YES
两栖纲,日本溪树蛙,Buergeria japonica,LC,NO
两栖纲,壮溪树蛙,Buergeria robusta,LC,YES
两栖纲,背条螳臂树蛙,Chiromantis doriae,LC,NO
两栖纲,侧条费树蛙,Feihyla vittatus,LC,NO
两栖纲,墨脱纤树蛙,Gracixalus medogensis,LC,YES
两栖纲,广东纤树蛙,Gracixalus guangdongensis,LC,YES
两栖纲,云南纤树蛙,Gracixalus yunnanensis,LC,NO
两栖纲,琉球原指树蛙,Kurixalus eiffingeri,LC,NO
两栖纲,面天原指树蛙,Kurixalus idiootocus,LC,YES
两栖纲,锯腿原指树蛙,Kurixalus odontotarsus,LC,NO
两栖纲,海南原指树蛙,Kurixalus hainanus,LC,NO
两栖纲,布氏泛树蛙,Polypedates braueri,LC,NO
两栖纲,斑腿泛树蛙,Polypedates megacephalus,LC,NO
两栖纲,无声囊泛树蛙,Polypedates mutus,LC,NO
两栖纲,凹顶泛树蛙,Polypedates impresus,LC,NO
两栖纲,沧源灌树蛙,Raorchestes cangyuanensis,LC,NO
两栖纲,双斑树蛙,Rhacophorus bipunctatus,LC,NO
两栖纲,经甫树蛙,Rhacophorus chenfui,LC,YES
两栖纲,大树蛙,Rhacophorus dennysi,LC,YES
两栖纲,台湾树蛙,Rhacophorus moltrechti,LC,YES
两栖纲,峨眉树蛙,Rhacophorus omeimontis,LC,NO
两栖纲,红蹼树蛙,Rhacophorus rhodopus,LC,YES
两栖纲,鹦哥岭树蛙,Rhacophorus yinggelingensis,LC,YES
两栖纲,宝兴树蛙,Rhacophorus dugritei,LC,YES
两栖纲,长吻竹叶蛙,Bamburana nasica,LC,NO
两栖纲,台岛臭蛙,Eburana swinhoana,LC,YES
两栖纲,弹琴蛙,Nidirana adenopleura,LC,NO
两栖纲,仙琴蛙,Nidirana daunchina,LC,YES
两栖纲,大绿臭蛙,Odorrana graminea,LC,NO
两栖纲,黄岗臭蛙,Odorrana huanggangensis,LC,YES
两栖纲,绿臭蛙,Odorrana margaretae,LC,NO
两栖纲,花臭蛙,Odorrana schmackeri,LC,NO
两栖纲,天目臭蛙,Odorrana tianmuii,LC,YES
两栖纲,桑植趾沟蛙,Pseudorana sangzhiensis,LC,YES
两栖纲,越南林蛙,Rana johnsi,LC,NO
两栖纲,阔褶水蛙,Sylvirana latouchii,LC,NO
两栖纲,勐腊水蛙,Sylvirana menglaensis,LC,YES
两栖纲,弱唇褶山溪鲵,Batrachuperus cochranae,DD,YES
两栖纲,贵州拟小鲵,Pseudohynobius guizhouensis,DD,YES
两栖纲,高山棘螈,Echinotriton maxiquadratus,DD,YES
两栖纲,南方肥螈,Pachytriton airobranchiatus,DD,YES
两栖纲,茂兰瘰螈,Paramesotriton maolanensis,DD,YES
两栖纲,蔡氏瑶螈,Tylototriton ziegleri,DD,NO
两栖纲,帕米尔蟾蜍,Bufotes taxkorensis,DD,YES
两栖纲,札达蟾蜍,Bufotes zamdaensis,DD,YES
两栖纲,司徒蟾蜍,Duttaphrynus stuarti,DD,NO
两栖纲,缅甸溪蟾,Torrentophryne burmanus,DD,NO
两栖纲,孟连溪蟾,Torrentophryne mengliana,DD,YES
两栖纲,先岛陆蛙,Fejervarya sakishimensis,DD,NO
两栖纲,藏南棘蛙,Maculopaa arunachalensis,DD,NO
两栖纲,隆子棘蛙,Nanorana zhaoermii,DD,YES
两栖纲,罗斯坦棘蛙,Paa rostandi,DD,NO
两栖纲,费氏角蟾,Boulenophrys feii,DD,YES
两栖纲,腾冲拟髭蟾,Leptobrachium tengchongense,DD,YES
两栖纲,魏氏齿蟾,Oreolalax weigoldi,DD,YES
两栖纲,黄腺掌突蟾,Paramegophrys flaviglandulosa,DD,YES
两栖纲,紫腹掌突蟾,Paramegophrys purpuraventra,DD,YES
两栖纲,上思掌突蟾,Paramegophrys shangsiensis,DD,YES
两栖纲,黑石顶角蟾,Xenophrys obesa,DD,YES
两栖纲,荔波角蟾,Xenophrys liboensis,DD,YES
两栖纲,仙居角蟾,Xenophrys xianjuensis,DD,YES
两栖纲,网纹英格蛙,Ingerana reticulata,DD,YES
两栖纲,西域湍蛙,Amolops afghanus,DD,NO
两栖纲,仁更湍蛙,Amolops argus,DD,YES
两栖纲,陈塘湍蛙,Amolops pallasitatus,DD,YES
两栖纲,团结湍蛙,Amolops tuanjieensis,DD,YES
两栖纲,瑶琴蛙,Nidirana yaoica,DD,YES
两栖纲,栾川林蛙,Rana luanchuanensis,DD,YES
两栖纲,黑耳水蛙,Sylvirana nigrotympanica,DD,NO
两栖纲,台湾溪树蛙,Buergeria otai,DD,YES
两栖纲,井冈纤树蛙,Gracixalus jinggangensis,DD,YES
两栖纲,田林纤树蛙,Gracixalus tianlinensis,DD,YES
两栖纲,吻原指树蛙,Kurixalus naso,DD,YES
两栖纲,绿眼原指树蛙,Kurixalus berylliniris,DD,YES
两栖纲,王氏原指树蛙,Kurixalus wangi,DD,YES
两栖纲,杨氏原指树蛙,Kurixalus yangi,DD,NO
两栖纲,肯氏刘树蛙,Liuixalus kempii,DD,YES
两栖纲,费氏刘树蛙,Liuixalus feii,DD,NO
两栖纲,金秀刘树蛙,Liuixalus jinxiuensis,DD,NO
两栖纲,墨脱棱鼻树蛙,Nasutixalus medogensis,DD,YES
两栖纲,盈江棱鼻树蛙,Nasutixalus yingjiangensis,DD,YES
两栖纲,圆疣树蛙,Rhacophorus tuberculatus,DD,NO
两栖纲,平龙树蛙,Rhacophorus pinglongensis,DD,YES
两栖纲,背崩棱皮树蛙,Theloderma baibungensis,DD,YES
两栖纲,棘棱皮树蛙,Theloderma moloch,DD,YES
两栖纲,印支棱皮树蛙,Theloderma gordoni,DD,NO
两栖纲,双色棱皮树蛙,Theloderma bicolor,DD,NO
两栖纲,大耳臭蛙,Odorrana macrotympana,DD,YES
两栖纲,滇螈,Hypselotriton wolterstorffi,EX,YES
两栖纲,琉球棘螈,Echinotriton andersoni,RE,NO
