table,species,field,value,matched_name,via
events,Quasipaa verrucospinosa,CHINA_RED_LIST,VU,Quasipaa verrucospinosa,拉丁名精确(现行名)
events,Bufo bufo,CHINA_RED_LIST,LC,Bufo bufo,拉丁名精确(现行名)
events,Quasipaa robertingeri,CHINA_RED_LIST,VU,Quasipaa robertingeri,拉丁名精确(现行名)
events,Sylvirana latouchii,CHINA_RED_LIST,LC,Sylvirana latouchii,拉丁名精确(现行名)
events,Amolops loloensis,CHINA_RED_LIST,NT,Amolops loloensis,拉丁名精确(现行名)
events,Oligodon catenatus,CHINA_RED_LIST,NT,Oligodon catenatus,拉丁名精确(现行名)
events,Rana dybowskii,CHINA_RED_LIST,NT,Rana dybowskii,拉丁名精确(现行名)
events,Lycodon ruhstrati,CHINA_RED_LIST,LC,Lycodon ruhstrati,拉丁名精确(现行名)
events,Sylvirana nigrotympanica,CHINA_RED_LIST,DD,Sylvirana nigrotympanica,拉丁名精确(现行名)
events,Quasipaa exilispinosa,CHINA_RED_LIST,VU,Quasipaa exilispinosa,拉丁名精确(现行名)
events,Pseudoxenodon karlschmidti,CHINA_RED_LIST,LC,Pseudoxenodon karlschmidti,拉丁名精确(现行名)
events,Rana huanrenensis,CHINA_RED_LIST,NT,Rana huanrenensis,拉丁名精确(现行名)
events,Elaphe porphyracea,CHINA_RED_LIST,LC,Oreocryptophis porphyraceus,中文名精确
events,Orientocoluber spinalis,CHINA_RED_LIST,LC,Orientocoluber spinalis,拉丁名精确(现行名)
events,Plestiodon chinensis,CHINA_RED_LIST,LC,Plestiodon chinensis,拉丁名精确(现行名)
events,Lycodon liuchengchaoi,CHINA_RED_LIST,LC,Lycodon liuchengchaoi,拉丁名精确(现行名)
events,Vibrissaphora boringii,CHINA_RED_LIST,EN,Vibrissaphora boringii,拉丁名精确(现行名)
events,Vibrissaphora boringii,Protection,二级,Vibrissaphora boringii,拉丁名精确(现行名)
events,Amolops torrentis,CHINA_RED_LIST,LC,Amolops torrentis,拉丁名精确(现行名)
events,Brachytarsophrys feae,CHINA_RED_LIST,NT,Brachytarsophrys feae,拉丁名精确(现行名)
events,Leptobrachium hainanense,CHINA_RED_LIST,VU,Leptobrachium hainanense,拉丁名精确(现行名)
events,Gracixalus gracilipes,CHINA_RED_LIST,NT,Gracixalus gracilipes,拉丁名精确(现行名)
events,Rana chaochiaoensis,CHINA_RED_LIST,LC,Rana chaochiaoensis,拉丁名精确(现行名)
events,Hemidactylus garnotii,CHINA_RED_LIST,LC,Hemidactylus garnotii,拉丁名精确(现行名)
events,Hemidactylus frenatus,CHINA_RED_LIST,LC,Hemidactylus frenatus,拉丁名精确(现行名)
events,Trimeresurus sichuanensis,CHINA_RED_LIST,NT,Sinovipera sichuanensis,拉丁名精确(发表名)
events,Gynandropaa yunnanensis,CHINA_RED_LIST,EN,Gynandropaa yunnanensis,拉丁名精确(现行名)
events,Calotes emma,CHINA_RED_LIST,LC,Calotes emma,拉丁名精确(现行名)
events,Dopasia harti,CHINA_RED_LIST,EN,Dopasia harti,拉丁名精确(现行名)
events,Dopasia harti,Protection,二级,Ophisaurus harti,拉丁名精确(发表名)
events,Takydromus sylvaticus,CHINA_RED_LIST,VU,Takydromus sylvaticus,拉丁名精确(现行名)
events,Pareas boulengeri,CHINA_RED_LIST,LC,Pareas boulengeri,拉丁名精确(现行名)
events,Sinomicrurus macclellandi,CHINA_RED_LIST,NT,Sinomicrurus macclellandi,拉丁名精确(现行名)
events,Plestiodon capito,CHINA_RED_LIST,LC,Plestiodon capito,拉丁名精确(现行名)
events,Pseudohynobius tsinpaensis,CHINA_RED_LIST,EN,Liua tsinpaensis,种加词词干
events,Pseudohynobius tsinpaensis,Protection,二级,Liua tsinpaensis,种加词词干
events,Scutiger ningshanensis,CHINA_RED_LIST,EN,Scutiger ningshanensis,拉丁名精确(现行名)
events,Scutiger ningshanensis,Protection,二级,Scutiger ningshanensis,拉丁名精确(现行名)
events,Rhabdophis nuchalis,CHINA_RED_LIST,LC,Rhabdophis nuchalis,拉丁名精确(现行名)
events,Lycodon ruhstrati,CHINA_RED_LIST,LC,Lycodon ruhstrati,拉丁名精确(现行名)
events,Microhyla mixtura,CHINA_RED_LIST,LC,Microhyla mixtura,拉丁名精确(现行名)
events,Ateuchosaurus chinensis,CHINA_RED_LIST,LC,Ateuchosaurus chinensis,拉丁名精确(现行名)
events,Pseudoxenodon karlschmidti,CHINA_RED_LIST,LC,Pseudoxenodon karlschmidti,拉丁名精确(现行名)
events,Polypedates mutus,CHINA_RED_LIST,LC,Polypedates mutus,拉丁名精确(现行名)
events,Nidirana daunchina,CHINA_RED_LIST,LC,Nidirana daunchina,拉丁名精确(现行名)
events,Hebius sauteri,CHINA_RED_LIST,LC,Hebius sauteri,拉丁名精确(现行名)
events,Oligodon lungshenensis,CHINA_RED_LIST,NT,Oligodon lungshenensis,拉丁名精确(现行名)
events,Pseudoxenodon stejnegeri,CHINA_RED_LIST,LC,Pseudoxenodon stejnegeri,拉丁名精确(现行名)
events,Takydromus septentrionalis,CHINA_RED_LIST,LC,Takydromus septentrionalis,拉丁名精确(现行名)
events,Odorrana graminea,CHINA_RED_LIST,LC,Odorrana graminea,拉丁名精确(现行名)
events,Hyla tsinlingensis,CHINA_RED_LIST,LC,Hyla tsinlingensis,拉丁名精确(现行名)
events,Theloderma rhododiscus,CHINA_RED_LIST,NT,Theloderma rhododiscus,拉丁名精确(现行名)
events,Paa rostandi,CHINA_RED_LIST,DD,Paa rostandi,拉丁名精确(现行名)
events,Nanorana pleskei,CHINA_RED_LIST,LC,Nanorana pleskei,拉丁名精确(现行名)
events,Zhangixalus burmanus,CHINA_RED_LIST,NT,Rhacophorus burmanus,拉丁名精确(发表名)
events,Protobothrops mucrosquamatus,CHINA_RED_LIST,LC,Protobothrops mucrosquamatus,拉丁名精确(现行名)
events,Xenophrys maosonensis,CHINA_RED_LIST,LC,Xenophrys maosonensis,拉丁名精确(现行名)
events,Ptyas dhumnades,CHINA_RED_LIST,VU,Ptyas dhumnades,拉丁名精确(现行名)
events,Chelonia mydas,CHINA_RED_LIST,CR,Chelonia mydas,拉丁名精确(现行名)
events,Chelonia mydas,Protection,一级,Chelonia mydas,拉丁名精确(现行名)
events,Plestiodon elegans,CHINA_RED_LIST,LC,Plestiodon elegans,拉丁名精确(现行名)
events,Pelophylax plancyi,CHINA_RED_LIST,NT,Pelophylax plancyi,拉丁名精确(现行名)
events,Boulenophrys tuberogranulatus,CHINA_RED_LIST,VU,Boulenophrys tuberogranulatus,拉丁名精确(现行名)
events,Kurixalus hainanus,CHINA_RED_LIST,LC,Kurixalus hainanus,拉丁名精确(现行名)
events,Lycodon subcinctus,CHINA_RED_LIST,LC,Lycodon subcinctus,拉丁名精确(发表名)
events,Achalinus yunkaiensis,CHINA_RED_LIST,LC,Achalinus yunkaiensis,拉丁名精确(现行名)
events,Pachytriton granulosus,CHINA_RED_LIST,NT,Pachytriton granulosus,拉丁名精确(现行名)
events,Achalinus yunkaiensis,CHINA_RED_LIST,LC,Achalinus yunkaiensis,拉丁名精确(现行名)
events,Rana culaiensis,CHINA_RED_LIST,LC,Rana culaiensis,拉丁名精确(现行名)
events,Eryx miliaris,CHINA_RED_LIST,VU,Eryx miliaris,拉丁名精确(现行名)
events,Eryx miliaris,Protection,二级,Eryx miliaris,拉丁名精确(现行名)
events,Oligodon formosanus,CHINA_RED_LIST,LC,Oligodon formosanus,拉丁名精确(现行名)
events,Takydromus kuehnei,CHINA_RED_LIST,LC,Takydromus kuehnei,拉丁名精确(现行名)
events,Microhyla fissipes,CHINA_RED_LIST,LC,Microhyla fissipes,拉丁名精确(现行名)
events,Lycodon rufozonatus,CHINA_RED_LIST,LC,Lycodon rufozonatus,拉丁名精确(现行名)
events,Diploderma iadinum,CHINA_RED_LIST,DD,Diploderma iadinum,拉丁名精确(现行名)
events,Diploderma vela,CHINA_RED_LIST,VU,Diploderma vela,拉丁名精确(现行名)
events,Diploderma vela,Protection,二级,Diploderma vela,拉丁名精确(现行名)
events,Hynobius maoershanensis,CHINA_RED_LIST,CR,Hynobius maoershanensis,拉丁名精确(现行名)
events,Hynobius maoershanensis,Protection,一级,Hynobius maoershanensis,拉丁名精确(现行名)
events,Paramesotriton longliensis,CHINA_RED_LIST,EN,Paramesotriton longliensis,拉丁名精确(现行名)
events,Paramesotriton longliensis,Protection,二级,Paramesotriton longliensis,拉丁名精确(现行名)
events,Sinomicrurus kelloggi,CHINA_RED_LIST,NT,Sinomicrurus kelloggi,拉丁名精确(现行名)
events,Pseudoxenodon stejnegeri,CHINA_RED_LIST,LC,Pseudoxenodon stejnegeri,拉丁名精确(现行名)
events,Gonyosoma frenatum,CHINA_RED_LIST,LC,Gonyosoma frenatum,拉丁名精确(现行名)
events,Lycodon fasciatus,CHINA_RED_LIST,LC,Lycodon fasciatus,拉丁名精确(现行名)
events,Elaphe carinata,CHINA_RED_LIST,VU,Elaphe carinata,拉丁名精确(现行名)
events,Takydromus sylvaticus,CHINA_RED_LIST,VU,Takydromus sylvaticus,拉丁名精确(现行名)
events,Microhyla mixtura,CHINA_RED_LIST,LC,Microhyla mixtura,拉丁名精确(现行名)
events,Pelophylax hubeiensis,CHINA_RED_LIST,LC,Pelophylax hubeiensis,拉丁名精确(现行名)
events,Sylvirana latouchii,CHINA_RED_LIST,LC,Sylvirana latouchii,拉丁名精确(现行名)
events,Zhangixalus dennysi,CHINA_RED_LIST,LC,Rhacophorus dennysi,拉丁名精确(发表名)
events,Polypedates megacephalus,CHINA_RED_LIST,LC,Polypedates megacephalus,拉丁名精确(现行名)
events,Lepidodactylus lugubris,CHINA_RED_LIST,VU,Lepidodactylus lugubris,拉丁名精确(现行名)
events,Hemiphyllodactylus typus,CHINA_RED_LIST,DD,Hemiphyllodactylus typus,拉丁名精确(现行名)
events,Azemiops feae,CHINA_RED_LIST,VU,Azemiops feae,拉丁名精确(现行名)
events,Plestiodon chinensis,CHINA_RED_LIST,LC,Plestiodon chinensis,拉丁名精确(现行名)
events,Gracixalus guangdongensis,CHINA_RED_LIST,LC,Gracixalus guangdongensis,拉丁名精确(现行名)
events,Odorrana tianmuii,CHINA_RED_LIST,LC,Odorrana tianmuii,拉丁名精确(现行名)
events,Odorrana huanggangensis,CHINA_RED_LIST,LC,Odorrana huanggangensis,拉丁名精确(现行名)
events,Boulenophrys wushanensis,CHINA_RED_LIST,VU,Boulenophrys wushanensis,拉丁名精确(现行名)
events,Sacalia bealei,CHINA_RED_LIST,CR,Sacalia bealei,拉丁名精确(现行名)
events,Sacalia bealei,Protection,二级（仅限野外种群）,Sacalia bealei,拉丁名精确(现行名)
events,Takydromus kuehnei,CHINA_RED_LIST,LC,Takydromus kuehnei,拉丁名精确(现行名)
events,Python molurus bivittatus,Protection,二级（原名“蟒”）,Python bivittatus,中文名精确
events,Gonyosoma prasinum,CHINA_RED_LIST,VU,Gonyosoma prasinum,拉丁名精确(现行名)
events,Pseudoxenodon bambusicola,CHINA_RED_LIST,LC,Pseudoxenodon bambusicola,拉丁名精确(现行名)
events,Oligodon formosanus,CHINA_RED_LIST,LC,Oligodon formosanus,拉丁名精确(现行名)
events,Amolops sinensis,CHINA_RED_LIST,LC,Amolops sinensis,拉丁名精确(现行名)
events,Dibamus bourreti,CHINA_RED_LIST,VU,Dibamus bourreti,拉丁名精确(现行名)
events,Boulenophrys huangshanensis,CHINA_RED_LIST,LC,Boulenophrys huangshanensis,拉丁名精确(现行名)
events,Chirixalus vittatus,CHINA_RED_LIST,LC,Feihyla vittatus,种加词词干
events,Hynobius amjiensis,CHINA_RED_LIST,CR,Hynobius amjiensis,拉丁名精确(现行名)
events,Hynobius amjiensis,Protection,一级,Hynobius amjiensis,拉丁名精确(现行名)
events,Hebius vibakari,CHINA_RED_LIST,VU,Hebius vibakari,拉丁名精确(现行名)
events,Achalinus rufescens,CHINA_RED_LIST,LC,Achalinus rufescens,拉丁名精确(现行名)
events,Sinomicrurus kelloggi,CHINA_RED_LIST,NT,Sinomicrurus kelloggi,拉丁名精确(现行名)
events,Sphenomorphus incognitus,CHINA_RED_LIST,LC,Sphenomorphus incognitus,拉丁名精确(现行名)
events,Nidirana mangveni,CHINA_RED_LIST,LC,Nidirana mangveni,拉丁名精确(现行名)
events,Pachytriton wuguanfui,CHINA_RED_LIST,NT,Pachytriton wuguanfui,拉丁名精确(现行名)
events,Bombina fortinuptialis,CHINA_RED_LIST,VU,Bombina fortinuptialis,拉丁名精确(现行名)
events,Nidirana xiangica,CHINA_RED_LIST,LC,Nidirana xiangica,拉丁名精确(现行名)
events,Theloderma corticale,CHINA_RED_LIST,NT,Theloderma corticale,拉丁名精确(现行名)
events,Ptyas multicinctus,CHINA_RED_LIST,NT,Cyclophiops multicinctus,拉丁名精确(发表名)
events,Zhangixalus leucofasciatus,CHINA_RED_LIST,VU,Rhacophorus leucofasciatus,拉丁名精确(发表名)
events,Hylarana taipehensis,CHINA_RED_LIST,NT,Hylarana taipehensis,拉丁名精确(现行名)
events,Scutiger liupanensis,CHINA_RED_LIST,VU,Scutiger liupanensis,拉丁名精确(现行名)
events,Elaphe zoigeensis,CHINA_RED_LIST,LC,Elaphe zoigeensis,拉丁名精确(现行名)
events,Ingerophrynus ledongensis,CHINA_RED_LIST,EN,Qiongbufo ledongensis,中文名精确
events,Ingerophrynus ledongensis,Protection,二级,Qiongbufo ledongensis,中文名精确
events,Rana longicus,CHINA_RED_LIST,LC,Rana longicus,拉丁名精确(现行名)
events,Lycodon liuchengchaoi,CHINA_RED_LIST,LC,Lycodon liuchengchaoi,拉丁名精确(现行名)
events,Gonyosoma boulengeri,CHINA_RED_LIST,VU,Gonyosoma boulengeri,拉丁名精确(现行名)
events,Gonyosoma boulengeri,Protection,二级,Rhynchophis boulengeri,拉丁名精确(发表名)
events,Chirixalus doriae,CHINA_RED_LIST,LC,Chiromantis doriae,种加词词干
events,Lycodon futsingensis,CHINA_RED_LIST,LC,Lycodon futsingensis,拉丁名精确(现行名)
events,Oligodon bivirgatus,CHINA_RED_LIST,NT,Oligodon catenatus,中文名精确
events,Ovophis tonkinensis,CHINA_RED_LIST,LC,Ovophis tonkinensis,拉丁名精确(现行名)
events,Hebius bitaeniatum,CHINA_RED_LIST,NT,Hebius bitaeniatus,中文名精确
events,Paramegophrys ventripunctatus,CHINA_RED_LIST,LC,Paramegophrys ventripunctatus,拉丁名精确(现行名)
events,Achalinus yunkaiensis,CHINA_RED_LIST,LC,Achalinus yunkaiensis,拉丁名精确(现行名)
events,Theloderma gordoni,CHINA_RED_LIST,DD,Theloderma gordoni,拉丁名精确(现行名)
events,Nidirana leishanensis,CHINA_RED_LIST,LC,Nidirana leishanensis,拉丁名精确(现行名)
events,Ovophis tonkinensis,CHINA_RED_LIST,LC,Ovophis tonkinensis,拉丁名精确(现行名)
events,Rana hanluica,CHINA_RED_LIST,NT,Rana hanluica,拉丁名精确(现行名)
events,Archelaphe bella,CHINA_RED_LIST,VU,Archelaphe bella,拉丁名精确(现行名)
events,Lycodon gongshan,CHINA_RED_LIST,NT,Lycodon gongshan,拉丁名精确(现行名)
events,Xenophrys omeimontis,CHINA_RED_LIST,VU,Xenophrys omeimontis,拉丁名精确(现行名)
events,Lycodon fasciatus,CHINA_RED_LIST,LC,Lycodon fasciatus,拉丁名精确(现行名)
events,Rhabdophis nuchalis,CHINA_RED_LIST,LC,Rhabdophis nuchalis,拉丁名精确(现行名)
events,Sibynophis chinensis,CHINA_RED_LIST,LC,Sibynophis chinensis,拉丁名精确(现行名)
events,Lycodon liuchengchaoi,CHINA_RED_LIST,LC,Lycodon liuchengchaoi,拉丁名精确(现行名)
events,Scincella modesta,CHINA_RED_LIST,LC,Scincella modesta,拉丁名精确(现行名)
events,Diploderma micangshanense,CHINA_RED_LIST,LC,Diploderma micangshanense,拉丁名精确(现行名)
events,Micryletta inornata,CHINA_RED_LIST,VU,Micryletta inornata,拉丁名精确(现行名)
events,Theloderma albopunctatum,CHINA_RED_LIST,NT,Theloderma albopunctatum,拉丁名精确(现行名)
events,Boiga kraepelini,CHINA_RED_LIST,LC,Boiga kraepelini,拉丁名精确(现行名)
events,Theloderma rhododiscus,CHINA_RED_LIST,NT,Theloderma rhododiscus,拉丁名精确(现行名)
events,Odorrana jingdongensis,CHINA_RED_LIST,VU,Odorrana jingdongensis,拉丁名精确(现行名)
events,Tropidophorus hainanus,CHINA_RED_LIST,LC,Tropidophorus hainanus,拉丁名精确(现行名)
events,Odorrana yizhangensis,CHINA_RED_LIST,NT,Odorrana yizhangensis,拉丁名精确(现行名)
events,Zhangixalus leucofasciatus,CHINA_RED_LIST,VU,Rhacophorus leucofasciatus,拉丁名精确(发表名)
events,Boulenophrys brachykolos,CHINA_RED_LIST,VU,Boulenophrys brachykolos,拉丁名精确(现行名)
events,Brachytarsophrys chuannanensis,CHINA_RED_LIST,NT,Brachytarsophrys chuannanensis,拉丁名精确(现行名)
events,Plestiodon capito,CHINA_RED_LIST,LC,Plestiodon capito,拉丁名精确(现行名)
events,Quasipaa robertingeri,CHINA_RED_LIST,VU,Quasipaa robertingeri,拉丁名精确(现行名)
events,Bungarus fasciatus,CHINA_RED_LIST,EN,Bungarus fasciatus,拉丁名精确(现行名)
events,Bufo stejnegeri,CHINA_RED_LIST,VU,Bufo stejnegeri,拉丁名精确(现行名)
events,Bufo stejnegeri,Protection,二级,Bufo stejnegeri,拉丁名精确(现行名)
events,Pareas hamptoni,CHINA_RED_LIST,NT,Pareas hamptoni,拉丁名精确(现行名)
events,Rana longicus,CHINA_RED_LIST,LC,Rana longicus,拉丁名精确(现行名)
events,Pseudoxenodon macrops,CHINA_RED_LIST,LC,Pseudoxenodon macrops,拉丁名精确(现行名)
events,Boulenophrys caudoprocta,CHINA_RED_LIST,EN,Xenophrys caudoprocta,中文名精确
events,Odorrana graminea,CHINA_RED_LIST,LC,Odorrana graminea,拉丁名精确(现行名)
events,Takydromus intermedius,CHINA_RED_LIST,NT,Takydromus intermedius,拉丁名精确(现行名)
events,Lycodon liuchengchaoi,CHINA_RED_LIST,LC,Lycodon liuchengchaoi,拉丁名精确(现行名)
events,Trimeresurus sichuanensis,CHINA_RED_LIST,NT,Sinovipera sichuanensis,种加词词干
events,Lycodon liuchengchaoi,CHINA_RED_LIST,LC,Lycodon liuchengchaoi,拉丁名精确(现行名)
events,Zhangixalus minimus,CHINA_RED_LIST,NT,Rhacophorus minimus,拉丁名精确(发表名)
events,Paramegophrys oshanensis,CHINA_RED_LIST,LC,Paramegophrys oshanensis,拉丁名精确(现行名)
events,Zhangixalus leucofasciatus,CHINA_RED_LIST,VU,Rhacophorus leucofasciatus,拉丁名精确(发表名)
events,Tropidophorus guangxiensis,CHINA_RED_LIST,NT,Tropidophorus guangxiensis,拉丁名精确(现行名)
events,Nidirana leishanensis,CHINA_RED_LIST,LC,Nidirana leishanensis,拉丁名精确(现行名)
events,Rana coreana,CHINA_RED_LIST,VU,Rana coreana,拉丁名精确(现行名)
events,Takydromus wolteri,CHINA_RED_LIST,LC,Takydromus wolteri,拉丁名精确(现行名)
events,Calamaria septentrionalis,CHINA_RED_LIST,LC,Calamaria septentrionalis,拉丁名精确(现行名)
events,Elaphe bimaculata,CHINA_RED_LIST,NT,Elaphe bimaculata,拉丁名精确(现行名)
events,Odorrana wuchuanensis,CHINA_RED_LIST,VU,Odorrana wuchuanensis,拉丁名精确(现行名)
events,Odorrana wuchuanensis,Protection,二级,Odorrana wuchuanensis,拉丁名精确(现行名)
events,Diploderma yulongense,CHINA_RED_LIST,DD,Diploderma yulongense,拉丁名精确(现行名)
events,Lycodon gongshan,CHINA_RED_LIST,NT,Lycodon gongshan,拉丁名精确(现行名)
events,Gloydius cognatus,CHINA_RED_LIST,NT,Gloydius cognatus,拉丁名精确(现行名)
events,Psammodynastes pulverulentus,CHINA_RED_LIST,LC,Psammodynastes pulverulentus,拉丁名精确(现行名)
events,Archelaphe bella,CHINA_RED_LIST,VU,Archelaphe bella,拉丁名精确(现行名)
events,Gloydius intermedius,CHINA_RED_LIST,NT,Gloydius intermedius,拉丁名精确(现行名)
events,Lycodon liuchengchaoi,CHINA_RED_LIST,LC,Lycodon liuchengchaoi,拉丁名精确(现行名)
events,Gonyosoma frenatum,CHINA_RED_LIST,LC,Gonyosoma frenatum,拉丁名精确(现行名)
events,Odorrana margaretae,CHINA_RED_LIST,LC,Odorrana margaretae,拉丁名精确(现行名)
events,Odorrana kuangwuensis,CHINA_RED_LIST,VU,Odorrana kuangwuensis,拉丁名精确(现行名)
events,Pelophylax nigromaculatus,CHINA_RED_LIST,NT,Pelophylax nigromaculatus,拉丁名精确(现行名)
events,Oreolalax rhodostigmatus,CHINA_RED_LIST,VU,Oreolalax rhodostigmatus,拉丁名精确(现行名)
events,Varanus irrawadicus,CHINA_RED_LIST,CR,Varanus irrawadicus,拉丁名精确(发表名)
events,Paramegophrys sangi,CHINA_RED_LIST,EN,Paramegophrys sangi,拉丁名精确(现行名)
events,Gonyosoma boulengeri,CHINA_RED_LIST,VU,Gonyosoma boulengeri,拉丁名精确(现行名)
events,Gonyosoma boulengeri,Protection,二级,Rhynchophis boulengeri,拉丁名精确(发表名)
events,Kaloula nonggangensis,CHINA_RED_LIST,LC,Kaloula nonggangensis,拉丁名精确(现行名)
events,Eremias velox,CHINA_RED_LIST,LC,Eremias velox,拉丁名精确(现行名)
events,Hemiphyllodactylus hongkongensis,CHINA_RED_LIST,VU,Hemiphyllodactylus hongkongensis,拉丁名精确(现行名)
events,Quasipaa exilispinosa,CHINA_RED_LIST,VU,Quasipaa exilispinosa,拉丁名精确(现行名)
events,Lycodon liuchengchaoi,CHINA_RED_LIST,LC,Lycodon liuchengchaoi,拉丁名精确(现行名)
events,Duttaphrynus melanostictus,CHINA_RED_LIST,LC,Duttaphrynus melanostictus,拉丁名精确(现行名)
events,Lycodon gongshan,CHINA_RED_LIST,NT,Lycodon gongshan,拉丁名精确(现行名)
events,Paramesotriton aurantius,CHINA_RED_LIST,NT,Paramesotriton aurantius,拉丁名精确(现行名)
events,Paramesotriton aurantius,Protection,二级,Paramesotriton aurantius,拉丁名精确(现行名)
events,Glyphoglossus yunnanensis,CHINA_RED_LIST,LC,Calluella yunnanensis,中文名精确
events,Opisthotropis zhaoermii,CHINA_RED_LIST,LC,Opisthotropis zhaoermii,拉丁名精确(现行名)
events,Odorrana yizhangensis,CHINA_RED_LIST,NT,Odorrana yizhangensis,拉丁名精确(现行名)
events,Hebius atemporale,CHINA_RED_LIST,NT,Hebius atemporalis,拉丁名精确(发表名)
events,Oligodon lungshenensis,CHINA_RED_LIST,NT,Oligodon lungshenensis,拉丁名精确(现行名)
events,Odorrana kweichowensis,CHINA_RED_LIST,NT,Odorrana kweichowensis,拉丁名精确(现行名)
events,Boulenophrys caudoprocta,CHINA_RED_LIST,EN,Xenophrys caudoprocta,中文名精确
events,Eremias vermiculata,CHINA_RED_LIST,LC,Eremias vermiculata,拉丁名精确(现行名)
events,Torrentophryne aspinia,CHINA_RED_LIST,VU,Torrentophryne aspinia,拉丁名精确(现行名)
events,Torrentophryne aspinia,Protection,二级,Bufo aspinius,中文名精确
events,Paramegophrys yunkaiensis,CHINA_RED_LIST,LC,Paramegophrys yunkaiensis,拉丁名精确(现行名)
events,Paramegophrys yunkaiensis,CHINA_RED_LIST,LC,Paramegophrys yunkaiensis,拉丁名精确(现行名)
events,Odorrana bacboensis,CHINA_RED_LIST,NT,Odorrana bacboensis,拉丁名精确(现行名)
events,Odorrana bacboensis,CHINA_RED_LIST,NT,Odorrana bacboensis,拉丁名精确(现行名)
events,Paramesotriton longliensis,CHINA_RED_LIST,EN,Paramesotriton longliensis,拉丁名精确(现行名)
events,Paramesotriton longliensis,Protection,二级,Paramesotriton longliensis,拉丁名精确(现行名)
events,Zhangixalus dennysi,CHINA_RED_LIST,LC,Rhacophorus dennysi,中文名精确
events,Odorrana tianmuii,CHINA_RED_LIST,LC,Odorrana tianmuii,拉丁名精确(现行名)
events,Ovophis monticola,CHINA_RED_LIST,LC,Ovophis monticola,拉丁名精确(现行名)
events,Ovophis monticola,CHINA_RED_LIST,LC,Ovophis monticola,拉丁名精确(现行名)
events,Ovophis monticola,CHINA_RED_LIST,LC,Ovophis monticola,拉丁名精确(现行名)
events,Ovophis monticola,CHINA_RED_LIST,LC,Ovophis monticola,拉丁名精确(现行名)
events,Ovophis monticola,CHINA_RED_LIST,LC,Ovophis monticola,拉丁名精确(现行名)
events,Ovophis monticola,CHINA_RED_LIST,LC,Ovophis monticola,拉丁名精确(现行名)
events,Ovophis zayuensis,CHINA_RED_LIST,NT,Ovophis zayuensis,拉丁名精确(现行名)
events,Ovophis zayuensis,CHINA_RED_LIST,NT,Ovophis zayuensis,拉丁名精确(现行名)
events,Ovophis zayuensis,CHINA_RED_LIST,NT,Ovophis zayuensis,拉丁名精确(现行名)
events,Ovophis zayuensis,CHINA_RED_LIST,NT,Ovophis zayuensis,拉丁名精确(现行名)
events,Ovophis zayuensis,CHINA_RED_LIST,NT,Ovophis zayuensis,拉丁名精确(现行名)
events,Ovophis tonkinensis,CHINA_RED_LIST,LC,Ovophis tonkinensis,拉丁名精确(现行名)
events,Amolops pallasitatus,CHINA_RED_LIST,DD,Amolops pallasitatus,拉丁名精确(现行名)
events,Theloderma moloch,CHINA_RED_LIST,DD,Theloderma moloch,拉丁名精确(现行名)
events,Sphenomorphus tonkinensis,CHINA_RED_LIST,LC,Sphenomorphus tonkinensis,拉丁名精确(现行名)
events,Sphenomorphus tonkinensis,CHINA_RED_LIST,LC,Sphenomorphus tonkinensis,拉丁名精确(现行名)
events,Sphenomorphus tonkinensis,CHINA_RED_LIST,LC,Sphenomorphus tonkinensis,拉丁名精确(现行名)
events,Paramesotriton labiatus,CHINA_RED_LIST,VU,Paramesotriton labiatus,拉丁名精确(现行名)
events,Paramesotriton labiatus,Protection,二级,Paramesotriton labiatus,拉丁名精确(现行名)
events,Kaloula borealis,CHINA_RED_LIST,LC,Kaloula borealis,拉丁名精确(现行名)
events,Rana jiemuxiensis,CHINA_RED_LIST,NT,Rana jiemuxiensis,拉丁名精确(现行名)
events,Stichophanes ningshaanensis,CHINA_RED_LIST,NT,Stichophanes ningshaanensis,拉丁名精确(现行名)
events,Euprepiophis perlaceus,CHINA_RED_LIST,EN,Euprepiophis perlaceus,拉丁名精确(现行名)
events,Euprepiophis perlaceus,Protection,二级,Euprepiophis perlaceus,拉丁名精确(现行名)
events,Leptobrachium bompu,CHINA_RED_LIST,VU,Leptobrachium bompu,拉丁名精确(现行名)
events,Liurana xizangensis,CHINA_RED_LIST,LC,Liurana xizangensis,拉丁名精确(现行名)
events,Liurana alpina,CHINA_RED_LIST,LC,Liurana alpina,拉丁名精确(现行名)
events,Paramesotriton deloustali,CHINA_RED_LIST,VU,Paramesotriton deloustali,拉丁名精确(现行名)
events,Paramesotriton deloustali,Protection,二级,Paramesotriton deloustali,拉丁名精确(现行名)
events,Theloderma bicolor,CHINA_RED_LIST,DD,Theloderma bicolor,拉丁名精确(现行名)
events,Theloderma albopunctatum,CHINA_RED_LIST,NT,Theloderma albopunctatum,拉丁名精确(现行名)
events,Hemidactylus garnotii,CHINA_RED_LIST,LC,Hemidactylus garnotii,拉丁名精确(现行名)
events,Hemiphyllodactylus hongkongensis,CHINA_RED_LIST,VU,Hemiphyllodactylus hongkongensis,拉丁名精确(现行名)
events,Hemiphyllodactylus dushanensis,CHINA_RED_LIST,DD,Hemiphyllodactylus dushanensis,拉丁名精确(现行名)
events,Laudakia stoliczkana,CHINA_RED_LIST,NT,Laudakia stoliczkana,拉丁名精确(现行名)
events,Tropidophorus sinicus,CHINA_RED_LIST,LC,Tropidophorus sinicus,拉丁名精确(现行名)
events,Calotes versicolor,CHINA_RED_LIST,LC,Calotes versicolor,拉丁名精确(发表名)
events,Pareas hamptoni,CHINA_RED_LIST,NT,Pareas hamptoni,拉丁名精确(现行名)
events,Pareas stanleyi,CHINA_RED_LIST,LC,Pareas stanleyi,拉丁名精确(现行名)
events,Lycodon fasciatus,CHINA_RED_LIST,LC,Lycodon fasciatus,拉丁名精确(现行名)
events,Ptyas nigromarginata,CHINA_RED_LIST,NT,Ptyas nigromarginata,拉丁名精确(现行名)
events,Psammodynastes pulverulentus,CHINA_RED_LIST,LC,Psammodynastes pulverulentus,拉丁名精确(现行名)
events,Plagiopholis styani,CHINA_RED_LIST,LC,Plagiopholis styani,拉丁名精确(现行名)
events,Tropidophorus berdmorei,CHINA_RED_LIST,LC,Tropidophorus berdmorei,拉丁名精确(现行名)
events,Yaotriton asperrimus,CHINA_RED_LIST,NT,Yaotriton asperrimus,拉丁名精确(现行名)
events,Yaotriton asperrimus,Protection,二级（原名“细痣疣螈”）,Yaotriton asperrimus,拉丁名精确(现行名)
events,Boulenophrys boettgeri,CHINA_RED_LIST,LC,Boulenophrys boettgeri,拉丁名精确(现行名)
events,Boulenophrys brachykolos,CHINA_RED_LIST,VU,Boulenophrys brachykolos,拉丁名精确(现行名)
events,Tylototriton ziegleri,CHINA_RED_LIST,DD,Tylototriton ziegleri,拉丁名精确(现行名)
events,Tylototriton ziegleri,Protection,二级,Yaotriton ziegleri,种加词词干
events,Protobothrops dabieshanensis,CHINA_RED_LIST,NT,Protobothrops dabieshanensis,拉丁名精确(现行名)
events,Torrentophryne cryptotympanicus,CHINA_RED_LIST,NT,Torrentophryne cryptotympanicus,拉丁名精确(现行名)
events,Odorrana lungshengensis,CHINA_RED_LIST,NT,Odorrana lungshengensis,拉丁名精确(现行名)
events,Hebius vibakari,CHINA_RED_LIST,VU,Hebius vibakari,拉丁名精确(现行名)
events,Sibynophis chinensis,CHINA_RED_LIST,LC,Sibynophis chinensis,拉丁名精确(现行名)
events,Eremias brenchleyi,CHINA_RED_LIST,LC,Eremias brenchleyi,拉丁名精确(现行名)
events,Diploderma batangense,CHINA_RED_LIST,VU,Diploderma batangense,拉丁名精确(现行名)
events,Diploderma batangense,Protection,二级,Diploderma batangense,拉丁名精确(现行名)
events,Diploderma micangshanense,CHINA_RED_LIST,LC,Diploderma micangshanense,拉丁名精确(现行名)
events,Batrachuperus karlschmidti,CHINA_RED_LIST,VU,Batrachuperus karlschmidti,拉丁名精确(现行名)
events,Batrachuperus karlschmidti,Protection,二级,Batrachuperus karlschmidti,拉丁名精确(现行名)
events,Scincella modesta,CHINA_RED_LIST,LC,Scincella modesta,拉丁名精确(现行名)
events,Oligodon lungshenensis,CHINA_RED_LIST,NT,Oligodon lungshenensis,拉丁名精确(现行名)
events,Sibynophis chinensis,CHINA_RED_LIST,LC,Sibynophis chinensis,拉丁名精确(现行名)
events,Paramegophrys alpinus,CHINA_RED_LIST,EN,Paramegophrys alpinus,拉丁名精确(现行名)
events,Boulenophrys jingdongensis,CHINA_RED_LIST,NT,Xenophrys jingdongensis,中文名精确
events,Protobothrops xiangchengensis,CHINA_RED_LIST,VU,Protobothrops xiangchengensis,拉丁名精确(现行名)
events,Achalinus rufescens,CHINA_RED_LIST,LC,Achalinus rufescens,拉丁名精确(现行名)
events,Achalinus spinalis,CHINA_RED_LIST,LC,Achalinus spinalis,拉丁名精确(现行名)
events,Rana johnsi,CHINA_RED_LIST,LC,Rana johnsi,拉丁名精确(现行名)
events,Lycodon ruhstrati,CHINA_RED_LIST,LC,Lycodon ruhstrati,拉丁名精确(现行名)
events,Paramegophrys tengchongensis,CHINA_RED_LIST,LC,Paramegophrys tengchongensis,拉丁名精确(现行名)
events,Rhacophorus rhodopus,CHINA_RED_LIST,LC,Rhacophorus rhodopus,拉丁名精确(现行名)
events,Elaphe carinata,CHINA_RED_LIST,VU,Elaphe carinata,拉丁名精确(现行名)
events,Ptyas major,CHINA_RED_LIST,LC,Cyclophiops major,拉丁名精确(发表名)
events,Paramesotriton chinensis,CHINA_RED_LIST,NT,Paramesotriton chinensis,拉丁名精确(现行名)
events,Paramesotriton chinensis,Protection,二级,Paramesotriton chinensis,拉丁名精确(现行名)
events,Paramesotriton caudopunctatus,CHINA_RED_LIST,VU,Paramesotriton caudopunctatus,拉丁名精确(现行名)
events,Paramesotriton caudopunctatus,Protection,二级,Paramesotriton caudopunctatus,拉丁名精确(现行名)
events,Boiga kraepelini,CHINA_RED_LIST,LC,Boiga kraepelini,拉丁名精确(现行名)
events,Lycodon fasciatus,CHINA_RED_LIST,LC,Lycodon fasciatus,拉丁名精确(现行名)
events,Lycodon ruhstrati,CHINA_RED_LIST,LC,Lycodon ruhstrati,拉丁名精确(现行名)
events,Plagiopholis styani,CHINA_RED_LIST,LC,Plagiopholis styani,拉丁名精确(现行名)
events,Yaotriton asperrimus,CHINA_RED_LIST,NT,Yaotriton asperrimus,拉丁名精确(现行名)
events,Yaotriton asperrimus,Protection,二级（原名“细痣疣螈”）,Yaotriton asperrimus,拉丁名精确(现行名)
events,Zhangixalus nigropunctatus,CHINA_RED_LIST,NT,Rhacophorus nigropunctatus,拉丁名精确(发表名)
events,Boulenophrys acuta,CHINA_RED_LIST,EN,Xenophrys acuta,中文名精确
events,Testudo horsfieldii,CHINA_RED_LIST,CR,Testudo horsfieldii,拉丁名精确(现行名)
events,Testudo horsfieldii,Protection,一级,Testudo horsfieldi,拉丁名精确(现行名)
events,Rana hanluica,CHINA_RED_LIST,NT,Rana hanluica,拉丁名精确(现行名)
events,Protobothrops cornutus,CHINA_RED_LIST,EN,Protobothrops cornutus,拉丁名精确(现行名)
events,Protobothrops cornutus,Protection,二级,Protobothrops cornutus,拉丁名精确(现行名)
events,Amolops sinensis,CHINA_RED_LIST,LC,Amolops sinensis,拉丁名精确(现行名)
events,Boulenophrys sangzhiensis,CHINA_RED_LIST,EN,Xenophrys sangzhiensis,中文名精确
events,Oligodon lungshenensis,CHINA_RED_LIST,NT,Oligodon lungshenensis,拉丁名精确(现行名)
events,Gloydius intermedius,CHINA_RED_LIST,NT,Gloydius intermedius,拉丁名精确(现行名)
events,Scincella huanrenensis,CHINA_RED_LIST,VU,Scincella huanrenensis,拉丁名精确(现行名)
events,Scincella huanrenensis,Protection,二级,Scincella huanrenensis,拉丁名精确(现行名)
events,Alsophylax przewalskii,CHINA_RED_LIST,VU,Alsophylax przewalskii,拉丁名精确(现行名)
events,Sphenomorphus incognitus,CHINA_RED_LIST,LC,Sphenomorphus incognitus,拉丁名精确(现行名)
events,Lycodon futsingensis,CHINA_RED_LIST,LC,Lycodon futsingensis,拉丁名精确(现行名)
events,Paramegophrys ventripunctatus,CHINA_RED_LIST,LC,Paramegophrys ventripunctatus,拉丁名精确(现行名)
events,Azemiops feae,CHINA_RED_LIST,VU,Azemiops feae,拉丁名精确(现行名)
events,Sphenomorphus incognitus,CHINA_RED_LIST,LC,Sphenomorphus incognitus,拉丁名精确(现行名)
events,Sphenomorphus incognitus,CHINA_RED_LIST,LC,Sphenomorphus incognitus,拉丁名精确(现行名)
events,Xenophrys medogensis,CHINA_RED_LIST,EN,Xenophrys medogensis,拉丁名精确(现行名)
events,Takydromus septentrionalis,CHINA_RED_LIST,LC,Takydromus septentrionalis,拉丁名精确(现行名)
events,Zhangixalus lishuiensis,CHINA_RED_LIST,NT,Rhacophorus lishuiensis,拉丁名精确(发表名)
events,Odorrana yizhangensis,CHINA_RED_LIST,NT,Odorrana yizhangensis,拉丁名精确(现行名)
events,Hemidactylus garnotii,CHINA_RED_LIST,LC,Hemidactylus garnotii,拉丁名精确(现行名)
events,Amolops chunganensis,CHINA_RED_LIST,LC,Amolops chunganensis,拉丁名精确(现行名)
events,Bamburana tormota,CHINA_RED_LIST,LC,Bamburana tormota,拉丁名精确(现行名)
events,Odorrana yizhangensis,CHINA_RED_LIST,NT,Odorrana yizhangensis,拉丁名精确(现行名)
events,Sibynophis chinensis,CHINA_RED_LIST,LC,Sibynophis chinensis,拉丁名精确(现行名)
events,Odorrana wuchuanensis,CHINA_RED_LIST,VU,Odorrana wuchuanensis,拉丁名精确(现行名)
events,Odorrana wuchuanensis,Protection,二级,Odorrana wuchuanensis,拉丁名精确(现行名)
events,Pareas stanleyi,CHINA_RED_LIST,LC,Pareas stanleyi,拉丁名精确(现行名)
events,Sphenomorphus maculatus,CHINA_RED_LIST,LC,Sphenomorphus maculatus,拉丁名精确(现行名)
events,Sphenomorphus maculatus,CHINA_RED_LIST,LC,Sphenomorphus maculatus,拉丁名精确(现行名)
events,Trimeresurus popeiorum,CHINA_RED_LIST,LC,Popeia popeorum,中文名精确
events,Bamburana tormota,CHINA_RED_LIST,LC,Bamburana tormota,拉丁名精确(现行名)
events,Rana hanluica,CHINA_RED_LIST,NT,Rana hanluica,拉丁名精确(现行名)
events,Tropidophorus hainanus,CHINA_RED_LIST,LC,Tropidophorus hainanus,拉丁名精确(现行名)
events,Lycodon fasciatus,CHINA_RED_LIST,LC,Lycodon fasciatus,拉丁名精确(现行名)
events,Lycodon futsingensis,CHINA_RED_LIST,LC,Lycodon futsingensis,拉丁名精确(现行名)
events,Lycodon futsingensis,CHINA_RED_LIST,LC,Lycodon futsingensis,拉丁名精确(现行名)
events,Lycodon futsingensis,CHINA_RED_LIST,LC,Lycodon futsingensis,拉丁名精确(现行名)
events,Rana sangzhiensis,CHINA_RED_LIST,LC,Pseudorana sangzhiensis,中文名精确
events,Opisthotropis zhaoermii,CHINA_RED_LIST,LC,Opisthotropis zhaoermii,拉丁名精确(现行名)
events,Theloderma gordoni,CHINA_RED_LIST,DD,Theloderma gordoni,拉丁名精确(现行名)
events,Paramesotriton chinensis,CHINA_RED_LIST,NT,Paramesotriton chinensis,拉丁名精确(现行名)
events,Paramesotriton chinensis,Protection,二级,Paramesotriton chinensis,拉丁名精确(现行名)
events,Gonyosoma frenatum,CHINA_RED_LIST,LC,Gonyosoma frenatum,拉丁名精确(现行名)
events,Elaphe moellendorffi,CHINA_RED_LIST,VU,Elaphe moellendorffi,拉丁名精确(现行名)
events,Liurana medogensis,CHINA_RED_LIST,LC,Liurana medogensis,拉丁名精确(现行名)
events,Hebius bitaeniatum,CHINA_RED_LIST,NT,Hebius bitaeniatus,中文名精确
events,Bamburana tormota,CHINA_RED_LIST,LC,Bamburana tormota,拉丁名精确(现行名)
events,Rana hanluica,CHINA_RED_LIST,NT,Rana hanluica,拉丁名精确(现行名)
events,Odorrana lungshengensis,CHINA_RED_LIST,NT,Odorrana lungshengensis,拉丁名精确(现行名)
events,Amolops chunganensis,CHINA_RED_LIST,LC,Amolops chunganensis,拉丁名精确(现行名)
events,Tropidophorus hainanus,CHINA_RED_LIST,LC,Tropidophorus hainanus,拉丁名精确(现行名)
events,Hebius bitaeniatum,CHINA_RED_LIST,NT,Hebius bitaeniatus,中文名精确
events,Odorrana huanggangensis,CHINA_RED_LIST,LC,Odorrana huanggangensis,拉丁名精确(现行名)
events,Amolops sinensis,CHINA_RED_LIST,LC,Amolops sinensis,拉丁名精确(现行名)
events,Amolops chayuensis,CHINA_RED_LIST,NT,Amolops chayuensis,拉丁名精确(现行名)
events,Microhyla heymonsi,CHINA_RED_LIST,LC,Microhyla heymonsi,拉丁名精确(现行名)
events,Rana longicus,CHINA_RED_LIST,LC,Rana longicus,拉丁名精确(现行名)
events,Takydromus kuehnei,CHINA_RED_LIST,LC,Takydromus kuehnei,拉丁名精确(现行名)
events,Achalinus yunkaiensis,CHINA_RED_LIST,LC,Achalinus yunkaiensis,拉丁名精确(现行名)
events,Quasipaa robertingeri,CHINA_RED_LIST,VU,Quasipaa robertingeri,拉丁名精确(现行名)
events,Odorrana hejiangensis,CHINA_RED_LIST,NT,Odorrana hejiangensis,拉丁名精确(现行名)
events,Odorrana kuangwuensis,CHINA_RED_LIST,VU,Odorrana kuangwuensis,拉丁名精确(现行名)
events,Odorrana nanjiangensis,CHINA_RED_LIST,NT,Odorrana nanjiangensis,拉丁名精确(现行名)
events,Odorrana wuchuanensis,CHINA_RED_LIST,VU,Odorrana wuchuanensis,拉丁名精确(现行名)
events,Odorrana wuchuanensis,Protection,二级,Odorrana wuchuanensis,拉丁名精确(现行名)
events,Teratoscincus przewalskii,CHINA_RED_LIST,NT,Teratoscincus przewalskii,拉丁名精确(现行名)
new_species,Goniurosaurus yingdeensis,CHINA_RED_LIST,CR,Goniurosaurus yingdeensis,拉丁名精确(现行名)
new_species,Goniurosaurus yingdeensis,Protection,二级,Goniurosaurus yingdeensis,拉丁名精确(现行名)
new_species,Boulenophrys ombrophila,CHINA_RED_LIST,NT,Xenophrys ombrophila,中文名精确
new_species,Xenophrys lishuiensis,CHINA_RED_LIST,LC,Xenophrys lishuiensis,拉丁名精确(发表名)
new_species,Rana coreana,CHINA_RED_LIST,VU,Rana coreana,拉丁名精确(现行名)
new_species,Gloydius lijianlii,CHINA_RED_LIST,VU,Gloydius lijianlii,拉丁名精确(现行名)
new_species,Nasutixalus medogensis,CHINA_RED_LIST,DD,Nasutixalus medogensis,拉丁名精确(现行名)
new_species,Cynops fudingensis,CHINA_RED_LIST,VU,Cynops fudingensis,拉丁名精确(现行名)
new_species,Cyrtodactylus tibetanus,CHINA_RED_LIST,LC,Cyrtodactylus tibetanus,拉丁名精确(现行名)
new_species,Diploderma splendidum,CHINA_RED_LIST,LC,Diploderma splendidum,拉丁名精确(现行名)
new_species,Yerana yei,CHINA_RED_LIST,VU,Yerana yei,拉丁名精确(现行名)
new_species,Yerana yei,Protection,二级,Yerana yei,拉丁名精确(现行名)
new_species,Pseudohynobius jinfo,CHINA_RED_LIST,CR,Pseudohynobius jinfo,拉丁名精确(现行名)
new_species,Pseudohynobius jinfo,Protection,二级,Pseudohynobius jinfo,拉丁名精确(现行名)
new_species,Diploderma vela,CHINA_RED_LIST,VU,Diploderma vela,拉丁名精确(现行名)
new_species,Diploderma vela,Protection,二级,Diploderma vela,拉丁名精确(现行名)
new_species,Kurixalus yangi,CHINA_RED_LIST,DD,Kurixalus yangi,拉丁名精确(现行名)
new_species,Paramesotriton maolanensis,CHINA_RED_LIST,DD,Paramesotriton maolanensis,拉丁名精确(现行名)
new_species,Paramesotriton maolanensis,Protection,二级,Paramesotriton maolanensis,拉丁名精确(现行名)
new_species,Rana dabieshanensis,CHINA_RED_LIST,LC,Rana dabieshanensis,拉丁名精确(现行名)
new_species,Scutiger tengchongensis,CHINA_RED_LIST,LC,Scutiger tengchongensis,拉丁名精确(现行名)
new_species,Amolops mengdingensis,CHINA_RED_LIST,LC,Amolops mengdingensis,拉丁名精确(现行名)
new_species,Liurana vallecula,CHINA_RED_LIST,NT,Liurana vallecula,拉丁名精确(现行名)
new_species,Boulenophrys binlingensis,CHINA_RED_LIST,NT,Xenophrys binlingensis,中文名精确
new_species,Acanthosaura tongbiguanensis,CHINA_RED_LIST,DD,Acanthosaura tongbiguanensis,拉丁名精确(现行名)
new_species,Elaphe zoigeensis,CHINA_RED_LIST,LC,Elaphe zoigeensis,拉丁名精确(现行名)
new_species,Feirana kangxianensis,CHINA_RED_LIST,VU,Feirana kangxianensis,拉丁名精确(现行名)
new_species,Boulenophrys lishuiensis,CHINA_RED_LIST,LC,Xenophrys lishuiensis,中文名精确
new_species,Pseudohynobius guizhouensis,CHINA_RED_LIST,DD,Pseudohynobius guizhouensis,拉丁名精确(现行名)
new_species,Pseudohynobius guizhouensis,Protection,二级,Pseudohynobius guizhouensis,拉丁名精确(现行名)
new_species,Pachytriton inexpectatus,CHINA_RED_LIST,VU,Pachytriton inexpectatus,拉丁名精确(现行名)
new_species,Pachytriton feii,CHINA_RED_LIST,NT,Pachytriton feii,拉丁名精确(现行名)
new_species,Zhangixalus lishuiensis,CHINA_RED_LIST,NT,Rhacophorus lishuiensis,拉丁名精确(发表名)
new_species,Gekko kwangsiensis,CHINA_RED_LIST,DD,Gekko kwangsiensis,拉丁名精确(现行名)
new_species,Gekko kwangsiensis,Protection,二级,Goniurosaurus kwangsiensis,种加词词干
new_species,Gracixalus jinggangensis,CHINA_RED_LIST,DD,Gracixalus jinggangensis,拉丁名精确(现行名)
new_species,Gracixalus nonggangensis,CHINA_RED_LIST,NT,Gracixalus nonggangensis,拉丁名精确(现行名)
new_species,Hebius boulengeri,CHINA_RED_LIST,LC,Hebius boulengeri,拉丁名精确(现行名)
new_species,Diploderma swild,CHINA_RED_LIST,NT,Diploderma swild,拉丁名精确(现行名)
new_species,Diploderma dymondi,CHINA_RED_LIST,LC,Diploderma dymondi,拉丁名精确(现行名)
new_species,Amolops xinduqiao,CHINA_RED_LIST,LC,Amolops xinduqiao,拉丁名精确(现行名)
new_species,Raorchestes cangyuanensis,CHINA_RED_LIST,LC,Raorchestes cangyuanensis,拉丁名精确(发表名)
new_species,Boulenophrys liboensis,CHINA_RED_LIST,DD,Xenophrys liboensis,拉丁名精确(发表名)
new_species,Leptobrachium tengchongense,CHINA_RED_LIST,DD,Leptobrachium tengchongense,拉丁名精确(现行名)
new_species,Paramesotriton aurantius,CHINA_RED_LIST,NT,Paramesotriton aurantius,拉丁名精确(现行名)
new_species,Paramesotriton aurantius,Protection,二级,Paramesotriton aurantius,拉丁名精确(现行名)
new_species,Paramegophrys tengchongensis,CHINA_RED_LIST,LC,Paramegophrys tengchongensis,拉丁名精确(现行名)
new_species,Jingophrys feii,CHINA_RED_LIST,DD,Boulenophrys feii,中文名精确
new_species,Laudakia papenfussi,CHINA_RED_LIST,VU,Laudakia papenfussi,拉丁名精确(现行名)
new_species,Microhyla dabieshanensis,CHINA_RED_LIST,LC,Rana dabieshanensis,种加词词干
new_species,Odorrana fengkaiensis,CHINA_RED_LIST,LC,Odorrana fengkaiensis,拉丁名精确(现行名)
new_species,Protohynobius puxiongensis,CHINA_RED_LIST,CR,Protohynobius puxiongensis,拉丁名精确(现行名)
new_species,Protohynobius puxiongensis,Protection,一级,Hynobius puxiongensis,中文名精确
new_species,Paramegophrys laui,CHINA_RED_LIST,NT,Paramegophrys laui,拉丁名精确(现行名)
new_species,Rana luanchuanensis,CHINA_RED_LIST,DD,Rana luanchuanensis,拉丁名精确(现行名)
new_species,Amolops yunkaiensis,CHINA_RED_LIST,NT,Amolops yunkaiensis,拉丁名精确(现行名)
new_species,Paramesotriton yunwuensis,CHINA_RED_LIST,EN,Paramesotriton yunwuensis,拉丁名精确(现行名)
new_species,Paramesotriton yunwuensis,Protection,二级,Paramesotriton yunwuensis,拉丁名精确(现行名)
new_species,Zhangixalus minimus,CHINA_RED_LIST,NT,Rhacophorus minimus,拉丁名精确(发表名)
new_species,Scutiger spinosus,CHINA_RED_LIST,NT,Scutiger spinosus,拉丁名精确(现行名)
new_species,Takydromus yunkaiensis,CHINA_RED_LIST,LC,Takydromus yunkaiensis,拉丁名精确(现行名)
new_species,Yaotriton broadoridgus,CHINA_RED_LIST,NT,Yaotriton broadoridgus,拉丁名精确(现行名)
new_species,Yaotriton broadoridgus,Protection,二级,Yaotriton broadoridgus,拉丁名精确(现行名)
new_species,Vibrissaphora promustache,CHINA_RED_LIST,EN,Vibrissaphora promustache,拉丁名精确(现行名)
new_species,Vibrissaphora promustache,Protection,二级,Vibrissaphora promustache,拉丁名精确(现行名)
new_species,Onychodactylus zhaoermii,CHINA_RED_LIST,CR,Onychodactylus zhaoermii,拉丁名精确(现行名)
new_species,Onychodactylus zhaoermii,Protection,一级,Onychodactylus zhaoermii,拉丁名精确(现行名)
new_species,Pachytriton wuguanfui,CHINA_RED_LIST,NT,Pachytriton wuguanfui,拉丁名精确(现行名)
new_species,Boulenophrys acuta,CHINA_RED_LIST,EN,Xenophrys acuta,中文名精确
new_species,Boulenophrys obesa,CHINA_RED_LIST,DD,Xenophrys obesa,中文名精确
new_species,Zhangixalus hongchibaensis,CHINA_RED_LIST,EN,Rhacophorus hongchibaensis,拉丁名精确(发表名)
new_species,Zhangixalus hongchibaensis,Protection,二级,Rhacophorus hongchibaensis,拉丁名精确(发表名)
new_species,Zhangixalus wui,CHINA_RED_LIST,NT,Rhacophorus wui,拉丁名精确(发表名)
new_species,Zhangixalus omeimontis,CHINA_RED_LIST,LC,Rhacophorus dugritei,拉丁名精确(发表名)
new_species,Gracixalus guangdongensis,CHINA_RED_LIST,LC,Gracixalus guangdongensis,拉丁名精确(现行名)
new_species,Kaloula nonggangensis,CHINA_RED_LIST,LC,Kaloula nonggangensis,拉丁名精确(现行名)
new_species,Amolops wenshanensis,CHINA_RED_LIST,LC,Amolops wenshanensis,拉丁名精确(现行名)
new_species,Microhyla fanjingshanensis,CHINA_RED_LIST,LC,Microhyla fanjingshanensis,拉丁名精确(现行名)
new_species,Boulenophrys tuberogranulatus,CHINA_RED_LIST,VU,Boulenophrys tuberogranulatus,拉丁名精确(现行名)
new_species,Amolops shuichengicus,CHINA_RED_LIST,LC,Amolops shuichengicus,拉丁名精确(现行名)
new_species,Rana johnsi,CHINA_RED_LIST,LC,Rana johnsi,拉丁名精确(现行名)
new_species,Paramegophrys maoershanensis,CHINA_RED_LIST,LC,Paramegophrys maoershanensis,拉丁名精确(现行名)
new_species,Oreolalax longmenmontis,CHINA_RED_LIST,NT,Oreolalax longmenmontis,拉丁名精确(现行名)
new_species,Gekko gecko,CHINA_RED_LIST,CR,Gekko gecko,拉丁名精确(现行名)
new_species,Gekko gecko,Protection,二级,Gekko gecko,拉丁名精确(现行名)
new_species,Onychodactylus zhangyapingi,CHINA_RED_LIST,EN,Onychodactylus zhangyapingi,拉丁名精确(现行名)
new_species,Onychodactylus zhangyapingi,Protection,二级,Onychodactylus zhangyapingi,拉丁名精确(现行名)
new_species,Nidirana guangdongensis,CHINA_RED_LIST,LC,Nidirana guangdongensis,拉丁名精确(现行名)
new_species,Nidirana mangveni,CHINA_RED_LIST,LC,Nidirana mangveni,拉丁名精确(现行名)
new_species,Nidirana xiangica,CHINA_RED_LIST,LC,Nidirana xiangica,拉丁名精确(现行名)
new_species,Indotyphlops lazelli,CHINA_RED_LIST,CR,Indotyphlops lazelli,拉丁名精确(现行名)
new_species,Indotyphlops lazelli,Protection,二级,Indotyphlops lazelli,拉丁名精确(现行名)
new_species,Feihyla fuhua,CHINA_RED_LIST,NT,Feihyla fuhua,拉丁名精确(现行名)
new_species,Odorrana nanjiangensis,CHINA_RED_LIST,NT,Odorrana nanjiangensis,拉丁名精确(现行名)
new_species,Odorrana yizhangensis,CHINA_RED_LIST,NT,Odorrana yizhangensis,拉丁名精确(现行名)
new_species,Limnonectes bannaensis,CHINA_RED_LIST,VU,Limnonectes bannaensis,拉丁名精确(现行名)
new_species,Boulenophrys xianjuensis,CHINA_RED_LIST,DD,Xenophrys xianjuensis,中文名精确
new_species,Odorrana lipuensis,CHINA_RED_LIST,VU,Odorrana lipuensis,拉丁名精确(现行名)
new_species,Boulenophrys dongguanensis,CHINA_RED_LIST,NT,Xenophrys dongguanensis,中文名精确
new_species,Boulenophrys nankunensis,CHINA_RED_LIST,NT,Xenophrys nankunensis,中文名精确
new_species,Boulenophrys nanlingensis,CHINA_RED_LIST,LC,Xenophrys nanlingensis,中文名精确
new_species,Boulenophrys jiulianensis,CHINA_RED_LIST,LC,Xenophrys jiulianensis,中文名精确
new_species,Boulenophrys wugongensis,CHINA_RED_LIST,LC,Xenophrys wugongensis,中文名精确
new_species,Boulenophrys mufumontana,CHINA_RED_LIST,LC,Xenophrys mufumontana,中文名精确
new_species,Rana wuyiensis,CHINA_RED_LIST,LC,Amolops wuyiensis,种加词词干
new_species,Paramegophrys yunkaiensis,CHINA_RED_LIST,LC,Paramegophrys yunkaiensis,拉丁名精确(现行名)
new_species,Paramegophrys wuhuangmontis,CHINA_RED_LIST,LC,Paramegophrys wuhuangmontis,拉丁名精确(现行名)
new_species,Leptobrachella bijie,CHINA_RED_LIST,LC,Paramegophrys bijie,种加词词干
new_species,Leptobrachella purpuraventra,CHINA_RED_LIST,DD,Paramegophrys purpuraventra,种加词词干
new_species,Raorchestes menglaensis,CHINA_RED_LIST,VU,Raorchestes menglaensis,拉丁名精确(现行名)
new_species,Protobothrops dabieshanensis,CHINA_RED_LIST,NT,Protobothrops dabieshanensis,拉丁名精确(现行名)
new_species,Diploderma slowinskii,CHINA_RED_LIST,LC,Diploderma slowinskii,拉丁名精确(现行名)
new_species,Cynops glaucus,CHINA_RED_LIST,VU,Cynops glaucus,拉丁名精确(现行名)
new_species,Tylototriton maolanensis,CHINA_RED_LIST,DD,Paramesotriton maolanensis,种加词词干
new_species,Tylototriton maolanensis,Protection,二级,Paramesotriton maolanensis,种加词词干
new_species,Boulenophrys leishanensis,CHINA_RED_LIST,LC,Boulenophrys leishanensis,拉丁名精确(现行名)
new_species,Boulenophrys leishanensis,Protection,二级,Vibrissaphora leishanensis,种加词词干
new_species,Microhyla beilunensis,CHINA_RED_LIST,LC,Microhyla beilunensis,拉丁名精确(现行名)
new_species,Thermophis shangrila,CHINA_RED_LIST,EN,Thermophis shangrila,拉丁名精确(现行名)
new_species,Thermophis shangrila,Protection,一级,Thermophis shangrila,拉丁名精确(现行名)
new_species,Trimeresurus yingjiangensis,CHINA_RED_LIST,NT,Popeia yingjiangensis,种加词词干
new_species,Protobothrops himalayanus,CHINA_RED_LIST,NT,Protobothrops himalayanus,拉丁名精确(现行名)
new_species,Yaotriton anhuiensis,CHINA_RED_LIST,VU,Yaotriton anhuiensis,拉丁名精确(现行名)
new_species,Yaotriton anhuiensis,Protection,二级,Yaotriton anhuiensis,拉丁名精确(现行名)
new_species,Brachytarsophrys platyparietus,CHINA_RED_LIST,LC,Brachytarsophrys platyparietus,拉丁名精确(现行名)
new_species,Brachytarsophrys orientalis,CHINA_RED_LIST,LC,Megophrys orientalis,中文名精确
new_species,Sinomicrurus houi,CHINA_RED_LIST,NT,Sinomicrurus houi,拉丁名精确(发表名)
new_species,Gracixalus tianlinensis,CHINA_RED_LIST,DD,Gracixalus tianlinensis,拉丁名精确(现行名)
new_species,Zhangixalus pinglongensis,CHINA_RED_LIST,DD,Rhacophorus pinglongensis,拉丁名精确(发表名)
new_species,Zhangixalus zhoukaiyae,CHINA_RED_LIST,NT,Rhacophorus zhoukaiyae,拉丁名精确(发表名)
new_species,Gloydius angusticeps,CHINA_RED_LIST,NT,Gloydius angusticeps,拉丁名精确(现行名)
new_species,Thermophis zhaoermii,CHINA_RED_LIST,EN,Thermophis zhaoermii,拉丁名精确(现行名)
new_species,Thermophis zhaoermii,Protection,一级,Thermophis zhaoermii,拉丁名精确(现行名)
new_species,Hebius optatum,CHINA_RED_LIST,LC,Hebius optatus,拉丁名精确(发表名)
new_species,Lycodon rufozonatus,CHINA_RED_LIST,LC,Lycodon rufozonatus,拉丁名精确(现行名)
new_species,Amolops chunganensis,CHINA_RED_LIST,LC,Amolops chunganensis,拉丁名精确(现行名)
new_species,Amolops sinensis,CHINA_RED_LIST,LC,Amolops sinensis,拉丁名精确(现行名)
new_species,Gracixalus yunnanensis,CHINA_RED_LIST,LC,Gracixalus yunnanensis,拉丁名精确(现行名)
new_species,Nidirana yaoica,CHINA_RED_LIST,DD,Nidirana yaoica,拉丁名精确(现行名)
new_species,Protobothrops jerdonii,CHINA_RED_LIST,LC,Protobothrops jerdonii,拉丁名精确(现行名)
new_species,Hynobius fuca,CHINA_RED_LIST,EN,Hynobius fuca,拉丁名精确(现行名)
new_species,Hynobius fuca,Protection,二级,Hynobius fucus,中文名精确
new_species,Hynobius glacialis,CHINA_RED_LIST,EN,Hynobius glacialis,拉丁名精确(现行名)
new_species,Hynobius glacialis,Protection,二级,Hynobius glacialis,拉丁名精确(现行名)
new_species,Calotes versicolor,CHINA_RED_LIST,LC,Calotes versicolor,拉丁名精确(发表名)
new_species,Diploderma iadinum,CHINA_RED_LIST,DD,Diploderma iadinum,拉丁名精确(现行名)
new_species,Goniurosaurus kadoorieorum,CHINA_RED_LIST,EN,Goniurosaurus kadoorieorum,拉丁名精确(发表名)
new_species,Goniurosaurus kadoorieorum,Protection,二级,Goniurosaurus kadoorieorum,拉丁名精确(发表名)
new_species,Goniurosaurus kwangsiensis,CHINA_RED_LIST,VU,Goniurosaurus kwangsiensis,拉丁名精确(现行名)
new_species,Goniurosaurus kwangsiensis,Protection,二级,Goniurosaurus kwangsiensis,拉丁名精确(现行名)
new_species,Rhacophorus rhodopus,CHINA_RED_LIST,LC,Rhacophorus rhodopus,拉丁名精确(现行名)
new_species,Zhangixalus nigropunctatus,CHINA_RED_LIST,NT,Rhacophorus nigropunctatus,中文名精确
new_species,Paramesotriton longliensis,CHINA_RED_LIST,EN,Paramesotriton longliensis,拉丁名精确(现行名)
new_species,Paramesotriton longliensis,Protection,二级,Paramesotriton longliensis,拉丁名精确(现行名)
new_species,Gekko guishanicus,CHINA_RED_LIST,LC,Gekko guishanicus,拉丁名精确(现行名)
new_species,Yaotriton liuyangensis,CHINA_RED_LIST,VU,Yaotriton liuyangensis,拉丁名精确(现行名)
new_species,Yaotriton liuyangensis,Protection,二级,Yaotriton liuyangensis,拉丁名精确(现行名)
new_species,Nasutixalus yingjiangensis,CHINA_RED_LIST,DD,Nasutixalus yingjiangensis,拉丁名精确(现行名)
new_species,Amolops tuanjieensis,CHINA_RED_LIST,DD,Amolops tuanjieensis,拉丁名精确(现行名)
new_species,Boulenophrys sangzhiensis,CHINA_RED_LIST,EN,Xenophrys sangzhiensis,中文名精确
new_species,Pareas boulengeri,CHINA_RED_LIST,LC,Pareas boulengeri,拉丁名精确(现行名)
new_species,Odorrana schmackeri,CHINA_RED_LIST,LC,Odorrana schmackeri,拉丁名精确(现行名)
new_species,Diploderma drukdaypo,CHINA_RED_LIST,VU,Diploderma drukdaypo,拉丁名精确(现行名)
new_species,Diploderma drukdaypo,Protection,二级,Diploderma drukdaypo,拉丁名精确(现行名)
new_species,Tylototriton yangi,CHINA_RED_LIST,EN,Tylototriton yangi,拉丁名精确(现行名)
new_species,Tylototriton yangi,Protection,二级,Tylototriton yangi,拉丁名精确(现行名)
new_species,Amolops nyingchiensis,CHINA_RED_LIST,LC,Amolops nyingchiensis,拉丁名精确(现行名)
new_species,Hemiphyllodactylus changningensis,CHINA_RED_LIST,DD,Hemiphyllodactylus changningensis,拉丁名精确(现行名)
new_species,Buergeria otai,CHINA_RED_LIST,DD,Buergeria otai,拉丁名精确(现行名)
new_species,Limnonectes longchuanensis,CHINA_RED_LIST,VU,Limnonectes longchuanensis,拉丁名精确(现行名)
new_species,Phrynocephalus forsythii,CHINA_RED_LIST,NT,Phrynocephalus forsythii,拉丁名精确(现行名)
new_species,Amolops albispinus,CHINA_RED_LIST,VU,Amolops albispinus,拉丁名精确(现行名)
new_species,Kurixalus berylliniris,CHINA_RED_LIST,DD,Kurixalus berylliniris,拉丁名精确(现行名)
new_species,Kurixalus wangi,CHINA_RED_LIST,DD,Kurixalus wangi,拉丁名精确(现行名)
new_species,Gekko bannaense,CHINA_RED_LIST,DD,Ptychozoon bannaense,拉丁名精确(发表名)
new_species,Opisthotropis shenzhenensis,CHINA_RED_LIST,EN,Opisthotropis shenzhenensis,拉丁名精确(现行名)
new_species,Liuixalus feii,CHINA_RED_LIST,DD,Liuixalus feii,拉丁名精确(现行名)
new_species,Opisthotropis zhaoermii,CHINA_RED_LIST,LC,Opisthotropis zhaoermii,拉丁名精确(现行名)
