species,IUCN_category,IUCN_category_raw,IUCN_scientific_name,IUCN_taxonID,IUCN_assessment_version,matched_via,query_used
Ablepharus eremchenkoi,LC,Least Concern,Ablepharus eremchenkoi,47756079,2017-2,IUCN现行名精确,Ablepharus eremchenkoi
Ablepharus sp. nov.,,,,,,,
Acanthosaura liui,,,,,,,
Acanthosaura tongbiguanensis,,,,,,,
Achalinus dabieshanensis,,,,,,,
Achalinus dehuaensis,LC,Least Concern,Achalinus dehuaensis,211837219,2024-1,IUCN现行名精确,Achalinus dehuaensis
Achalinus huangjietangi,LC,Least Concern,Achalinus huangjietangi,211837241,2024-1,IUCN现行名精确,Achalinus huangjietangi
Achalinus hunanensis,,,,,,,
Achalinus juliani,,,,,,,
Achalinus nanshanensis,,,,,,,
Achalinus ningshanensis,LC,Least Concern,Achalinus ningshanensis,221611361,2024-1,IUCN现行名精确,Achalinus ningshanensis
Achalinus rufescens,LC,Least Concern,Achalinus rufescens,192099,2012-1,IUCN现行名精确,Achalinus rufescens
Achalinus sheni,,,,,,,
Achalinus spinalis,LC,Least Concern,Achalinus spinalis,192200,2017-3,IUCN现行名精确,Achalinus spinalis
Achalinus yunkaiensis,LC,Least Concern,Achalinus yunkaiensis,199524219,2024-1,IUCN现行名精确,Achalinus yunkaiensis
Alcalus sp. nov.,,,,,,,
Alsophylax przewalskii,LC,Least Concern,Alsophylax przewalskii,178716,2019-2,IUCN现行名精确,Alsophylax przewalskii
Amolops ailao,,,,,,,
Amolops albispinus,VU,Vulnerable,Amolops albispinus,119243256,2020-3,IUCN现行名精确,Amolops albispinus
Amolops amoropalamus,,,,,,,
Amolops chaochin,,,,,,,
Amolops chayuensis,DD,Data Deficient,Amolops chayuensis,76317590,2020-1,IUCN现行名精确,Amolops chayuensis
Amolops chunganensis,LC,Least Concern,Amolops chunganensis,58205,2020-1,IUCN现行名精确,Amolops chunganensis
Amolops dafangensis,,,,,,,
Amolops deng,,,,,,,
Amolops gudao,,,,,,,
Amolops kangtingensis,LC,Least Concern,Amolops mantzorum,58220,2020-1,IUCN异名映射,Amolops kangtingensis
Amolops liangshanensis,VU,Vulnerable,Amolops loloensis,152339072,2020-2,IUCN异名映射,Amolops liangshanensis
Amolops loloensis,VU,Vulnerable,Amolops loloensis,152339072,2020-2,IUCN现行名精确,Amolops loloensis
Amolops mengdingensis,DD,Data Deficient,Amolops mengdingensis,152335940,2020-1,IUCN现行名精确,Amolops mengdingensis
Amolops nyingchiensis,NT,Near Threatened,Amolops nyingchiensis,119243342,2020-2,IUCN现行名精确,Amolops nyingchiensis
Amolops pallasitatus,,,,,,,
Amolops putaoensis,,,,,,,
Amolops sangzhiensis,,,,,,,
Amolops shihaitaoi,,,,,,,
Amolops shuichengicus,DD,Data Deficient,Amolops shuichengicus,152336041,2020-2,IUCN现行名精确,Amolops shuichengicus
Amolops sinensis,LC,Least Concern,Amolops sinensis,145432718,2022-2,IUCN现行名精确,Amolops sinensis
Amolops torrentis,VU,Vulnerable,Amolops torrentis,58227,2020-1,IUCN现行名精确,Amolops torrentis
Amolops truongi,,,,,,,
Amolops tuanjieensis,,,,,,,
Amolops vitreus,VU,Vulnerable,Amolops vitreus,135837,2017-2,IUCN现行名精确,Amolops vitreus
Amolops wenshanensis,DD,Data Deficient,Amolops wenshanensis,145404522,2020-2,IUCN现行名精确,Amolops wenshanensis
Amolops xinduqiao,LC,Least Concern,Amolops xinduqiao,58213,2020-1,IUCN现行名精确,Amolops xinduqiao
Amolops yangi,,,,,,,
Amolops yunkaiensis,NT,Near Threatened,Amolops yunkaiensis,145404583,2020-1,IUCN现行名精确,Amolops yunkaiensis
Andrias cheni,,,,,,,
Archelaphe bella,LC,Least Concern,Archelaphe bella,190611,2012-1,IUCN现行名精确,Archelaphe bella
Ateuchosaurus chinensis,LC,Least Concern,Ateuchosaurus chinensis,96250633,2019-2,IUCN现行名精确,Ateuchosaurus chinensis
Azemiops feae,LC,Least Concern,Azemiops feae,190641,2022-1,IUCN现行名精确,Azemiops feae
Bamburana tormota,LC,Least Concern,Odorrana tormota,58226,2020-1,IUCN现行名精确,Odorrana tormota
Batrachuperus daochengensis,,,,,,,
Batrachuperus karlschmidti,VU,Vulnerable,Batrachuperus karlschmidti,59083,2023-1,IUCN现行名精确,Batrachuperus karlschmidti
Boiga kraepelini,LC,Least Concern,Boiga kraepelini,192094,2012-1,IUCN现行名精确,Boiga kraepelini
Boiga stoliczkae,LC,Least Concern,Boiga ochracea,191940,2022-2,同属词干,Boiga stoliczkae
Bombina fortinuptialis,VU,Vulnerable,Bombina fortinuptialis,54445,2022-2,IUCN现行名精确,Bombina fortinuptialis
Boulenophrys acuta,,,,,,,
Boulenophrys anlongensis,,,,,,,
Boulenophrys binlingensis,VU,Vulnerable,Megophrys binlingensis,78519813,2023-1,IUCN异名映射,Boulenophrys binlingensis
Boulenophrys boettgeri,LC,Least Concern,Megophrys boettgeri,88368967,2023-1,IUCN异名映射,Boulenophrys boettgeri
Boulenophrys brachykolos,EN,Endangered,Megophrys brachykolos,57633,2022-2,IUCN异名映射,Boulenophrys brachykolos
Boulenophrys caudoprocta,EN,Endangered,Megophrys caudoprocta,57634,2020-2,IUCN现行名精确,Megophrys caudoprocta
Boulenophrys chishuiensis,,,,,,,
Boulenophrys congjiangensis,,,,,,,
Boulenophrys dalaolingensis,,,,,,,
Boulenophrys daxuemontis,,,,,,,
Boulenophrys dongguanensis,,,,,,,
Boulenophrys elongata,,,,,,,
Boulenophrys fengshunensis,,,,,,,
Boulenophrys gaolanensis,,,,,,,
Boulenophrys gutu,,,,,,,
Boulenophrys hengshanensis,,,,,,,
Boulenophrys huangshanensis,LC,Least Concern,Megophrys huangshanensis,61841,2020-1,IUCN异名映射,Xenophrys huangshanensis
Boulenophrys jingdongensis,LC,Least Concern,Megophrys jingdongensis,57639,2021-3,IUCN现行名精确,Megophrys jingdongensis
Boulenophrys jiulianensis,,,,,,,
Boulenophrys leishanensis,DD,Data Deficient,Megophrys leishanensis,145432634,2020-1,IUCN现行名精确,Megophrys leishanensis
Boulenophrys liboensis,DD,Data Deficient,Megophrys liboensis,121384357,2020-1,IUCN异名映射,Xenophrys liboensis
Boulenophrys lichun,,,,,,,
Boulenophrys lishuiensis,DD,Data Deficient,Megophrys lishuiensis,145402381,2022-2,IUCN异名映射,Boulenophrys lishuiensis
Boulenophrys meihuamontis,,,,,,,
Boulenophrys mirabilis,,,,,,,
Boulenophrys mufumontana,,,,,,,
Boulenophrys nankunensis,,,,,,,
Boulenophrys nanlingensis,,,,,,,
Boulenophrys nebulosa,,,,,,,
Boulenophrys obesa,CR,Critically Endangered,Megophrys obesa,78520054,2020-3,IUCN现行名精确,Megophrys obesa
Boulenophrys ombrophila,,,,,,,
Boulenophrys qianbeiensis,,,,,,,
Boulenophrys sangzhiensis,,,,,,,
Boulenophrys shimentaina,,,,,,,
Boulenophrys tuberogranulatus,,,,,,,
Boulenophrys wugongensis,,,,,,,
Boulenophrys wushanensis,,,,,,,
Boulenophrys xiangnanensis,,,,,,,
Boulenophrys xianjuensis,,,,,,,
Boulenophrys yangchunensis,,,,,,,
Boulenophrys yangmingensis,,,,,,,
Boulenophrys yunkaiensis,,,,,,,
Brachytarsophrys chuannanensis,NT,Near Threatened,Megophrys chuannanensis,57538,2020-2,IUCN异名映射,Brachytarsophrys chuannanensis
Brachytarsophrys feae,LC,Least Concern,Megophrys feae,57539,2017-2,IUCN异名映射,Brachytarsophrys feae
Brachytarsophrys orientalis,,,,,,,
Brachytarsophrys platyparietus,LC,Least Concern,Megophrys platyparietus,57541,2022-2,IUCN异名映射,Brachytarsophrys platyparietus
Brachytarsophrys wenshanensis,,,,,,,
Buergeria otai,LC,Least Concern,Buergeria otai,146057852,2021-1,IUCN现行名精确,Buergeria otai
Bufo bufo,LC,Least Concern,Bufo bufo,88316072,2023-1,IUCN现行名精确,Bufo bufo
Bufo exiguus,,,,,,,
Bufo rubroventromaculatus,,,,,,,
Bufo stejnegeri,LC,Least Concern,Bufo stejnegeri,54766,2020-1,IUCN现行名精确,Bufo stejnegeri
Bungarus fasciatus,LC,Least Concern,Bungarus fasciatus,192063,2013-1,IUCN现行名精确,Bungarus fasciatus
Bungarus suzhenae,,,,,,,
Calamaria arcana,DD,Data Deficient,Calamaria arcana,218641362,2024-1,IUCN现行名精确,Calamaria arcana
Calamaria jinggangensis,,,,,,,
Calamaria septentrionalis,LC,Least Concern,Calamaria septentrionalis,176631,2012-1,IUCN现行名精确,Calamaria septentrionalis
Calamaria synergis,,,,,,,
Calotes emma,LC,Least Concern,Calotes emma,99928931,2021-3,IUCN现行名精确,Calotes emma
Calotes irawadi,LC,Least Concern,Calotes irawadi,104635111,2018-2,IUCN现行名精确,Calotes irawadi
Calotes versicolor,LC,Least Concern,Calotes versicolor,164681,2021-3,IUCN现行名精确,Calotes versicolor
Calotes vindumbarbatus,,,,,,,
Calotes wangi,,,,,,,
Chelonia mydas,LC,Least Concern,Chelonia mydas,4615,2025-2,IUCN现行名精确,Chelonia mydas
Chirixalus doriae,LC,Least Concern,Chirixalus doriae,58787,2023-1,IUCN现行名精确,Chirixalus doriae
Chirixalus vittatus,LC,Least Concern,Rohanixalus vittatus,58797,2022-2,IUCN异名映射,Chirixalus vittatus
Cynops fudingensis,CR,Critically Endangered,Hypselotriton fudingensis,79075338,2020-3,IUCN异名映射,Cynops fudingensis
Cynops glaucus,CR,Critically Endangered,Hypselotriton glaucus,78516909,2020-3,IUCN异名映射,Cynops glaucus
Cynops huanggangensis,,,,,,,
Cynops jiaoren,,,,,,,
Cynops oolong,,,,,,,
Cyrtodactylus hekouensis,,,,,,,
Cyrtodactylus laevis,,,,,,,
Cyrtodactylus menglianensis,,,,,,,
Cyrtodactylus nangunhe,,,,,,,
Cyrtodactylus tibetanus,LC,Least Concern,Cyrtodactylus tibetanus,54507769,2019-3,IUCN现行名精确,Cyrtodactylus tibetanus
Cyrtodactylus zhenkangensis,,,,,,,
Dalianbatrachus mengi,,,,,,,
Dibamus bourreti,LC,Least Concern,Dibamus bourreti,177579,2019-3,IUCN现行名精确,Dibamus bourreti
Diploderma batangense,LC,Least Concern,Diploderma batangense,104664898,2019-3,IUCN现行名精确,Diploderma batangense
Diploderma bifluviale,,,,,,,
Diploderma bowoense,,,,,,,
Diploderma daduense,,,,,,,
Diploderma danbaense,,,,,,,
Diploderma daochengense,,,,,,,
Diploderma donglangense,,,,,,,
Diploderma drukdaypo,,,,,,,
Diploderma dymondi,LC,Least Concern,Diploderma dymondi,104667146,2019-3,IUCN现行名精确,Diploderma dymondi
Diploderma iadinum,NT,Near Threatened,Diploderma iadinum,104667767,2019-3,IUCN现行名精确,Diploderma iadinum
Diploderma jiulongense,,,,,,,
Diploderma kangdingense,,,,,,,
Diploderma limingense,,,,,,,
Diploderma micangshanense,LC,Least Concern,Diploderma micangshanensis,104670581,2019-2,同属词干,Diploderma micangshanense
Diploderma shuoquense,,,,,,,
Diploderma slowinskii,DD,Data Deficient,Diploderma slowinskii,130442281,2021-2,IUCN现行名精确,Diploderma slowinskii
Diploderma sp. nov.,,,,,,,
Diploderma sp. nov. 1,,,,,,,
Diploderma sp. nov. 2,,,,,,,
Diploderma sp. nov. 3,,,,,,,
Diploderma sp. nov. 4,,,,,,,
Diploderma sp. nov. 5,,,,,,,
Diploderma sp. nov. 6,,,,,,,
Diploderma splendidum,LC,Least Concern,Diploderma splendidum,104671095,2021-2,IUCN现行名精确,Diploderma splendidum
Diploderma swild,,,,,,,
Diploderma tachengense,,,,,,,
Diploderma vela,LC,Least Concern,Diploderma vela,104671586,2019-2,IUCN现行名精确,Diploderma vela
Diploderma xinlongense,,,,,,,
Diploderma yangi,,,,,,,
Diploderma yongshengense,,,,,,,
Diploderma yulongense,LC,Least Concern,Diploderma yulongense,104671817,2021-2,IUCN现行名精确,Diploderma yulongense
Dopasia harti,LC,Least Concern,Dopasia harti,99942213,2021-2,IUCN现行名精确,Dopasia harti
Duttaphrynus melanostictus,LC,Least Concern,Duttaphrynus melanostictus,54707,2023-1,IUCN现行名精确,Duttaphrynus melanostictus
Echinotriton sp. nov.,,,,,,,
Elaphe bimaculata,NT,Near Threatened,Elaphe bimaculata,192041,2024-1,IUCN现行名精确,Elaphe bimaculata
Elaphe carinata,LC,Least Concern,Elaphe carinata,192025,2021-2,IUCN现行名精确,Elaphe carinata
Elaphe moellendorffi,VU,Vulnerable,Elaphe moellendorffi,192040,2012-1,IUCN现行名精确,Elaphe moellendorffi
Elaphe porphyracea,,,,,,,
Elaphe xiphodonta,DD,Data Deficient,Elaphe xiphodonta,211835520,2024-1,IUCN现行名精确,Elaphe xiphodonta
Elaphe zoigeensis,LC,Least Concern,Elaphe zoigeensis,47024117,2024-1,IUCN现行名精确,Elaphe zoigeensis
Eremias brenchleyi,LC,Least Concern,Eremias brenchleyi,47755867,2019-3,IUCN现行名精确,Eremias brenchleyi
Eremias velox,LC,Least Concern,Eremias velox,157286,2019-3,IUCN现行名精确,Eremias velox
Eremias vermiculata,LC,Least Concern,Eremias vermiculata,47755971,2019-2,IUCN现行名精确,Eremias vermiculata
Eryx miliaris,LC,Least Concern,Eryx miliaris,157269,2021-2,IUCN现行名精确,Eryx miliaris
Euprepiophis perlaceus,EN,Endangered,Euprepiophis perlaceus,192132,2012-1,IUCN现行名精确,Euprepiophis perlaceus
Euspondylus oreades,DD,Data Deficient,Proctoporus oreades,48280339,2017-2,IUCN异名映射,Euspondylus oreades
Feihyla fuhua,LC,Least Concern,Feihyla fuhua,78500586,2020-2,IUCN现行名精确,Feihyla fuhua
Feirana kangxianensis,EN,Endangered,Nanorana kangxianensis,78520818,2022-2,IUCN异名映射,Feirana kangxianensis
Fejervarya limnocharis,LC,Least Concern,Fejervarya limnocharis,48886659,2023-1,IUCN现行名精确,Fejervarya limnocharis
Gekko alpinus,,,,,,,
Gekko bannaense,DD,Data Deficient,Gekko bannaense,101950693,2019-2,IUCN现行名精确,Gekko bannaense
Gekko gecko,LC,Least Concern,Gekko gecko,195309,2019-1,IUCN现行名精确,Gekko gecko
Gekko guishanicus,DD,Data Deficient,Gekko guishanicus,163715576,2021-2,IUCN现行名精确,Gekko guishanicus
Gekko ichangensis,,,,,,,
Gekko kaiyai,,,,,,,
Gekko kwangsiensis,DD,Data Deficient,Gekko kwangsiensis,114619098,2021-2,IUCN现行名精确,Gekko kwangsiensis
Gekko liui,,,,,,,
Gekko palmatus,LC,Least Concern,Gekko palmatus,104717713,2018-2,IUCN现行名精确,Gekko palmatus
Gekko paucituberculatus,,,,,,,
Gloydius angusticeps,,,,,,,
Gloydius cognatus,,,,,,,
Gloydius intermedius,LC,Least Concern,Gloydius intermedius,164696,2021-3,IUCN现行名精确,Gloydius intermedius
Gloydius lateralis,,,,,,,
Gloydius lijianlii,,,,,,,
Gloydius lipipengi,,,,,,,
Gloydius swild,,,,,,,
Gloydius variegatus,,,,,,,
Glyphoglossus huadianensis,,,,,,,
Glyphoglossus yunnanensis,LC,Least Concern,Glyphoglossus yunnanensis,57728,2022-1,IUCN现行名精确,Glyphoglossus yunnanensis
Goniurosaurus chengzheng,,,,,,,
Goniurosaurus gezhi,,,,,,,
Goniurosaurus gollum,,,,,,,
Goniurosaurus kadoorieorum,EN,Endangered,Goniurosaurus kadoorieorum,98392503,2021-2,IUCN现行名精确,Goniurosaurus kadoorieorum
Goniurosaurus kwangsiensis,EN,Endangered,Goniurosaurus kwangsiensis,98392603,2021-2,IUCN现行名精确,Goniurosaurus kwangsiensis
Goniurosaurus varius,,,,,,,
Goniurosaurus wangshu,,,,,,,
Goniurosaurus yingdeensis,CR,Critically Endangered,Goniurosaurus yingdeensis,18917797,2019-1,IUCN现行名精确,Goniurosaurus yingdeensis
Gonyosoma boulengeri,LC,Least Concern,Gonyosoma boulengeri,190628,2012-1,IUCN现行名精确,Gonyosoma boulengeri
Gonyosoma frenatum,LC,Least Concern,Gonyosoma frenatum,191929,2021-3,IUCN现行名精确,Gonyosoma frenatum
Gonyosoma prasinum,LC,Least Concern,Gonyosoma prasinum,192082,2021-3,IUCN现行名精确,Gonyosoma prasinum
Gracixalus gracilipes,LC,Least Concern,Gracixalus gracilipes,58848,2022-1,IUCN现行名精确,Gracixalus gracilipes
Gracixalus guangdongensis,LC,Least Concern,Gracixalus guangdongensis,145404677,2020-1,IUCN现行名精确,Gracixalus guangdongensis
Gracixalus jinggangensis,CR,Critically Endangered,Gracixalus jinggangensis,145404746,2022-2,IUCN现行名精确,Gracixalus jinggangensis
Gracixalus nonggangensis,EN,Endangered,Gracixalus nonggangensis,73726352,2021-3,IUCN现行名精确,Gracixalus nonggangensis
Gracixalus tianlinensis,DD,Data Deficient,Gracixalus tianlinensis,149237287,2020-1,IUCN现行名精确,Gracixalus tianlinensis
Gracixalus yunnanensis,LC,Least Concern,Gracixalus yunnanensis,153630718,2022-2,IUCN现行名精确,Gracixalus yunnanensis
Gynandropaa yunnanensis,,,,,,,
Hebius atemporale,DD,Data Deficient,Hebius atemporalis,192242,2016-1,IUCN异名映射,Hebius atemporale
Hebius bitaeniatum,LC,Least Concern,Hebius bitaeniatus,192039,2016-1,IUCN异名映射,Hebius bitaeniatum
Hebius boulengeri,LC,Least Concern,Hebius boulengeri,192130,2016-1,IUCN现行名精确,Hebius boulengeri
Hebius citrinoventer,,,,,,,
Hebius jingdongensis,,,,,,,
Hebius maximus,,,,,,,
Hebius optatum,LC,Least Concern,Hebius optatus,192153,2019-2,IUCN异名映射,Hebius optatum
Hebius sauteri,LC,Least Concern,Hebius sauteri,192114,2016-1,IUCN现行名精确,Hebius sauteri
Hebius shantianfangi,,,,,,,
Hebius vibakari,LC,Least Concern,Hebius vibakari,192162,2021-2,IUCN现行名精确,Hebius vibakari
Hebius vogeli,,,,,,,
Hebius youjiangensis,,,,,,,
Hemidactylus frenatus,LC,Least Concern,Hemidactylus frenatus,99156022,2021-3,IUCN现行名精确,Hemidactylus frenatus
Hemidactylus garnotii,LC,Least Concern,Hemidactylus garnotii,176157,2021-3,IUCN现行名精确,Hemidactylus garnotii
Hemidactylus tenkatei,LC,Least Concern,Hemidactylus tenkatei,18519958,2021-3,IUCN现行名精确,Hemidactylus tenkatei
Hemiphyllodactylus changningensis,LC,Least Concern,Hemiphyllodactylus changningensis,101949968,2021-2,IUCN现行名精确,Hemiphyllodactylus changningensis
Hemiphyllodactylus dushanensis,,,,,,,
Hemiphyllodactylus gengmaensis,,,,,,,
Hemiphyllodactylus hongkongensis,NT,Near Threatened,Hemiphyllodactylus hongkongensis,126299153,2021-2,IUCN现行名精确,Hemiphyllodactylus hongkongensis
Hemiphyllodactylus simaoensis,,,,,,,
Hemiphyllodactylus sp. nov. 1,,,,,,,
Hemiphyllodactylus sp. nov. 2,,,,,,,
Hemiphyllodactylus sp. nov. 3,,,,,,,
Hemiphyllodactylus typus,LC,Least Concern,Hemiphyllodactylus typus,172716,2021-3,IUCN现行名精确,Hemiphyllodactylus typus
Hemiphyllodactylus yunnanensis,LC,Least Concern,Hemiphyllodactylus yunnanensis,101950314,2019-3,IUCN现行名精确,Hemiphyllodactylus yunnanensis
Herpetoreas abros,,,,,,,
Hoplobatrachus litoralis,LC,Least Concern,Hoplobatrachus litoralis,48872375,2022-2,IUCN现行名精确,Hoplobatrachus litoralis
Hyla tsinlingensis,LC,Least Concern,Hyla tsinlingensis,55682,2020-1,IUCN现行名精确,Hyla tsinlingensis
Hylarana taipehensis,LC,Least Concern,Hylarana taipehensis,58730,2022-2,IUCN现行名精确,Hylarana taipehensis
Hynobius amjiensis,EN,Endangered,Hynobius amjiensis,59089,2021-3,IUCN现行名精确,Hynobius amjiensis
Hynobius bambusicolus,,,,,,,
Hynobius fuca,NT,Near Threatened,Hynobius fucus,78516708,2021-3,同属词干,Hynobius fuca
Hynobius glacialis,CR,Critically Endangered,Hynobius glacialis,78516799,2022-2,IUCN现行名精确,Hynobius glacialis
Hynobius maoershanensis,CR,Critically Endangered,Hynobius maoershanensis,135908,2020-2,IUCN现行名精确,Hynobius maoershanensis
Hynobius sp. nov.,,,,,,,
Hynobius yunanicus,VU,Vulnerable,Pachyhynobius shangchengensis,88383344,2020-2,IUCN异名映射,Hynobius yunanicus
Ichthyophis yangi,,,,,,,
Indotyphlops lazelli,CR,Critically Endangered,Indotyphlops lazelli,199780,2024-1,IUCN现行名精确,Indotyphlops lazelli
Ingerophrynus ledongensis,NT,Near Threatened,Ingerophrynus ledongensis,195401,2020-1,IUCN现行名精确,Ingerophrynus ledongensis
Jingophrys feii,NT,Near Threatened,Megophrys feii,150087273,2020-2,IUCN现行名精确,Megophrys feii
Jingophrys yeae,,,,,,,
Jingophrys zhoui,,,,,,,
Kaloula borealis,LC,Least Concern,Kaloula borealis,57849,2020-1,IUCN现行名精确,Kaloula borealis
Kaloula nonggangensis,DD,Data Deficient,Kaloula nonggangensis,73727058,2020-1,IUCN现行名精确,Kaloula nonggangensis
Kurixalus berylliniris,DD,Data Deficient,Kurixalus berylliniris,186872850,2022-1,IUCN现行名精确,Kurixalus berylliniris
Kurixalus hainanus,LC,Least Concern,Kurixalus hainanus,61891,2023-1,IUCN现行名精确,Kurixalus hainanus
Kurixalus inexpectatus,LC,Least Concern,Kurixalus idiootocus,58803,2020-2,IUCN异名映射,Kurixalus inexpectatus
Kurixalus lenquanensis,NT,Near Threatened,Kurixalus lenquanensis,145400229,2020-3,IUCN现行名精确,Kurixalus lenquanensis
Kurixalus qionglaiensis,,,,,,,
Kurixalus raoi,,,,,,,
Kurixalus wangi,DD,Data Deficient,Kurixalus wangi,186873063,2022-1,IUCN现行名精确,Kurixalus wangi
Kurixalus yangi,LC,Least Concern,Kurixalus yangi,145402808,2023-1,IUCN现行名精确,Kurixalus yangi
Laudakia papenfussi,LC,Least Concern,Laudakia papenfussi,47752042,2019-3,IUCN现行名精确,Laudakia papenfussi
Laudakia stoliczkana,LC,Least Concern,Paralaudakia stoliczkana,47749669,2017-2,IUCN异名映射,Laudakia stoliczkana
Lepidodactylus lugubris,LC,Least Concern,Lepidodactylus lugubris,172593,2021-3,IUCN现行名精确,Lepidodactylus lugubris
Leptobrachella albomarginata,,,,,,,
Leptobrachella bashaensis,,,,,,,
Leptobrachella bijie,DD,Data Deficient,Leptobrachella bijie,152340346,2020-3,IUCN现行名精确,Leptobrachella bijie
Leptobrachella chishuiensis,,,,,,,
Leptobrachella darongshanensis,,,,,,,
Leptobrachella dayaoshanensis,,,,,,,
Leptobrachella kungfu,,,,,,,
Leptobrachella purpuraventra,DD,Data Deficient,Leptobrachella purpuraventra,152341174,2020-1,IUCN现行名精确,Leptobrachella purpuraventra
Leptobrachella sp. nov. 1,,,,,,,
Leptobrachella sp. nov. 2,,,,,,,
Leptobrachella sp. nov. 3,,,,,,,
Leptobrachella sungi,LC,Least Concern,Leptobrachella sungi,57575,2017-2,IUCN现行名精确,Leptobrachella sungi
Leptobrachium banae,LC,Least Concern,Leptobrachium banae,57550,2017-2,IUCN现行名精确,Leptobrachium banae
Leptobrachium bompu,LC,Least Concern,Leptobrachium bompu,56039839,2022-2,IUCN现行名精确,Leptobrachium bompu
Leptobrachium hainanense,VU,Vulnerable,Leptobrachium hainanense,57553,2020-3,IUCN现行名精确,Leptobrachium hainanense
Leptobrachium tengchongense,EN,Endangered,Leptobrachium tengchongense,119243805,2020-2,IUCN现行名精确,Leptobrachium tengchongense
Leptolalax,,,,,,,
Limnonectes bannaensis,LC,Least Concern,Limnonectes bannaensis,195405,2022-2,IUCN现行名精确,Limnonectes bannaensis
Limnonectes longchuanensis,DD,Data Deficient,Limnonectes longchuanensis,91951629,2022-2,IUCN现行名精确,Limnonectes longchuanensis
Limnonectes nguyenorum,NT,Near Threatened,Limnonectes nguyenorum,84335481,2021-3,IUCN现行名精确,Limnonectes nguyenorum
Liuixalus feii,LC,Least Concern,Liuixalus feii,82410392,2020-2,IUCN现行名精确,Liuixalus feii
Liurana alpina,NT,Near Threatened,Liurana alpina,58317,2024-1,IUCN现行名精确,Liurana alpina
Liurana medogensis,LC,Least Concern,Liurana medogensis,58320,,IUCN现行名精确,Liurana medogensis
Liurana menba,,,,,,,
Liurana namchabarwa,,,,,,,
Liurana vallecula,DD,Data Deficient,Liurana vallecula,149685795,2020-1,IUCN现行名精确,Liurana vallecula
Liurana xizangensis,VU,Vulnerable,Liurana xizangensis,58323,2020-3,IUCN现行名精确,Liurana xizangensis
Lycodon cathaya,LC,Least Concern,Lycodon cathaya,186133530,2024-1,IUCN现行名精确,Lycodon cathaya
Lycodon chapaensis,,,,,,,
Lycodon fasciatus,LC,Least Concern,Lycodon fasciatus,192160,2021-3,IUCN现行名精确,Lycodon fasciatus
Lycodon futsingensis,LC,Least Concern,Lycodon futsingensis,192037,2012-1,IUCN现行名精确,Lycodon futsingensis
Lycodon gongshan,LC,Least Concern,Lycodon gongshan,196008,2024-1,IUCN现行名精确,Lycodon gongshan
Lycodon jara,LC,Least Concern,Lycodon jara,176843,2021-3,IUCN现行名精确,Lycodon jara
Lycodon liuchengchaoi,LC,Least Concern,Lycodon liuchengchaoi,48892246,2024-1,IUCN现行名精确,Lycodon liuchengchaoi
Lycodon pictus,LC,Least Concern,Lycodon pictus,186135240,2024-1,IUCN现行名精确,Lycodon pictus
Lycodon rufozonatus,LC,Least Concern,Lycodon rufozonatus,192124,2017-3,IUCN现行名精确,Lycodon rufozonatus
Lycodon ruhstrati,LC,Least Concern,Lycodon ruhstrati,192128,2014-3,IUCN现行名精确,Lycodon ruhstrati
Lycodon subcinctus,LC,Least Concern,Lycodon subcinctus,186136203,2023-1,IUCN现行名精确,Lycodon subcinctus
Lygosoma siamense,LC,Least Concern,Lygosoma siamense,136697925,2019-2,IUCN现行名精确,Lygosoma siamense
Microhyla beilunensis,CR,Critically Endangered,Microhyla beilunensis,149237705,2021-3,IUCN现行名精确,Microhyla beilunensis
Microhyla dabieshanensis,,,,,,,
Microhyla fanjingshanensis,,,,,,,
Microhyla fissipes,LC,Least Concern,Microhyla fissipes,135848,2022-2,IUCN现行名精确,Microhyla fissipes
Microhyla heymonsi,LC,Least Concern,Microhyla heymonsi,57882,2023-1,IUCN现行名精确,Microhyla heymonsi
Microhyla hmongorum,,,,,,,
Microhyla mixtura,LC,Least Concern,Microhyla mixtura,57885,2020-3,IUCN现行名精确,Microhyla mixtura
Micryletta hekouensis,,,,,,,
Micryletta immaculata,,,,,,,
Micryletta inornata,LC,Least Concern,Micryletta inornata,153631981,2022-2,IUCN现行名精确,Micryletta inornata
Nanorana arunachalensis,VU,Vulnerable,Nanorana arunachalensis,165414242,,IUCN现行名精确,Nanorana arunachalensis
Nanorana huangi,,,,,,,
Nanorana laojunshanensis,,,,,,,
Nanorana pleskei,LC,Least Concern,Nanorana pleskei,58393,2022-2,IUCN现行名精确,Nanorana pleskei
Nanorana sp. nov. (Clade A),,,,,,,
Nanorana sp. nov. (Clade B),,,,,,,
Nanorana xuelinensis,,,,,,,
Nasutixalus medogensis,DD,Data Deficient,Nasutixalus medogensis,145401908,2022-2,IUCN现行名精确,Nasutixalus medogensis
Nasutixalus yingjiangensis,EN,Endangered,Nasutixalus yingjiangensis,145400860,2020-2,IUCN现行名精确,Nasutixalus yingjiangensis
Nidirana chongqingensis,,,,,,,
Nidirana daunchina,LC,Least Concern,Nidirana daunchina,58586,2020-1,IUCN现行名精确,Nidirana daunchina
Nidirana guangdongensis,,,,,,,
Nidirana guangxiensis,,,,,,,
Nidirana guibeiensis,,,,,,,
Nidirana leishanensis,,,,,,,
Nidirana mangveni,,,,,,,
Nidirana shiwandashanensis,,,,,,,
Nidirana shyhhuangi,,,,,,,
Nidirana xiangica,,,,,,,
Nidirana yaoica,,,,,,,
Occidozyga lingnanica,,,,,,,
Occidozyga shiwandashanensis,,,,,,,
Odorrana bacboensis,LC,Least Concern,Odorrana bacboensis,58554,2022-1,IUCN现行名精确,Odorrana bacboensis
Odorrana calciphila,,,,,,,
Odorrana concelata,,,,,,,
Odorrana confusa,,,,,,,
Odorrana damingshanensis,,,,,,,
Odorrana dulongensis,,,,,,,
Odorrana fengkaiensis,LC,Least Concern,Odorrana fengkaiensis,84335669,2022-2,IUCN现行名精确,Odorrana fengkaiensis
Odorrana graminea,LC,Least Concern,Odorrana graminea,58608,2022-2,IUCN现行名精确,Odorrana graminea
Odorrana hejiangensis,VU,Vulnerable,Odorrana hejiangensis,58615,2020-2,IUCN现行名精确,Odorrana hejiangensis
Odorrana huanggangensis,LC,Least Concern,Odorrana huanggangensis,54257592,2023-1,IUCN现行名精确,Odorrana huanggangensis
Odorrana jingdongensis,VU,Vulnerable,Odorrana jingdongensis,58627,,IUCN现行名精确,Odorrana jingdongensis
Odorrana kuangwuensis,VU,Vulnerable,Odorrana kuangwuensis,58634,2020-2,IUCN现行名精确,Odorrana kuangwuensis
Odorrana kweichowensis,VU,Vulnerable,Odorrana kweichowensis,145406129,2020-2,IUCN现行名精确,Odorrana kweichowensis
Odorrana leishanensis,,,,,,,
Odorrana liboensis,,,,,,,
Odorrana lipuensis,VU,Vulnerable,Odorrana lipuensis,88127641,2022-2,IUCN现行名精确,Odorrana lipuensis
Odorrana lungshengensis,LC,Least Concern,Odorrana lungshengensis,58648,2020-3,IUCN现行名精确,Odorrana lungshengensis
Odorrana margaretae,LC,Least Concern,Odorrana margaretae,58660,2022-2,IUCN现行名精确,Odorrana margaretae
Odorrana nanjiangensis,NT,Near Threatened,Odorrana nanjiangensis,195406,2020-2,IUCN现行名精确,Odorrana nanjiangensis
Odorrana sangzhiensis,,,,,,,
Odorrana schmackeri,LC,Least Concern,Odorrana schmackeri,164370602,2023-1,IUCN现行名精确,Odorrana schmackeri
Odorrana tianmuii,LC,Least Concern,Odorrana tianmuii,78521724,2023-1,IUCN现行名精确,Odorrana tianmuii
Odorrana wuchuanensis,VU,Vulnerable,Odorrana wuchuanensis,58751,2020-2,IUCN现行名精确,Odorrana wuchuanensis
Odorrana yangi,,,,,,,
Odorrana yizhangensis,LC,Least Concern,Odorrana yizhangensis,54314689,2020-3,IUCN现行名精确,Odorrana yizhangensis
Oligodon bellus,,,,,,,
Oligodon bivirgatus,DD,Data Deficient,Oligodon bivirgatus,211835174,2024-1,IUCN现行名精确,Oligodon bivirgatus
Oligodon catenatus,LC,Least Concern,Oligodon catenatus,192216,2021-3,IUCN现行名精确,Oligodon catenatus
Oligodon formosanus,LC,Least Concern,Oligodon formosanus,191938,2014-3,IUCN现行名精确,Oligodon formosanus
Oligodon guizhouensis,,,,,,,
Oligodon hamptoni,DD,Data Deficient,Oligodon hamptoni,192106,2012-1,IUCN现行名精确,Oligodon hamptoni
Oligodon lungshenensis,NT,Near Threatened,Oligodon lungshenensis,191941,2012-1,IUCN现行名精确,Oligodon lungshenensis
Oligodon zhangfujii,,,,,,,
Onychodactylus koreanus,LC,Least Concern,Onychodactylus koreanus,79098997,2023-1,IUCN现行名精确,Onychodactylus koreanus
Onychodactylus nipponoborealis,LC,Least Concern,Onychodactylus nipponoborealis,79100669,2021-1,IUCN现行名精确,Onychodactylus nipponoborealis
Onychodactylus zhangyapingi,DD,Data Deficient,Onychodactylus zhangyapingi,79100197,2020-3,IUCN现行名精确,Onychodactylus zhangyapingi
Onychodactylus zhaoermii,NT,Near Threatened,Onychodactylus zhaoermii,79100326,2023-1,IUCN现行名精确,Onychodactylus zhaoermii
Opisthotropis haihaensis,,,,,,,
Opisthotropis hungtai,LC,Least Concern,Opisthotropis hungtai,199520139,2024-1,IUCN现行名精确,Opisthotropis hungtai
Opisthotropis shenzhenensis,EN,Endangered,Opisthotropis shenzhenensis,115603857,2024-1,IUCN现行名精确,Opisthotropis shenzhenensis
Opisthotropis zhaoermii,LC,Least Concern,Opisthotropis zhaoermii,199520153,2024-1,IUCN现行名精确,Opisthotropis zhaoermii
Oreolalax longmenmontis,,,,,,,
Oreolalax rhodostigmatus,VU,Vulnerable,Oreolalax rhodostigmatus,57600,2020-2,IUCN现行名精确,Oreolalax rhodostigmatus
Oreolalax yanyuanensis,,,,,,,
Orientocoluber spinalis,LC,Least Concern,Orientocoluber spinalis,192006,2021-2,IUCN现行名精确,Orientocoluber spinalis
Ovophis jenkinsi,,,,,,,
Ovophis monticola,LC,Least Concern,Ovophis monticola,196011,2021-3,IUCN现行名精确,Ovophis monticola
Ovophis sp. nov.,,,,,,,
Ovophis tonkinensis,LC,Least Concern,Ovophis tonkinensis,192179,2022-1,IUCN现行名精确,Ovophis tonkinensis
Ovophis zayuensis,LC,Least Concern,Ovophis zayuensis,192194,2022-1,IUCN现行名精确,Ovophis zayuensis
Paa rostandi,LC,Least Concern,Nanorana rostandi,58437,2023-1,IUCN异名映射,Paa rostandi
Pachytriton changi,EN,Endangered,Pachytriton changi,78528792,2020-3,IUCN现行名精确,Pachytriton changi
Pachytriton cheni,EN,,,,,GBIF快照回退,
Pachytriton feii,VU,Vulnerable,Pachytriton feii,78528858,2020-1,IUCN现行名精确,Pachytriton feii
Pachytriton granulosus,LC,Least Concern,Pachytriton granulosus,88383857,2020-3,IUCN现行名精确,Pachytriton granulosus
Pachytriton inexpectatus,LC,Least Concern,Pachytriton inexpectatus,88384145,2020-2,IUCN现行名精确,Pachytriton inexpectatus
Pachytriton wuguanfui,EN,Endangered,Pachytriton wuguanfui,145401912,2020-1,IUCN现行名精确,Pachytriton wuguanfui
Parafimbrios lao,,,,,,,
Paramegophrys alpinus,NT,Near Threatened,Leptobrachella alpina,57561,2020-3,IUCN异名映射,Leptolalax alpinus
Paramegophrys aspera,,,,,,,
Paramegophrys bashaensis,,,,,,,
Paramegophrys chishuiensis,,,,,,,
Paramegophrys damingshanensis,,,,,,,
Paramegophrys dong,,,,,,,
Paramegophrys dorsospina,,,,,,,
Paramegophrys dushanensis,,,,,,,
Paramegophrys guinanensis,,,,,,,
Paramegophrys jinshaensis,,,,,,,
Paramegophrys jinyunensis,,,,,,,
Paramegophrys laui,VU,Vulnerable,Leptobrachella laui,78518292,2021-3,IUCN异名映射,Leptolalax laui
Paramegophrys maoershanensis,NT,Near Threatened,Leptobrachella maoershanensis,145405080,2020-2,IUCN异名映射,Leptolalax maoershanensis
Paramegophrys oshanensis,LC,Least Concern,Leptobrachella oshanensis,48102330,2022-2,IUCN异名映射,Leptolalax oshanensis
Paramegophrys sangi,LC,Least Concern,Leptobrachella sungi,57575,2017-2,IUCN现行名精确,Leptobrachella sungi
Paramegophrys shimentaina,,,,,,,
Paramegophrys suiyangensis,,,,,,,
Paramegophrys tengchongensis,EN,Endangered,Leptobrachella tengchongensis,145405617,2020-1,IUCN现行名精确,Leptobrachella tengchongensis
Paramegophrys ventripunctatus,LC,Least Concern,Leptobrachella ventripunctata,57577,2022-1,IUCN现行名精确,Leptobrachella ventripunctata
Paramegophrys verrucosa,,,,,,,
Paramegophrys wuhuangmontis,DD,Data Deficient,Leptobrachella wuhuangmontis,145405709,2020-1,IUCN现行名精确,Leptobrachella wuhuangmontis
Paramegophrys wumingensis,,,,,,,
Paramegophrys yeae,,,,,,,
Paramegophrys yunkaiensis,DD,Data Deficient,Leptobrachella yunkaiensis,145405935,2020-1,IUCN现行名精确,Leptobrachella yunkaiensis
Paramegophrys yunyangensis,,,,,,,
Paramesotriton aurantius,VU,Vulnerable,Paramesotriton aurantius,112688544,2020-1,IUCN现行名精确,Paramesotriton aurantius
Paramesotriton caudopunctatus,NT,Near Threatened,Paramesotriton caudopunctatus,79101514,2021-1,IUCN现行名精确,Paramesotriton caudopunctatus
Paramesotriton chinensis,LC,Least Concern,Paramesotriton chinensis,194962451,2021-3,IUCN现行名精确,Paramesotriton chinensis
Paramesotriton chongqingensis,,,,,,,
Paramesotriton deloustali,LC,Least Concern,Paramesotriton deloustali,16129,2017-2,IUCN现行名精确,Paramesotriton deloustali
Paramesotriton labiatus,CR,Critically Endangered,Paramesotriton labiatus,88384283,2021-3,IUCN现行名精确,Paramesotriton labiatus
Paramesotriton longliensis,VU,Vulnerable,Paramesotriton longliensis,195407,2020-2,IUCN现行名精确,Paramesotriton longliensis
Paramesotriton maolanensis,DD,Data Deficient,Paramesotriton maolanensis,78529967,2020-2,IUCN现行名精确,Paramesotriton maolanensis
Paramesotriton yunwuensis,EN,Endangered,Paramesotriton yunwuensis,78531041,2020-2,IUCN现行名精确,Paramesotriton yunwuensis
Pareas baiseensis,,,,,,,
Pareas boulengeri,LC,Least Concern,Pareas boulengeri,177434,2024-1,IUCN现行名精确,Pareas boulengeri
Pareas dabieshanensis,,,,,,,
Pareas geminatus,,,,,,,
Pareas guanyinshanensis,,,,,,,
Pareas hamptoni,LC,Least Concern,Pareas hamptoni,192189,2012-1,IUCN现行名精确,Pareas hamptoni
Pareas menglaensis,,,,,,,
Pareas mengziensis,LC,Least Concern,Pareas niger,199524171,2024-1,IUCN异名映射,Pareas mengziensis
Pareas niger,LC,Least Concern,Pareas niger,199524171,2024-1,IUCN现行名精确,Pareas niger
Pareas orientalis,,,,,,,
Pareas sp. nov.,,,,,,,
Pareas stanleyi,DD,Data Deficient,Pareas stanleyi,192190,2024-1,IUCN现行名精确,Pareas stanleyi
Pareas xuelinensis,DD,Data Deficient,Pareas xuelinensis,211836753,2024-1,IUCN现行名精确,Pareas xuelinensis
Pelophylax chosenicus,VU,Vulnerable,Pelophylax chosenicus,58577,2021-3,IUCN现行名精确,Pelophylax chosenicus
Pelophylax hubeiensis,LC,Least Concern,Pelophylax hubeiensis,58620,2020-1,IUCN现行名精确,Pelophylax hubeiensis
Pelophylax mongolius,,,,,,,
Pelophylax nigromaculatus,LC,Least Concern,Pelophylax nigromaculatus,58679,2023-1,IUCN现行名精确,Pelophylax nigromaculatus
Pelophylax plancyi,LC,Least Concern,Pelophylax plancyi,58697,2020-3,IUCN现行名精确,Pelophylax plancyi
Phrynocephalus forsythii,LC,Least Concern,Phrynocephalus forsythii,47755654,2019-2,IUCN现行名精确,Phrynocephalus forsythii
Phrynocephalus kangsuensis,,,,,,,
Plagiopholis styani,LC,Least Concern,Plagiopholis styani,177442,2012-1,IUCN现行名精确,Plagiopholis styani
Platysternon baiseensis,,,,,,,
Platysternon sp.,,,,,,,
Plestiodon capito,LC,Least Concern,Plestiodon capito,199751,2019-3,IUCN现行名精确,Plestiodon capito
Plestiodon chinensis,LC,Least Concern,Plestiodon chinensis,104764162,2019-3,IUCN现行名精确,Plestiodon chinensis
Plestiodon elegans,LC,Least Concern,Plestiodon elegans,96265106,2019-2,IUCN现行名精确,Plestiodon elegans
Polypedates megacephalus,LC,Least Concern,Polypedates megacephalus,88428054,2022-2,IUCN现行名精确,Polypedates megacephalus
Polypedates mutus,LC,Least Concern,Polypedates mutus,58958,2022-2,IUCN现行名精确,Polypedates mutus
Polypedates teraiensis,LC,Least Concern,Polypedates teraiensis,88428372,2023-1,IUCN现行名精确,Polypedates teraiensis
Protobothrops cornutus,NT,Near Threatened,Protobothrops cornutus,22151,2022-1,IUCN现行名精确,Protobothrops cornutus
Protobothrops dabieshanensis,,,,,,,
Protobothrops himalayanus,LC,Least Concern,Protobothrops himalayanus,47023571,2022-2,IUCN现行名精确,Protobothrops himalayanus
Protobothrops jerdonii,LC,Least Concern,Protobothrops jerdonii,178419,2012-1,IUCN现行名精确,Protobothrops jerdonii
Protobothrops mucrosquamatus,LC,Least Concern,Protobothrops mucrosquamatus,178409,2021-3,IUCN现行名精确,Protobothrops mucrosquamatus
Protobothrops xiangchengensis,LC,Least Concern,Protobothrops xiangchengensis,186095,2012-1,IUCN现行名精确,Protobothrops xiangchengensis
Protohynobius puxiongensis,CR,Critically Endangered,Pseudohynobius puxiongensis,59110,2020-2,IUCN异名映射,Protohynobius puxiongensis
Psammodynastes pulverulentus,LC,Least Concern,Psammodynastes pulverulentus,184062,2022-2,IUCN现行名精确,Psammodynastes pulverulentus
Pseudapibtocalamus,,,,,,,
Pseudocalotes jingpo,,,,,,,
Pseudohynobius guizhouensis,DD,Data Deficient,Pseudohynobius guizhouensis,78576349,2020-3,IUCN现行名精确,Pseudohynobius guizhouensis
Pseudohynobius jinfo,EN,Endangered,Pseudohynobius jinfo,79123553,2020-2,IUCN现行名精确,Pseudohynobius jinfo
Pseudohynobius tsinpaensis,,,,,,,
Pseudohynobius yunwuensis,,,,,,,
Pseudoxenodon bambusicola,LC,Least Concern,Pseudoxenodon bambusicola,192230,2012-1,IUCN现行名精确,Pseudoxenodon bambusicola
Pseudoxenodon karlschmidti,LC,Least Concern,Pseudoxenodon karlschmidti,191917,2014-3,IUCN现行名精确,Pseudoxenodon karlschmidti
Pseudoxenodon macrops,LC,Least Concern,Pseudoxenodon macrops,191926,2012-1,IUCN现行名精确,Pseudoxenodon macrops
Pseudoxenodon stejnegeri,LC,Least Concern,Pseudoxenodon stejnegeri,192182,2024-1,IUCN现行名精确,Pseudoxenodon stejnegeri
Ptyas dhumnades,LC,Least Concern,Ptyas dhumnades,192126,2024-1,IUCN现行名精确,Ptyas dhumnades
Ptyas major,LC,Least Concern,Ptyas major,192054,2014-3,IUCN现行名精确,Ptyas major
Ptyas multicinctus,LC,Least Concern,Ptyas multicinctus,192206,2012-1,IUCN现行名精确,Ptyas multicinctus
Ptyas nigromarginata,LC,Least Concern,Ptyas nigromarginata,192214,2021-3,IUCN现行名精确,Ptyas nigromarginata
Python molurus bivittatus,NT,Near Threatened,Python molurus,58894358,2021-2,IUCN现行名精确,Python molurus bivittatus
Quasipaa delacouri,LC,Least Concern,Quasipaa delacouri,58243,2022-1,IUCN现行名精确,Quasipaa delacouri
Quasipaa exilispinosa,LC,Least Concern,Quasipaa exilispinosa,58424,2020-3,IUCN现行名精确,Quasipaa exilispinosa
Quasipaa robertingeri,VU,Vulnerable,Quasipaa boulengeri,88951870,2022-2,IUCN异名映射,Quasipaa robertingeri
Quasipaa verrucospinosa,LC,Least Concern,Quasipaa verrucospinosa,58442,2022-1,IUCN现行名精确,Quasipaa verrucospinosa
Quasipaa yunkaiensis,,,,,,,
Rana chaochiaoensis,LC,Least Concern,Rana chaochiaoensis,58569,2020-1,IUCN现行名精确,Rana chaochiaoensis
Rana coreana,LC,Least Concern,Rana coreana,89108544,2022-2,IUCN现行名精确,Rana coreana
Rana culaiensis,DD,Data Deficient,Rana culaiensis,78584643,2022-2,IUCN现行名精确,Rana culaiensis
Rana dabieshanensis,DD,Data Deficient,Rana dabieshanensis,145401992,2021-3,IUCN现行名精确,Rana dabieshanensis
Rana dybowskii,NT,Near Threatened,Rana dybowskii,79128457,2023-1,IUCN现行名精确,Rana dybowskii
Rana hanluica,LC,Least Concern,Rana hanluica,135769,2022-2,IUCN现行名精确,Rana hanluica
Rana huanrenensis,LC,Least Concern,Rana huanrensis,58619,2019-1,IUCN异名映射,Rana huanrenensis
Rana jiemuxiensis,DD,Data Deficient,Rana jiemuxiensis,79127648,2022-2,IUCN现行名精确,Rana jiemuxiensis
Rana jiulingensis,,,,,,,
Rana johnsi,LC,Least Concern,Rana johnsi,58629,2022-2,IUCN现行名精确,Rana johnsi
Rana longicus,VU,Vulnerable,Rana longicrus,206605010,2022-2,IUCN现行名精确,Rana longicrus
Rana luanchuanensis,DD,Data Deficient,Rana luanchuanensis,145400418,2020-2,IUCN现行名精确,Rana luanchuanensis
Rana minuscula,,,,,,,
Rana qui,,,,,,,
Rana sangzhiensis,LC,Least Concern,Rana sangzhiensis,217017716,2022-2,IUCN现行名精确,Rana sangzhiensis
Rana taihangensis,,,,,,,
Rana wuyiensis,,,,,,,
Raorchestes cangyuanensis,,,,,,,
Raorchestes hekouensis,,,,,,,
Raorchestes hillisi,,,,,,,
Raorchestes huanglianshan,,,,,,,
Raorchestes malipoensis,,,,,,,
Raorchestes menglaensis,LC,Least Concern,Raorchestes menglaensis,58872,2020-1,IUCN现行名精确,Raorchestes menglaensis
Rhabdophis chiwen,LC,Least Concern,Rhabdophis chiwen,199520210,2024-1,IUCN现行名精确,Rhabdophis chiwen
Rhabdophis kaiyuanensis,,,,,,,
Rhabdophis nuchalis,LC,Least Concern,Rhabdophis nuchalis,177504,2012-1,IUCN现行名精确,Rhabdophis nuchalis
Rhabdophis shuichengensis,,,,,,,
Rhacophorus dulongensis,,,,,,,
Rhacophorus medogensis,,,,,,,
Rhacophorus napoensis,,,,,,,
Rhacophorus orlovi,LC,Least Concern,Rhacophorus orlovi,59010,2017-2,IUCN现行名精确,Rhacophorus orlovi
Rhacophorus qiongica,,,,,,,
Rhacophorus rhodopus,LC,Least Concern,Rhacophorus rhodopus,136042,2022-2,IUCN现行名精确,Rhacophorus rhodopus
Rohanixalus shyamrupus,LC,Least Concern,Rohanixalus shyamrupus,58795,2023-1,IUCN现行名精确,Rohanixalus shyamrupus
Rohanixalus sp.2,,,,,,,
Sacalia bealei,EN,Endangered,Sacalia bealei,19796,2000,IUCN现行名精确,Sacalia bealei
Scincella fansipanensis,,,,,,,
Scincella huanrenensis,CR,Critically Endangered,Scincella huanrenensis,102656174,2019-3,IUCN现行名精确,Scincella huanrenensis
Scincella liangshanensis,,,,,,,
Scincella modesta,LC,Least Concern,Scincella modesta,102658065,2021-2,IUCN现行名精确,Scincella modesta
Scincella tenuistriata,,,,,,,
Scutiger feiliangi,,,,,,,
Scutiger liupanensis,EN,Endangered,Scutiger liupanensis,57613,2020-2,IUCN现行名精确,Scutiger liupanensis
Scutiger luozhaensis,,,,,,,
Scutiger ningshanensis,LC,Least Concern,Scutiger ningshanensis,57618,2021-3,IUCN现行名精确,Scutiger ningshanensis
Scutiger spinosus,CR,Critically Endangered,Scutiger spinosus,145409081,2022-2,IUCN现行名精确,Scutiger spinosus
Scutiger tengchongensis,DD,Data Deficient,Scutiger tengchongensis,145432675,2020-1,IUCN现行名精确,Scutiger tengchongensis
Sibynophis chinensis,LC,Least Concern,Sibynophis chinensis,193454,2014-3,IUCN现行名精确,Sibynophis chinensis
Sinomicrurus houi,LC,Least Concern,Sinomicrurus kelloggi,191960,2012-1,IUCN异名映射,Sinomicrurus houi
Sinomicrurus kelloggi,LC,Least Concern,Sinomicrurus kelloggi,191960,2012-1,IUCN现行名精确,Sinomicrurus kelloggi
Sinomicrurus macclellandi,LC,Least Concern,Sinomicrurus macclellandi,191930,2022-2,IUCN现行名精确,Sinomicrurus macclellandi
Sinomicrurus peinani,,,,,,,
Sphenomorphus cryptotis,LC,Least Concern,Sphenomorphus cryptotis,114014629,2018-2,IUCN现行名精确,Sphenomorphus cryptotis
Sphenomorphus incognitus,LC,Least Concern,Sphenomorphus incognitus,104771628,2019-2,IUCN现行名精确,Sphenomorphus incognitus
Sphenomorphus maculatus,LC,Least Concern,Sphenomorphus maculatus,102347892,2021-3,IUCN现行名精确,Sphenomorphus maculatus
Sphenomorphus tonkinensis,LC,Least Concern,Sphenomorphus tonkinensis,104777724,2019-2,IUCN现行名精确,Sphenomorphus tonkinensis
Stichophanes ningshaanensis,NT,Near Threatened,Stichophanes ningshaanensis,192031,2024-1,IUCN现行名精确,Stichophanes ningshaanensis
Sylvirana latouchii,,,,,,,
Sylvirana nigrotympanica,LC,Least Concern,Hylarana cubitalis,58582,2022-2,IUCN异名映射,Hylarana nigrotympanica
Takydromus intermedius,LC,Least Concern,Takydromus intermedius,102342208,2019-2,IUCN现行名精确,Takydromus intermedius
Takydromus kuehnei,LC,Least Concern,Takydromus kuehnei,178242,2019-2,IUCN现行名精确,Takydromus kuehnei
Takydromus septentrionalis,LC,Least Concern,Takydromus septentrionalis,102342469,2019-2,IUCN现行名精确,Takydromus septentrionalis
Takydromus sylvaticus,LC,Least Concern,Takydromus sylvaticus,102342526,2019-3,IUCN现行名精确,Takydromus sylvaticus
Takydromus wolteri,LC,Least Concern,Takydromus wolteri,47756012,2022-2,IUCN现行名精确,Takydromus wolteri
Takydromus yunkaiensis,,,,,,,
Teratoscincus przewalskii,LC,Least Concern,Teratoscincus przewalskii,178359,2019-2,IUCN现行名精确,Teratoscincus przewalskii
Testudo horsfieldii,VU,Vulnerable,Testudo horsfieldii,21651,,IUCN现行名精确,Testudo horsfieldii
Theloderma albopunctatum,LC,Least Concern,Theloderma albopunctatum,58812,2022-2,IUCN现行名精确,Theloderma albopunctatum
Theloderma bicolor,LC,Least Concern,Theloderma bicolor,59032,2022-2,IUCN现行名精确,Theloderma bicolor
Theloderma corticale,LC,Least Concern,Theloderma corticale,219709082,2022-2,IUCN现行名精确,Theloderma corticale
Theloderma gordoni,LC,Least Concern,Theloderma gordoni,59034,2016-3,IUCN现行名精确,Theloderma gordoni
Theloderma hekouense,,,,,,,
Theloderma khoii,,,,,,,
Theloderma kwangsiense,LC,Least Concern,Theloderma corticale,219709082,2022-2,IUCN异名映射,Theloderma kwangsiense
Theloderma kwangsiensis,LC,Least Concern,Theloderma corticale,219709082,2022-2,同属词干,Theloderma kwangsiensis
Theloderma moloch,LC,Least Concern,Theloderma moloch,58805,2022-2,IUCN现行名精确,Theloderma moloch
Theloderma pyaukkya,LC,Least Concern,Theloderma pyaukkya,121387010,2022-2,IUCN现行名精确,Theloderma pyaukkya
Theloderma rhododiscus,LC,Least Concern,Theloderma rhododiscus,58894,2022-2,IUCN现行名精确,Theloderma rhododiscus
Thermophis shangrila,EN,Endangered,Thermophis shangrila,199520016,2024-1,IUCN现行名精确,Thermophis shangrila
Thermophis zhaoermii,EN,Endangered,Thermophis zhaoermii,192112,2024-1,IUCN现行名精确,Thermophis zhaoermii
Torrentophryne aspinia,EN,Endangered,Bufo aspinius,54580,2020-2,IUCN异名映射,Torrentophryne aspinia
Torrentophryne cryptotympanicus,LC,Least Concern,Bufo cryptotympanicus,54622,2021-3,IUCN现行名精确,Bufo cryptotympanicus
Trachischium nyalamense,,,,,,,
Trimeresurus guoi,,,,,,,
Trimeresurus popeiorum,LC,Least Concern,Trimeresurus popeiorum,192243,2022-1,IUCN现行名精确,Trimeresurus popeiorum
Trimeresurus sichuanensis,DD,Data Deficient,Trimeresurus sichuanensis,199774,2022-1,IUCN现行名精确,Trimeresurus sichuanensis
Trimeresurus yingjiangensis,,,,,,,
Tropidophorus berdmorei,LC,Least Concern,Tropidophorus berdmorei,104778762,2019-2,IUCN现行名精确,Tropidophorus berdmorei
Tropidophorus guangxiensis,DD,Data Deficient,Tropidophorus guangxiensis,104834777,2021-2,IUCN现行名精确,Tropidophorus guangxiensis
Tropidophorus hainanus,LC,Least Concern,Tropidophorus hainanus,104832114,2019-2,IUCN现行名精确,Tropidophorus hainanus
Tropidophorus kouzhitongi,,,,,,,
Tropidophorus sinicus,LC,Least Concern,Tropidophorus sinicus,104834131,2019-2,IUCN现行名精确,Tropidophorus sinicus
Tylototriton daweishanensis,,,,,,,
Tylototriton gaowangjienensis,,,,,,,
Tylototriton huangyanensis,,,,,,,
Tylototriton maolanensis,,,,,,,
Tylototriton sini,,,,,,,
Tylototriton yangi,EN,Endangered,Tylototriton yangi,78587030,2020-2,IUCN现行名精确,Tylototriton yangi
Tylototriton ziegleri,VU,Vulnerable,Tylototriton ziegleri,47144899,2017-2,IUCN现行名精确,Tylototriton ziegleri
Varanus irrawadicus,NT,Near Threatened,Varanus bengalensis,164579,2021-2,IUCN异名映射,Varanus irrawadicus
Vibrissaphora boringii,EN,Endangered,Leptobrachium boringii,57625,2020-2,IUCN异名映射,Vibrissaphora boringii
Vibrissaphora promustache,EN,Endangered,Leptobrachium promustache,135899,2022-2,IUCN异名映射,Vibrissaphora promustache
Vietnamophryne orlovi,DD,Data Deficient,Vietnamophryne orlovi,164451827,2021-3,IUCN现行名精确,Vietnamophryne orlovi
Wjayarana melasma,LC,Least Concern,Wijayarana melasma,61865,2021-3,IUCN现行名精确,Wijayarana melasma
Xenophrys lishuiensis,DD,Data Deficient,Megophrys lishuiensis,145402381,2022-2,IUCN异名映射,Xenophrys lishuiensis
Xenophrys major,LC,Least Concern,Megophrys major,114116762,2023-1,IUCN异名映射,Xenophrys major
Xenophrys mangshanensis,LC,Least Concern,Megophrys mangshanensis,57644,2021-3,IUCN异名映射,Xenophrys mangshanensis
Xenophrys maosonensis,DD,Data Deficient,Megophrys maosonensis,114116699,2022-2,IUCN异名映射,Xenophrys maosonensis
Xenophrys medogensis,EN,Endangered,Megophrys medogensis,57645,2020-2,IUCN异名映射,Xenophrys medogensis
Xenophrys omeimontis,LC,Least Concern,Megophrys omeimontis,57648,2020-2,IUCN异名映射,Xenophrys omeimontis
Xenophrys pangdaensis,,,,,,,
Xenophrys periosa,EN,Endangered,Megophrys periosa,150087897,2023-1,IUCN现行名精确,Megophrys periosa
Xenophrys tongbiguanensis,,,,,,,
Xenophrys yingjiangensis,,,,,,,
Yaotriton anhuiensis,CR,Critically Endangered,Tylototriton anhuiensis,145401474,2020-2,IUCN现行名精确,Tylototriton anhuiensis
Yaotriton asperrimus,NT,Near Threatened,Tylototriton asperrimus,179064695,2021-3,IUCN异名映射,Yaotriton asperrimus
Yaotriton broadoridgus,VU,Vulnerable,Tylototriton broadoridgus,78586667,2022-2,IUCN异名映射,Yaotriton broadoridgus
Yaotriton liuyangensis,EN,Endangered,Tylototriton liuyangensis,78586709,2020-2,IUCN现行名精确,Tylototriton liuyangensis
Yerana yei,VU,Vulnerable,Quasipaa yei,58444,2020-2,IUCN异名映射,Yerana yei
Zhangixalus burmanus,LC,Least Concern,Zhangixalus burmanus,175773802,,IUCN现行名精确,Zhangixalus burmanus
Zhangixalus daweishanensis,,,,,,,
Zhangixalus dennysi,LC,Least Concern,Zhangixalus dennysi,88990424,2022-2,IUCN现行名精确,Zhangixalus dennysi
Zhangixalus franki,DD,Data Deficient,Zhangixalus franki,187595711,,IUCN现行名精确,Zhangixalus franki
Zhangixalus hongchibaensis,EN,Endangered,Zhangixalus hongchibaensis,79129190,2022-2,IUCN现行名精确,Zhangixalus hongchibaensis
Zhangixalus leucofasciatus,DD,Data Deficient,Zhangixalus leucofasciatus,88990198,2020-2,IUCN现行名精确,Zhangixalus leucofasciatus
Zhangixalus lishuiensis,DD,Data Deficient,Zhangixalus lishuiensis,145406260,2020-1,IUCN现行名精确,Zhangixalus lishuiensis
Zhangixalus minimus,NT,Near Threatened,Zhangixalus minimus,135910,2021-3,IUCN现行名精确,Zhangixalus minimus
Zhangixalus nigropunctatus,LC,Least Concern,Zhangixalus nigropunctatus,58960,2021-3,IUCN现行名精确,Zhangixalus nigropunctatus
Zhangixalus omeimontis,LC,Least Concern,Zhangixalus omeimontis,58961,2020-1,IUCN现行名精确,Zhangixalus omeimontis
Zhangixalus pachyproctus,,,,,,,
Zhangixalus pinglongensis,DD,Data Deficient,Zhangixalus pinglongensis,112693033,2022-1,IUCN现行名精确,Zhangixalus pinglongensis
Zhangixalus wui,VU,Vulnerable,Zhangixalus wui,88095621,2021-1,IUCN现行名精确,Zhangixalus wui
Zhangixalus zhoukaiyae,DD,Data Deficient,Zhangixalus zhoukaiyae,145419451,2020-2,IUCN现行名精确,Zhangixalus zhoukaiyae
