species,IUCN_category,gbif_matched_name,gbif_match_type,query_used
Ablepharus eremchenkoi,LC,"Ablepharus eremchenkoi (Panfilov, 1999)",EXACT,Ablepharus eremchenkoi
Ablepharus sp. nov.,NE,"Ablepharus Fitzinger, 1823",HIGHERRANK,Ablepharus sp. nov.
Acanthosaura liui,NE,"Acanthosaura liui Liu, Hou, Mo & Rao, 2020",EXACT,Acanthosaura liui
Acanthosaura tongbiguanensis,NE,"Acanthosaura tongbiguanensis Liu & Rao, 2019",EXACT,Acanthosaura tongbiguanensis
Achalinus dabieshanensis,NE,"Achalinus Peters, 1869",HIGHERRANK,Achalinus dabieshanensis
Achalinus dehuaensis,LC,"Achalinus dehuaensis Li, Wu, Xu, Zhu, Ren, Guo & Dong, 2021",EXACT,Achalinus dehuaensis
Achalinus huangjietangi,LC,"Achalinus huangjietangi Huang, Peng & Huang, 2021",EXACT,Achalinus huangjietangi
Achalinus hunanensis,NE,"Achalinus hunanensis Ma, Shi, Xiang, Shu & Jiang, 2023",EXACT,Achalinus hunanensis
Achalinus juliani,NE,"Achalinus juliani Ziegler, Nguyen, Pham, Nguyen, Pham, Van Schingen, Nguyen & Le, 2019",EXACT,Achalinus juliani
Achalinus nanshanensis,NE,"Achalinus Peters, 1869",HIGHERRANK,Achalinus nanshanensis
Achalinus ningshanensis,LC,"Achalinus ningshanensis Yang, Huang, Jiang, Burbrink, Yu, Zhang, Huang & Huang, 2022",EXACT,Achalinus ningshanensis
Achalinus rufescens,LC,"Achalinus rufescens Boulenger, 1888",EXACT,Achalinus rufescens
Achalinus sheni,NE,"Achalinus Peters, 1869",HIGHERRANK,Achalinus sheni
Achalinus spinalis,LC,"Achalinus spinalis Peters, 1869",EXACT,Achalinus spinalis
Achalinus yunkaiensis,LC,"Achalinus yunkaiensis Wang, Li & Wang, 2019",EXACT,Achalinus yunkaiensis
Alcalus sp. nov.,NE,"Alcalus Brown, Siler, Richards, Diesmos & Cannatella, 2015",HIGHERRANK,Alcalus sp. nov.
Alsophylax przewalskii,LC,"Alsophylax przewalskii Strauch, 1887",EXACT,Alsophylax przewalskii
Amolops ailao,NE,Animalia,HIGHERRANK,Amolops ailao
Amolops albispinus,VU,"Amolops albispinus Sung, Hu, Wang, Liu & Wang, 2016",EXACT,Amolops albispinus
Amolops amoropalamus,NE,"Amolops amoropalamus Matsui, 1986",EXACT,Amolops amoropalamus
Amolops chaochin,NE,Animalia,HIGHERRANK,Amolops chaochin
Amolops chayuensis,DD,"Amolops chayuensis Sun, Luo, Sun & Zhang, 2013",EXACT,Amolops chayuensis
Amolops chunganensis,LC,"Amolops chunganensis (Pope, 1929)",EXACT,Amolops chunganensis
Amolops dafangensis,NE,Animalia,HIGHERRANK,Amolops dafangensis
Amolops deng,NE,Animalia,HIGHERRANK,Amolops deng
Amolops gudao,NE,Animalia,HIGHERRANK,Amolops gudao
Amolops kangtingensis,LC,"Amolops kangtingensis (Liu, 1950)",EXACT,Amolops kangtingensis
Amolops liangshanensis,VU,"Amolops liangshanensis (Wu & Zhao, 1984)",EXACT,Amolops liangshanensis
Amolops loloensis,VU,"Amolops loloensis (Liu, 1950)",EXACT,Amolops loloensis
Amolops mengdingensis,DD,"Amolops mengdingensis Yu, Wu & Yang, 2019",EXACT,Amolops mengdingensis
Amolops nyingchiensis,NT,"Amolops nyingchiensis Jiang, Wang, Xie, Jiang & Che, 2016",EXACT,Amolops nyingchiensis
Amolops pallasitatus,NE,"Amolops pallasitatus Qi, Zhou, Lyu, Lu & Li, 2019",EXACT,Amolops pallasitatus
Amolops putaoensis,NE,"Amolops putaoensis Gan, Qin, Lwin, Li, Quan, Liu & Yu, 2020",EXACT,Amolops putaoensis
Amolops sangzhiensis,NE,Animalia,HIGHERRANK,Amolops sangzhiensis
Amolops shihaitaoi,NE,"Amolops shihaitaoi Wang, Li, Du, Hou & Yu, 2022",EXACT,Amolops shihaitaoi
Amolops shuichengicus,DD,"Amolops shuichengicus Lyu & Wang, 2019",EXACT,Amolops shuichengicus
Amolops sinensis,LC,"Amolops sinensis Lyu, Wang & Wang, 2019",EXACT,Amolops sinensis
Amolops torrentis,VU,"Amolops torrentis (Smith, 1923)",EXACT,Amolops torrentis
Amolops truongi,NE,Animalia,HIGHERRANK,Amolops truongi
Amolops tuanjieensis,NE,Amolops tuanjieensis,EXACT,Amolops tuanjieensis
Amolops vitreus,VU,"Amolops vitreus (Bain, Stuart & Orlov, 2006)",EXACT,Amolops vitreus
Amolops wenshanensis,DD,"Amolops wenshanensis Yuan, Jin, Li, Stuart & Wu, 2018",EXACT,Amolops wenshanensis
Amolops xinduqiao,LC,"Amolops xinduqiao Fei, Ye, Wang & Jiang, 2017",EXACT,Amolops xinduqiao
Amolops yangi,NE,Animalia,HIGHERRANK,Amolops yangi
Amolops yunkaiensis,NT,"Amolops yunkaiensis Lyu, Wang, Liu, Zeng & Wang, 2018",EXACT,Amolops yunkaiensis
Andrias cheni,NE,"Andrias Tschudi, 1837",HIGHERRANK,Andrias cheni
Archelaphe bella,LC,"Archelaphe bella (Stanley, 1917)",EXACT,Archelaphe bella
Ateuchosaurus chinensis,LC,"Ateuchosaurus chinensis Gray, 1845",EXACT,Ateuchosaurus chinensis
Azemiops feae,LC,"Azemiops feae Boulenger, 1888",EXACT,Azemiops feae
Bamburana tormota,LC,"Odorrana tormota (Wu, 1977)",EXACT,Odorrana tormota
Batrachuperus daochengensis,NE,"Batrachuperus Boulenger, 1878",HIGHERRANK,Batrachuperus daochengensis
Batrachuperus karlschmidti,VU,"Batrachuperus karlschmidti Liu, 1950",EXACT,Batrachuperus karlschmidti
Boiga kraepelini,LC,"Boiga kraepelini Stejneger, 1902",EXACT,Boiga kraepelini
Boiga stoliczkae,NE,"Boiga stoliczkae (Wall, 1909)",EXACT,Boiga stoliczkae
Bombina fortinuptialis,NE,"Bombina fortinuptialis Liu & Tian, 1978",EXACT,Bombina fortinuptialis
Boulenophrys acuta,,"Boulenophrys Fei & Ye, 2016",HIGHERRANK,Boulenophrys acuta
Boulenophrys anlongensis,,"Boulenophrys Fei & Ye, 2016",HIGHERRANK,Boulenophrys anlongensis
Boulenophrys binlingensis,VU,"Megophrys binlingensis Jiang, Fei & Ye, 2009",HIGHERRANK,Megophrys binlingensis fanjingshanensis
Boulenophrys boettgeri,LC,"Boulenophrys boettgeri (Boulenger, 1899)",EXACT,Boulenophrys boettgeri
Boulenophrys brachykolos,EN,"Boulenophrys brachykolos (Inger & Romer, 1961)",EXACT,Boulenophrys brachykolos
Boulenophrys caudoprocta,EN,"Megophrys caudoprocta Shen, 1994",EXACT,Megophrys caudoprocta
Boulenophrys chishuiensis,,"Boulenophrys Fei & Ye, 2016",HIGHERRANK,Boulenophrys chishuiensis
Boulenophrys congjiangensis,,"Boulenophrys Fei & Ye, 2016",HIGHERRANK,Boulenophrys congjiangensis
Boulenophrys dalaolingensis,,"Boulenophrys Fei & Ye, 2016",HIGHERRANK,Boulenophrys dalaolingensis
Boulenophrys daxuemontis,,"Boulenophrys Fei & Ye, 2016",HIGHERRANK,Boulenophrys daxuemontis
Boulenophrys dongguanensis,,"Boulenophrys Fei & Ye, 2016",HIGHERRANK,Boulenophrys dongguanensis
Boulenophrys elongata,,"Boulenophrys Fei & Ye, 2016",HIGHERRANK,Boulenophrys elongata
Boulenophrys fengshunensis,NE,"Boulenophrys fengshunensis Wang, Zeng, Lyu, Qi, Liu, Chen, Lu, Xiao, Lin, Chen & Wang, 2022",EXACT,Boulenophrys fengshunensis
Boulenophrys gaolanensis,,"Boulenophrys Fei & Ye, 2016",HIGHERRANK,Boulenophrys gaolanensis
Boulenophrys gutu,,"Boulenophrys Fei & Ye, 2016",HIGHERRANK,Boulenophrys gutu
Boulenophrys hengshanensis,,"Boulenophrys Fei & Ye, 2016",HIGHERRANK,Boulenophrys hengshanensis
Boulenophrys huangshanensis,LC,"Xenophrys huangshanensis (Fei & Ye, 2005)",EXACT,Xenophrys huangshanensis
Boulenophrys jingdongensis,LC,"Megophrys jingdongensis Fei & Ye, 1983",EXACT,Megophrys jingdongensis
Boulenophrys jiulianensis,,"Boulenophrys Fei & Ye, 2016",HIGHERRANK,Boulenophrys jiulianensis
Boulenophrys leishanensis,DD,"Megophrys leishanensis Li, Xu, Liu, Jiang, Wei & Wang, 2019",EXACT,Megophrys leishanensis
Boulenophrys liboensis,DD,"Xenophrys liboensis Zhang, Li, Xiao, Li, Pan, Wang, Zhang & Zhou, 2017",EXACT,Xenophrys liboensis
Boulenophrys lichun,,"Boulenophrys Fei & Ye, 2016",HIGHERRANK,Boulenophrys lichun
Boulenophrys lishuiensis,,"Boulenophrys Fei & Ye, 2016",HIGHERRANK,Boulenophrys lishuiensis
Boulenophrys meihuamontis,,"Boulenophrys Fei & Ye, 2016",HIGHERRANK,Boulenophrys meihuamontis
Boulenophrys mirabilis,,"Boulenophrys Fei & Ye, 2016",HIGHERRANK,Boulenophrys mirabilis
Boulenophrys mufumontana,,"Boulenophrys Fei & Ye, 2016",HIGHERRANK,Boulenophrys mufumontana
Boulenophrys nankunensis,,"Boulenophrys Fei & Ye, 2016",HIGHERRANK,Boulenophrys nankunensis
Boulenophrys nanlingensis,NE,"Boulenophrys nanlingensis (Lyu, Wang, Liu & Wang, 2019)",EXACT,Boulenophrys nanlingensis
Boulenophrys nebulosa,,"Boulenophrys Fei & Ye, 2016",HIGHERRANK,Boulenophrys nebulosa
Boulenophrys obesa,CR,"Megophrys obesa Wang, Li & Zhao, 2014",EXACT,Megophrys obesa
Boulenophrys ombrophila,NE,"Boulenophrys ombrophila (Messenger & Dahn, 2019)",EXACT,Boulenophrys ombrophila
Boulenophrys qianbeiensis,,"Boulenophrys Fei & Ye, 2016",HIGHERRANK,Boulenophrys qianbeiensis
Boulenophrys sangzhiensis,,"Boulenophrys Fei & Ye, 2016",HIGHERRANK,Boulenophrys sangzhiensis
Boulenophrys shimentaina,NE,"Boulenophrys shimentaina (Lyu, Liu & Wang, 2020)",EXACT,Boulenophrys shimentaina
Boulenophrys tuberogranulatus,NE,"Boulenophrys tuberogranulatus (Shen, Mo & Li, 2010)",EXACT,Boulenophrys tuberogranulatus
Boulenophrys wugongensis,,"Boulenophrys Fei & Ye, 2016",HIGHERRANK,Boulenophrys wugongensis
Boulenophrys wushanensis,NE,"Boulenophrys wushanensis (Ye & Fei, 1995)",EXACT,Boulenophrys wushanensis
Boulenophrys xiangnanensis,,"Boulenophrys Fei & Ye, 2016",HIGHERRANK,Boulenophrys xiangnanensis
Boulenophrys xianjuensis,,"Boulenophrys Fei & Ye, 2016",HIGHERRANK,Boulenophrys xianjuensis
Boulenophrys yangchunensis,,"Boulenophrys Fei & Ye, 2016",HIGHERRANK,Boulenophrys yangchunensis
Boulenophrys yangmingensis,,"Boulenophrys Fei & Ye, 2016",HIGHERRANK,Boulenophrys yangmingensis
Boulenophrys yunkaiensis,NE,"Boulenophrys yunkaiensis Qi, Lyu, Wang, Mo, Zeng, Zeng, Dai, Li, Grismer & Wang, 2021",EXACT,Boulenophrys yunkaiensis
Brachytarsophrys chuannanensis,NT,"Brachytarsophrys chuannanensis Fei, Ye & Huang, 2001",EXACT,Brachytarsophrys chuannanensis
Brachytarsophrys feae,LC,"Brachytarsophrys feae (Boulenger, 1887)",EXACT,Brachytarsophrys feae
Brachytarsophrys orientalis,NE,"Brachytarsophrys orientalis Li, Lyu, Wang & Wang, 2020",EXACT,Brachytarsophrys orientalis
Brachytarsophrys platyparietus,LC,"Brachytarsophrys platyparietus Rao & Yang, 1997",EXACT,Brachytarsophrys platyparietus
Brachytarsophrys wenshanensis,,"Brachytarsophrys Tian & Hu, 1983",HIGHERRANK,Brachytarsophrys wenshanensis
Buergeria otai,LC,"Buergeria otai Wang, Hsiao, Lee, Tseng, Lin, Komaki & Lin, 2018",EXACT,Buergeria otai
Bufo bufo,LC,"Bufo bufo (Linnaeus, 1758)",EXACT,Bufo bufo
Bufo exiguus,NE,"Bufo exiguus Qi, Lyu, Song, Wei, Zhong & Wang, 2023",EXACT,Bufo exiguus
Bufo rubroventromaculatus,NE,"Bufo Garsault, 1764",HIGHERRANK,Bufo rubroventromaculatus
Bufo stejnegeri,LC,"Bufo stejnegeri Schmidt, 1931",EXACT,Bufo stejnegeri
Bungarus fasciatus,LC,"Bungarus fasciatus (Schneider, 1801)",EXACT,Bungarus fasciatus
Bungarus suzhenae,NE,"Bungarus suzhenae Chen, Shi, Vogel, Ding & Shi, 2021",EXACT,Bungarus suzhenae
Calamaria arcana,DD,"Calamaria arcana Yeung, Lau & Yang, 2022",EXACT,Calamaria arcana
Calamaria jinggangensis,NE,"Calamaria H.Boie, 1827",HIGHERRANK,Calamaria jinggangensis
Calamaria septentrionalis,LC,"Calamaria septentrionalis Boulenger, 1890",EXACT,Calamaria septentrionalis
Calamaria synergis,NE,"Calamaria H.Boie, 1827",HIGHERRANK,Calamaria synergis
Calotes emma,LC,"Calotes emma Gray, 1845",EXACT,Calotes emma
Calotes irawadi,LC,"Calotes irawadi Zug, Brown, Schulte & Vindum, 2006",EXACT,Calotes irawadi
Calotes versicolor,LC,"Calotes versicolor (Daudin, 1802)",EXACT,Calotes versicolor
Calotes vindumbarbatus,NE,"Calotes vindumbarbatus Wagner, Ihlow, Hartmann, Flecks, Schmitz & Böhme, 2021",EXACT,Calotes vindumbarbatus
Calotes wangi,NE,"Calotes Cuvier, 1817",HIGHERRANK,Calotes wangi
Chelonia mydas,LC,"Chelonia mydas (Linnaeus, 1758)",EXACT,Chelonia mydas
Chirixalus doriae,LC,"Chirixalus doriae Boulenger, 1893",EXACT,Chirixalus doriae
Chirixalus vittatus,LC,"Chirixalus vittatus (Boulenger, 1887)",EXACT,Chirixalus vittatus
Cynops fudingensis,CR,"Cynops fudingensis Wu, Wang, Jiang & Hanken, 2010",EXACT,Cynops fudingensis
Cynops glaucus,CR,"Cynops glaucus Yuan, Jiang, Ding, Zhang & Che, 2013",EXACT,Cynops glaucus
Cynops huanggangensis,NE,"Cynops Tschudi, 1838",HIGHERRANK,Cynops huanggangensis
Cynops jiaoren,NE,"Cynops Tschudi, 1838",HIGHERRANK,Cynops jiaoren
Cynops oolong,NE,"Cynops Tschudi, 1838",HIGHERRANK,Cynops oolong
Cyrtodactylus hekouensis,NE,"Cyrtodactylus hekouensis Zhang, Liu, Bernstein, Wang & Yuan, 2021",EXACT,Cyrtodactylus hekouensis
Cyrtodactylus laevis,NE,"Cyrtodactylus Gray, 1827",HIGHERRANK,Cyrtodactylus laevis
Cyrtodactylus menglianensis,NE,"Cyrtodactylus menglianensis Liu & Rao, 2022",EXACT,Cyrtodactylus menglianensis
Cyrtodactylus nangunhe,NE,"Cyrtodactylus Gray, 1827",HIGHERRANK,Cyrtodactylus nangunhe
Cyrtodactylus tibetanus,LC,"Cyrtodactylus tibetanus (Boulenger, 1905)",EXACT,Cyrtodactylus tibetanus
Cyrtodactylus zhenkangensis,NE,"Cyrtodactylus zhenkangensis Liu & Rao, 2021",EXACT,Cyrtodactylus zhenkangensis
Dalianbatrachus mengi,NE,"Dalianbatrachus mengi Gao & Liu, 2004",EXACT,Dalianbatrachus mengi
Dibamus bourreti,LC,"Dibamus bourreti Angel, 1935",EXACT,Dibamus bourreti
Diploderma batangense,LC,"Diploderma batangense (Li, Deng, Wu & Wang, 2001)",EXACT,Diploderma batangense
Diploderma bifluviale,NE,"Diploderma Hallowell, 1861",HIGHERRANK,Diploderma bifluviale
Diploderma bowoense,NE,"Diploderma bowoense Wang, Gao, Wu, Siler & Che, 2021",EXACT,Diploderma bowoense
Diploderma daduense,NE,"Diploderma Hallowell, 1861",HIGHERRANK,Diploderma daduense
Diploderma danbaense,NE,"Diploderma danbaense Liu, Hou, Ananjeva & Rao, 2023",EXACT,Diploderma danbaense
Diploderma daochengense,NE,"Diploderma Hallowell, 1861",HIGHERRANK,Diploderma daochengense
Diploderma donglangense,NE,"Diploderma donglangense Liu, Hou, Ananjeva & Rao, 2023",EXACT,Diploderma donglangense
Diploderma drukdaypo,NE,"Diploderma drukdaypo (Wang, Ren, Jiang, Zou, Wu, Che & Siler, 2019)",EXACT,Diploderma drukdaypo
Diploderma dymondi,LC,"Diploderma dymondi (Boulenger, 1906)",EXACT,Diploderma dymondi
Diploderma iadinum,NT,"Diploderma iadinum (Wang, Jiang, Siler & Che, 2016)",EXACT,Diploderma iadinum
Diploderma jiulongense,NE,"Diploderma jiulongense Liu, Hou, Ananjeva & Rao, 2023",EXACT,Diploderma jiulongense
Diploderma kangdingense,NE,"Diploderma Hallowell, 1861",HIGHERRANK,Diploderma kangdingense
Diploderma limingense,NE,"Diploderma limingense Liu, Hou, Rao & Ananjeva, 2022",EXACT,Diploderma limingense
Diploderma micangshanense,LC,"Japalura micangshanensis Song, 1987",EXACT,Japalura micangshanensis
Diploderma shuoquense,NE,"Diploderma shuoquense Liu, Hou, Rao & Ananjeva, 2022",EXACT,Diploderma shuoquense
Diploderma slowinskii,DD,"Diploderma slowinskii (Rao, Vindum, Ma, Fu & Wilkinson, 2017)",EXACT,Diploderma slowinskii
Diploderma sp. nov.,NE,"Diploderma Hallowell, 1861",HIGHERRANK,Diploderma sp. nov.
Diploderma sp. nov. 1,NE,"Diploderma Hallowell, 1861",HIGHERRANK,Diploderma sp. nov. 1
Diploderma sp. nov. 2,NE,"Diploderma Hallowell, 1861",HIGHERRANK,Diploderma sp. nov. 2
Diploderma sp. nov. 3,NE,"Diploderma Hallowell, 1861",HIGHERRANK,Diploderma sp. nov. 3
Diploderma sp. nov. 4,NE,"Diploderma Hallowell, 1861",HIGHERRANK,Diploderma sp. nov. 4
Diploderma sp. nov. 5,NE,"Diploderma Hallowell, 1861",HIGHERRANK,Diploderma sp. nov. 5
Diploderma sp. nov. 6,NE,"Diploderma Hallowell, 1861",HIGHERRANK,Diploderma sp. nov. 6
Diploderma splendidum,LC,"Diploderma splendidum (Barbour & Dunn, 1919)",EXACT,Diploderma splendidum
Diploderma swild,NE,"Diploderma swild Wang, Wu, Jiang, Chen, Miao, Siler & Che, 2019",EXACT,Diploderma swild
Diploderma tachengense,NE,"Diploderma tachengense Liu, Hou, Ananjeva & Rao, 2023",EXACT,Diploderma tachengense
Diploderma vela,LC,"Diploderma vela (Wang, Jiang & Che, 2015)",EXACT,Diploderma vela
Diploderma xinlongense,NE,"Diploderma Hallowell, 1861",HIGHERRANK,Diploderma xinlongense
Diploderma yangi,NE,"Diploderma yangi Wang, Zhang & Li, 2022",EXACT,Diploderma yangi
Diploderma yongshengense,NE,"Diploderma yongshengense Liu, Hou, Rao & Ananjeva, 2022",EXACT,Diploderma yongshengense
Diploderma yulongense,LC,"Diploderma yulongense (Manthey, Denzer, Hou & Wang, 2012)",EXACT,Diploderma yulongense
Dopasia harti,LC,"Dopasia harti (Boulenger, 1899)",EXACT,Dopasia harti
Duttaphrynus melanostictus,LC,"Duttaphrynus melanostictus (Schneider, 1799)",EXACT,Duttaphrynus melanostictus
Echinotriton sp. nov.,NE,"Echinotriton Nussbaum & Brodie, 1982",HIGHERRANK,Echinotriton sp. nov.
Elaphe bimaculata,NT,"Elaphe bimaculata Schmidt, 1925",EXACT,Elaphe bimaculata
Elaphe carinata,LC,"Elaphe carinata (Günther, 1864)",EXACT,Elaphe carinata
Elaphe moellendorffi,VU,"Elaphe moellendorffi (Boettger, 1886)",EXACT,Elaphe moellendorffi
Elaphe porphyracea,NE,"Elaphe porphyracea Cantor, 1839",EXACT,Elaphe porphyracea
Elaphe xiphodonta,DD,"Elaphe xiphodonta Qi, Shi, Ma, Gao, Bu, Grismer, Li & Wang, 2021",EXACT,Elaphe xiphodonta
Elaphe zoigeensis,LC,"Elaphe zoigeensis Huang, Ding, Burbrink, Yang, Huang, Ling, Chen & Zhang, 2012",EXACT,Elaphe zoigeensis
Eremias brenchleyi,LC,"Eremias brenchleyi Günther, 1872",EXACT,Eremias brenchleyi
Eremias velox,LC,"Eremias velox (Pallas, 1771)",EXACT,Eremias velox
Eremias vermiculata,LC,"Eremias vermiculata Blanford, 1875",EXACT,Eremias vermiculata
Eryx miliaris,LC,"Eryx miliaris (Pallas, 1773)",EXACT,Eryx miliaris
Euprepiophis perlaceus,EN,"Euprepiophis perlaceus (Stejneger, 1929)",EXACT,Euprepiophis perlaceus
Euspondylus oreades,DD,"Euspondylus oreades Chávez, Siu-Ting, Duran & Venegas, 2011",EXACT,Euspondylus oreades
Feihyla fuhua,LC,"Feihyla fuhua Fei, Ye & Jiang, 2010",EXACT,Feihyla fuhua
Feirana kangxianensis,EN,"Feirana kangxianensis Yang, Wang, Hu & Jiang, 2011",EXACT,Feirana kangxianensis
Fejervarya limnocharis,LC,"Fejervarya limnocharis (Gravenhorst, 1829)",EXACT,Fejervarya limnocharis
Gekko alpinus,NE,"Gekko Laurenti, 1768",HIGHERRANK,Gekko alpinus
Gekko bannaense,DD,"Gekko bannaense (Wang, Wang & Liu, 2016)",EXACT,Gekko bannaense
Gekko gecko,LC,"Gekko gecko (Linnaeus, 1758)",EXACT,Gekko gecko
Gekko guishanicus,DD,"Gekko guishanicus Lin & Yao, 2016",EXACT,Gekko guishanicus
Gekko ichangensis,NE,"Gekko Laurenti, 1768",HIGHERRANK,Gekko ichangensis
Gekko kaiyai,NE,"Gekko Laurenti, 1768",HIGHERRANK,Gekko kaiyai
Gekko kwangsiensis,DD,"Gekko kwangsiensis Yang, 2015",EXACT,Gekko kwangsiensis
Gekko liui,NE,"Gekko Laurenti, 1768",HIGHERRANK,Gekko liui
Gekko palmatus,LC,"Gekko palmatus Boulenger, 1907",EXACT,Gekko palmatus
Gekko paucituberculatus,NE,"Gekko Laurenti, 1768",HIGHERRANK,Gekko paucituberculatus
Gloydius angusticeps,NE,"Gloydius angusticeps Shi, Yang, Huang, Orlov & Li, 2018",EXACT,Gloydius angusticeps
Gloydius cognatus,NE,"Gloydius cognatus (Gloyd, 1977)",EXACT,Gloydius cognatus
Gloydius intermedius,LC,"Gloydius intermedius (Strauch, 1868)",EXACT,Gloydius intermedius
Gloydius lateralis,NE,"Gloydius lateralis Zhang, Shi, Jiang & Shi, 2022",EXACT,Gloydius lateralis
Gloydius lijianlii,NE,"Gloydius lijianlii Jiang & Zhao, 2009",EXACT,Gloydius lijianlii
Gloydius lipipengi,NE,"Gloydius lipipengi Shi, Liu, Giri, Owens, Santra, Kuttalam, Melvan, Guo & Malhotra, 2021",EXACT,Gloydius lipipengi
Gloydius swild,NE,"Gloydius swild Shi, Liu, Giri, Owens, Santra, Kuttalam, Melvan, Guo & Malhotra, 2021",EXACT,Gloydius swild
Gloydius variegatus,NE,"Gloydius Hoge & Romano-Hoge, 1981",HIGHERRANK,Gloydius variegatus
Glyphoglossus huadianensis,NE,"Glyphoglossus Günther, 1869",HIGHERRANK,Glyphoglossus huadianensis
Glyphoglossus yunnanensis,LC,"Glyphoglossus yunnanensis (Boulenger, 1919)",EXACT,Glyphoglossus yunnanensis
Goniurosaurus chengzheng,NE,"Goniurosaurus chengzheng Zhu, Liu, Bai, Román-Palacios, Li & He, 2021",EXACT,Goniurosaurus chengzheng
Goniurosaurus gezhi,NE,"Goniurosaurus gezhi Zhu, He & Li, 2020",EXACT,Goniurosaurus gezhi
Goniurosaurus gollum,NE,"Goniurosaurus gollum Qi, Wang, Grismer, Chen, Lyu & Wang, 2020",EXACT,Goniurosaurus gollum
Goniurosaurus kadoorieorum,EN,"Goniurosaurus kadoorieorum Yang & Chan, 2015",EXACT,Goniurosaurus kadoorieorum
Goniurosaurus kwangsiensis,EN,"Goniurosaurus kwangsiensis Yang & Chan, 2015",EXACT,Goniurosaurus kwangsiensis
Goniurosaurus varius,NE,"Goniurosaurus varius Qi, Grismer, Lyu, Zhang, Li & Wang, 2020",EXACT,Goniurosaurus varius
Goniurosaurus wangshu,NE,"Goniurosaurus wangshu Zhu, Wu, Li & He, 2022",EXACT,Goniurosaurus wangshu
Goniurosaurus yingdeensis,CR,"Goniurosaurus yingdeensis Wang, Yang & Cui, 2010",EXACT,Goniurosaurus yingdeensis
Gonyosoma boulengeri,LC,"Gonyosoma boulengeri (Mocquard, 1897)",EXACT,Gonyosoma boulengeri
Gonyosoma frenatum,LC,"Gonyosoma frenatum (Gray, 1853)",EXACT,Gonyosoma frenatum
Gonyosoma prasinum,LC,"Gonyosoma prasinum (Blyth, 1854)",EXACT,Gonyosoma prasinum
Gracixalus gracilipes,LC,"Gracixalus gracilipes (Bourret, 1937)",EXACT,Gracixalus gracilipes
Gracixalus guangdongensis,LC,"Gracixalus guangdongensis Wang, Zeng, Liu & Wang, 2018",EXACT,Gracixalus guangdongensis
Gracixalus jinggangensis,CR,"Gracixalus jinggangensis Zeng, Zhao, Chen, Chen, Zhang & Wang, 2017",EXACT,Gracixalus jinggangensis
Gracixalus nonggangensis,EN,"Gracixalus nonggangensis Mo, Zhang, Luo, Zhou & Chen, 2013",EXACT,Gracixalus nonggangensis
Gracixalus tianlinensis,DD,"Gracixalus tianlinensis Chen, Bei, Liao, Zhou & Mo, 2018",EXACT,Gracixalus tianlinensis
Gracixalus yunnanensis,LC,"Gracixalus yunnanensis Yu, Li, Wang, Rao, Wu & Yang, 2019",EXACT,Gracixalus yunnanensis
Gynandropaa yunnanensis,NE,"Gynandropaa yunnanensis (Anderson, 1879)",EXACT,Gynandropaa yunnanensis
Hebius atemporale,DD,"Hebius atemporalis (Bourret, 1934)",EXACT,Hebius atemporalis
Hebius bitaeniatum,LC,"Hebius bitaeniatus (Wall, 1925)",FUZZY,Hebius bitaeniatum
Hebius boulengeri,LC,"Hebius boulengeri (Gressitt, 1937)",EXACT,Hebius boulengeri
Hebius citrinoventer,NE,"Hebius Thompson, 1913",HIGHERRANK,Hebius citrinoventer
Hebius jingdongensis,NE,"Hebius Thompson, 1913",HIGHERRANK,Hebius jingdongensis
Hebius maximus,NE,"Hebius maximus (Malnate, 1962) Li, Ren, Huang, Lyu, Qi, Jiang, Wang & Li, 2022",EXACT,Hebius maximus
Hebius optatum,LC,"Hebius optatus (Hu & Zhao, 1966)",FUZZY,Hebius optatum
Hebius sauteri,LC,"Hebius sauteri (Boulenger, 1909)",EXACT,Hebius sauteri
Hebius shantianfangi,NE,"Hebius Thompson, 1913",HIGHERRANK,Hebius shantianfangi
Hebius vibakari,LC,"Hebius vibakari (Boie, 1826)",EXACT,Hebius vibakari
Hebius vogeli,NE,"Hebius Thompson, 1913",HIGHERRANK,Hebius vogeli
Hebius youjiangensis,NE,"Hebius youjiangensis Xu, Yang, Gong, Wu, Huang, Liu, Liang, Huang & Huang, 2023",EXACT,Hebius youjiangensis
Hemidactylus frenatus,NE,"Hemidactylus frenatus Duméril & Bibron, 1836",EXACT,Hemidactylus frenatus
Hemidactylus garnotii,LC,"Hemidactylus garnotii Duméril & Bibron, 1836",EXACT,Hemidactylus garnotii
Hemidactylus tenkatei,LC,"Hemidactylus tenkatei Lidth De Jeude, 1895",EXACT,Hemidactylus tenkatei
Hemiphyllodactylus changningensis,LC,"Hemiphyllodactylus changningensis Guo, Zhou, Yan & Li, 2015",EXACT,Hemiphyllodactylus changningensis
Hemiphyllodactylus dushanensis,NE,"Hemiphyllodactylus dushanensis (Zhou & Liu, 1981)",EXACT,Hemiphyllodactylus dushanensis
Hemiphyllodactylus gengmaensis,NE,"Hemiphyllodactylus Bleeker, 1860",HIGHERRANK,Hemiphyllodactylus gengmaensis
Hemiphyllodactylus hongkongensis,NT,"Hemiphyllodactylus hongkongensis Sung, Lee, Ng, Zhang & Yang, 2018",EXACT,Hemiphyllodactylus hongkongensis
Hemiphyllodactylus simaoensis,NE,"Hemiphyllodactylus Bleeker, 1860",HIGHERRANK,Hemiphyllodactylus simaoensis
Hemiphyllodactylus sp. nov. 1,NE,"Hemiphyllodactylus Bleeker, 1860",HIGHERRANK,Hemiphyllodactylus sp. nov. 1
Hemiphyllodactylus sp. nov. 2,NE,"Hemiphyllodactylus Bleeker, 1860",HIGHERRANK,Hemiphyllodactylus sp. nov. 2
Hemiphyllodactylus sp. nov. 3,NE,"Hemiphyllodactylus Bleeker, 1860",HIGHERRANK,Hemiphyllodactylus sp. nov. 3
Hemiphyllodactylus typus,LC,"Hemiphyllodactylus typus Bleeker, 1860",EXACT,Hemiphyllodactylus typus
Hemiphyllodactylus yunnanensis,LC,"Hemiphyllodactylus yunnanensis (Boulenger, 1903)",EXACT,Hemiphyllodactylus yunnanensis
Herpetoreas abros,NE,"Herpetoreas Günther, 1860",HIGHERRANK,Herpetoreas abros
Hoplobatrachus litoralis,LC,"Hoplobatrachus litoralis Hasan, Kuramoto, Islam, Alam, Khan & Sumida, 2012",EXACT,Hoplobatrachus litoralis
Hyla tsinlingensis,LC,"Hyla tsinlingensis Liu & Hu, 1966",EXACT,Hyla tsinlingensis
Hylarana taipehensis,LC,"Hylarana taipehensis (Van Denburgh, 1909)",EXACT,Hylarana taipehensis
Hynobius amjiensis,EN,"Hynobius amjiensis Gu, 1992",EXACT,Hynobius amjiensis
Hynobius bambusicolus,NE,"Hynobius Tschudi, 1838",HIGHERRANK,Hynobius bambusicolus
Hynobius fuca,NT,"Hynobius fucus Lai & Lue, 2008",FUZZY,Hynobius fuca
Hynobius glacialis,CR,"Hynobius glacialis Lai & Lue, 2008",EXACT,Hynobius glacialis
Hynobius maoershanensis,CR,"Hynobius maoershanensis Zhou, Jiang & Jiang, 2006",EXACT,Hynobius maoershanensis
Hynobius sp. nov.,NE,"Hynobius Tschudi, 1838",HIGHERRANK,Hynobius sp. nov.
Hynobius yunanicus,VU,"Hynobius yunanicus Chen, Qu & Niu, 2001",EXACT,Hynobius yunanicus
Ichthyophis yangi,NE,Chordata,HIGHERRANK,Ichthyophis yangi
Indotyphlops lazelli,CR,"Indotyphlops lazelli (Wallach & Pauwels, 2004)",EXACT,Indotyphlops lazelli
Ingerophrynus ledongensis,NT,"Ingerophrynus ledongensis (Fei, Ye & Huang, 2009)",EXACT,Ingerophrynus ledongensis
Jingophrys feii,NT,"Megophrys feii Yang, Wang & Wang, 2018",EXACT,Megophrys feii
Jingophrys yeae,NE,Animalia,HIGHERRANK,Jingophrys yeae
Jingophrys zhoui,NE,Animalia,HIGHERRANK,Jingophrys zhoui
Kaloula borealis,LC,"Kaloula borealis (Barbour, 1908)",EXACT,Kaloula borealis
Kaloula nonggangensis,DD,"Kaloula nonggangensis Mo, Zhang, Zhou, Chen, Tang, Meng & Chen, 2013",EXACT,Kaloula nonggangensis
Kurixalus berylliniris,DD,"Kurixalus berylliniris Wu, Huang, Tsai, Li, Jhang & Wu, 2016",EXACT,Kurixalus berylliniris
Kurixalus hainanus,LC,"Kurixalus hainanus (Zhao, Wang & Shi, 2005)",EXACT,Kurixalus hainanus
Kurixalus inexpectatus,LC,"Kurixalus inexpectatus Messenger, Yang, Borzée, Chuang & Othman, 2022",EXACT,Kurixalus inexpectatus
Kurixalus lenquanensis,NT,"Kurixalus lenquanensis Yu, Wang, Hou, Rao & Yang, 2017",EXACT,Kurixalus lenquanensis
Kurixalus qionglaiensis,NE,"Kurixalus Ye, Fei & Dubois, 1999",HIGHERRANK,Kurixalus qionglaiensis
Kurixalus raoi,NE,Kurixalus raoi,EXACT,Kurixalus raoi
Kurixalus wangi,DD,"Kurixalus wangi Wu, Huang, Tsai, Li, Jhang & Wu, 2016",EXACT,Kurixalus wangi
Kurixalus yangi,LC,"Kurixalus yangi Yu, Hui, Rao & Yang, 2018",EXACT,Kurixalus yangi
Laudakia papenfussi,LC,"Laudakia papenfussi Zhao, 1998",EXACT,Laudakia papenfussi
Laudakia stoliczkana,LC,"Laudakia stoliczkana (Blanford, 1875)",EXACT,Laudakia stoliczkana
Lepidodactylus lugubris,LC,"Lepidodactylus lugubris (Duméril & Bibron, 1836)",EXACT,Lepidodactylus lugubris
Leptobrachella albomarginata,NE,"Leptobrachella Smith, 1925",HIGHERRANK,Leptobrachella albomarginata
Leptobrachella bashaensis,NE,"Leptobrachella bashaensis Lyu, Dai, Wei, He, Yuan, Shi, Zhou, Ran, Kuang, Guo, Wei & Yuan, 2020",EXACT,Leptobrachella bashaensis
Leptobrachella bijie,DD,"Leptobrachella bijie Wang, Li, Li, Chen & Wang, 2019",EXACT,Leptobrachella bijie
Leptobrachella chishuiensis,NE,"Leptobrachella chishuiensis Li, Liu, Wei & Wang, 2020",EXACT,Leptobrachella chishuiensis
Leptobrachella darongshanensis,NE,"Leptobrachella Smith, 1925",HIGHERRANK,Leptobrachella darongshanensis
Leptobrachella dayaoshanensis,NE,"Leptobrachella Smith, 1925",HIGHERRANK,Leptobrachella dayaoshanensis
Leptobrachella kungfu,NE,"Leptobrachella Smith, 1925",HIGHERRANK,Leptobrachella kungfu
Leptobrachella purpuraventra,DD,"Leptobrachella purpuraventra Wang, Li, Li, Chen & Wang, 2019",EXACT,Leptobrachella purpuraventra
Leptobrachella sp. nov. 1,NE,"Leptobrachella Smith, 1925",HIGHERRANK,Leptobrachella sp. nov. 1
Leptobrachella sp. nov. 2,NE,"Leptobrachella Smith, 1925",HIGHERRANK,Leptobrachella sp. nov. 2
Leptobrachella sp. nov. 3,NE,"Leptobrachella Smith, 1925",HIGHERRANK,Leptobrachella sp. nov. 3
Leptobrachella sungi,LC,"Leptobrachella sungi (Lathrop, Murphy, Orlov & Ho, 1998)",EXACT,Leptobrachella sungi
Leptobrachium banae,LC,"Leptobrachium banae Lathrop, Murphy, Orlov & Ho, 1998",EXACT,Leptobrachium banae
Leptobrachium bompu,LC,"Leptobrachium bompu Sondhi & Ohler, 2011",EXACT,Leptobrachium bompu
Leptobrachium hainanense,VU,"Leptobrachium hainanense Ye & Fei, 1993",EXACT,Leptobrachium hainanense
Leptobrachium tengchongense,EN,"Leptobrachium tengchongense Yang, Wang & Chan, 2016",EXACT,Leptobrachium tengchongense
Leptolalax,,"Leptolalax Dubois, 1980",EXACT,Leptolalax
Limnonectes bannaensis,LC,"Limnonectes bannaensis Ye, Fei, Xie & Jiang, 2007",EXACT,Limnonectes bannaensis
Limnonectes longchuanensis,DD,"Limnonectes longchuanensis Suwannapoom, Yuan, Sullivan & McLeod, 2016",EXACT,Limnonectes longchuanensis
Limnonectes nguyenorum,NT,"Limnonectes nguyenorum McLeod, Kurlbaum & Hoang, 2015",EXACT,Limnonectes nguyenorum
Liuixalus feii,LC,"Liuixalus feii Yang, Rao & Wang, 2015",EXACT,Liuixalus feii
Liurana alpina,NT,"Liurana alpina Huang & Ye, 1997",EXACT,Liurana alpina
Liurana medogensis,LC,"Liurana medogensis Fei, Ye & Huang, 1997",EXACT,Liurana medogensis
Liurana menba,NE,"Liurana Dubois, 1987",HIGHERRANK,Liurana menba
Liurana namchabarwa,NE,"Liurana Dubois, 1987",HIGHERRANK,Liurana namchabarwa
Liurana vallecula,DD,"Liurana vallecula Jiang, Wang, Wang, Li & Che, 2019",EXACT,Liurana vallecula
Liurana xizangensis,VU,"Liurana xizangensis (Hu, 1977)",EXACT,Liurana xizangensis
Lycodon cathaya,LC,"Lycodon cathaya Wang, Qi, Lyu, Zeng & Wang, 2020",EXACT,Lycodon cathaya
Lycodon chapaensis,NE,"Lycodon chapaensis (Angel & Bourret, 1933)",EXACT,Lycodon chapaensis
Lycodon fasciatus,LC,"Lycodon fasciatus (Anderson, 1879)",EXACT,Lycodon fasciatus
Lycodon futsingensis,LC,"Lycodon futsingensis (Pope, 1928)",EXACT,Lycodon futsingensis
Lycodon gongshan,LC,"Lycodon gongshan Vogel & Luo, 2011",EXACT,Lycodon gongshan
Lycodon jara,LC,"Lycodon jara (Shaw, 1802)",EXACT,Lycodon jara
Lycodon liuchengchaoi,LC,"Lycodon liuchengchaoi Zhang, Jiang, Vogel & Rao, 2011",EXACT,Lycodon liuchengchaoi
Lycodon pictus,LC,"Lycodon pictus Janssen, Pham, Ngo, Le, Nguyen & Ziegler, 2019",EXACT,Lycodon pictus
Lycodon rufozonatus,LC,"Lycodon rufozonatus Cantor, 1842",EXACT,Lycodon rufozonatus
Lycodon ruhstrati,LC,"Lycodon ruhstrati (Fischer, 1886)",EXACT,Lycodon ruhstrati
Lycodon subcinctus,LC,"Lycodon subcinctus Boie, 1827",EXACT,Lycodon subcinctus
Lygosoma siamense,LC,"Lygosoma siamense Siler, Heitz, Davis, Freitas, Aowphol, Termprayoon & Grismer, 2018",EXACT,Lygosoma siamense
Microhyla beilunensis,CR,"Microhyla beilunensis Zhang, Fei, Ye, Wang, Wang & Jiang, 2018",EXACT,Microhyla beilunensis
Microhyla dabieshanensis,NE,"Microhyla Tschudi, 1838",HIGHERRANK,Microhyla dabieshanensis
Microhyla fanjingshanensis,NE,"Microhyla fanjingshanensis Li, Zhang, Xu, Lv, Jiang, Liu, Wei & Wang, 2019",EXACT,Microhyla fanjingshanensis
Microhyla fissipes,LC,"Microhyla fissipes Boulenger, 1884",EXACT,Microhyla fissipes
Microhyla heymonsi,LC,"Microhyla heymonsi Vogt, 1911",EXACT,Microhyla heymonsi
Microhyla hmongorum,NE,"Microhyla hmongorum Van Hoang, Nguyen, Phan, Pham, Ninh, Wang, Jiang, Ziegler & Nguyen, 2022",EXACT,Microhyla hmongorum
Microhyla mixtura,LC,"Microhyla mixtura Liu & Hu, 1966",EXACT,Microhyla mixtura
Micryletta hekouensis,NE,"Micryletta hekouensis Liu, Hou, Mo & Rao, 2021",EXACT,Micryletta hekouensis
Micryletta immaculata,NE,"Micryletta Dubois, 1987",HIGHERRANK,Micryletta immaculata
Micryletta inornata,LC,"Micryletta inornata (Boulenger, 1890)",EXACT,Micryletta inornata
Nanorana arunachalensis,VU,"Nanorana arunachalensis (Saikia, Sinha & Kharkongor, 2017)",EXACT,Nanorana arunachalensis
Nanorana huangi,NE,"Nanorana Günther, 1896",HIGHERRANK,Nanorana huangi
Nanorana laojunshanensis,NE,"Nanorana Günther, 1896",HIGHERRANK,Nanorana laojunshanensis
Nanorana pleskei,LC,"Nanorana pleskei Günther, 1896",EXACT,Nanorana pleskei
Nanorana sp. nov. (Clade A),NE,"Nanorana Günther, 1896",HIGHERRANK,Nanorana sp. nov. (Clade A)
Nanorana sp. nov. (Clade B),NE,"Nanorana Günther, 1896",HIGHERRANK,Nanorana sp. nov. (Clade B)
Nanorana xuelinensis,NE,"Nanorana xuelinensis Liu, Zhang & Rao, 2021",EXACT,Nanorana xuelinensis
Nasutixalus medogensis,DD,"Nasutixalus medogensis Jiang, Wang, Yan & Che, 2016",EXACT,Nasutixalus medogensis
Nasutixalus yingjiangensis,EN,"Nasutixalus yingjiangensis Yang & Chan, 2018",EXACT,Nasutixalus yingjiangensis
Nidirana chongqingensis,NE,"Nidirana Dubois, 1992",HIGHERRANK,Nidirana chongqingensis
Nidirana daunchina,LC,"Nidirana daunchina (Chang, 1933)",EXACT,Nidirana daunchina
Nidirana guangdongensis,NE,"Nidirana guangdongensis Lyu, Wan & YY Wang, 2020",EXACT,Nidirana guangdongensis
Nidirana guangxiensis,NE,"Nidirana guangxiensis Mo, Lyu, Huang, Liao & Wang, 2021",EXACT,Nidirana guangxiensis
Nidirana guibeiensis,NE,"Nidirana guibeiensis Chen, Ye, Peng & Li, 2022",EXACT,Nidirana guibeiensis
Nidirana leishanensis,NE,"Nidirana leishanensis Li, 2019",EXACT,Nidirana leishanensis
Nidirana mangveni,NE,"Nidirana mangveni Lyu, Qi & YY Wang, 2020",EXACT,Nidirana mangveni
Nidirana shiwandashanensis,NE,"Nidirana Dubois, 1992",HIGHERRANK,Nidirana shiwandashanensis
Nidirana shyhhuangi,NE,"Nidirana Dubois, 1992",HIGHERRANK,Nidirana shyhhuangi
Nidirana xiangica,NE,"Nidirana xiangica Lyu & YY Wang, 2020",EXACT,Nidirana xiangica
Nidirana yaoica,NE,"Nidirana yaoica Lyu, Mo, Wan, Li, Pang & Wang, 2019",EXACT,Nidirana yaoica
Occidozyga lingnanica,NE,"Occidozyga lingnanica Lyu & Wang, 2022",EXACT,Occidozyga lingnanica
Occidozyga shiwandashanensis,NE,"Occidozyga Kuhl & Van Hasselt, 1822",HIGHERRANK,Occidozyga shiwandashanensis
Odorrana bacboensis,LC,"Odorrana bacboensis (Bain, Lathrop, Murphy, Orlov & Ho, 2003)",EXACT,Odorrana bacboensis
Odorrana calciphila,NE,"Odorrana Fei, Ye & Huang, 1990",HIGHERRANK,Odorrana calciphila
Odorrana concelata,NE,"Odorrana concelata Wang, Zeng & Lin, 2022",EXACT,Odorrana concelata
Odorrana confusa,NE,"Odorrana Fei, Ye & Huang, 1990",HIGHERRANK,Odorrana confusa
Odorrana damingshanensis,NE,"Odorrana Fei, Ye & Huang, 1990",HIGHERRANK,Odorrana damingshanensis
Odorrana dulongensis,NE,"Odorrana dulongensis Liu, He, Wang, Beukema, Hou, Li, Che & Yuan, 2021",EXACT,Odorrana dulongensis
Odorrana fengkaiensis,LC,"Odorrana fengkaiensis Wang, Lau, Yang, Chen, Liu, Pang & Liu, 2015",EXACT,Odorrana fengkaiensis
Odorrana graminea,LC,"Odorrana graminea (Boulenger, 1900)",EXACT,Odorrana graminea
Odorrana hejiangensis,VU,"Odorrana hejiangensis (Deng & Yu, 1992)",EXACT,Odorrana hejiangensis
Odorrana huanggangensis,LC,"Odorrana huanggangensis Chen, Zhou & Zheng, 2010",EXACT,Odorrana huanggangensis
Odorrana jingdongensis,VU,"Odorrana jingdongensis Fei, Ye & Li, 2001",EXACT,Odorrana jingdongensis
Odorrana kuangwuensis,VU,"Odorrana kuangwuensis (Liu & Hu, 1966)",EXACT,Odorrana kuangwuensis
Odorrana kweichowensis,VU,"Odorrana kweichowensis Li, Xu, Lv, Jiang, Wei & Wang, 2018",EXACT,Odorrana kweichowensis
Odorrana leishanensis,NE,"Odorrana Fei, Ye & Huang, 1990",HIGHERRANK,Odorrana leishanensis
Odorrana liboensis,NE,"Odorrana Fei, Ye & Huang, 1990",HIGHERRANK,Odorrana liboensis
Odorrana lipuensis,VU,"Odorrana lipuensis Mo, Chen, Wu, Zhang & Zhou, 2015",EXACT,Odorrana lipuensis
Odorrana lungshengensis,LC,"Odorrana lungshengensis (Liu & Hu, 1962)",EXACT,Odorrana lungshengensis
Odorrana margaretae,LC,"Odorrana margaretae (Liu, 1950)",EXACT,Odorrana margaretae
Odorrana nanjiangensis,NT,"Odorrana nanjiangensis Fei, Ye, Xie & Jiang, 2007",EXACT,Odorrana nanjiangensis
Odorrana sangzhiensis,NE,"Odorrana sangzhiensis Zhang, Li, Hu & Yang, 2021",EXACT,Odorrana sangzhiensis
Odorrana schmackeri,LC,"Odorrana schmackeri (Boettger, 1892)",EXACT,Odorrana schmackeri
Odorrana tianmuii,LC,"Odorrana tianmuii Chen, Zhou & Zheng, 2010",EXACT,Odorrana tianmuii
Odorrana wuchuanensis,VU,"Odorrana wuchuanensis (Xu, 1983)",EXACT,Odorrana wuchuanensis
Odorrana yangi,NE,"Odorrana Fei, Ye & Huang, 1990",HIGHERRANK,Odorrana yangi
Odorrana yizhangensis,LC,"Odorrana yizhangensis Fei, Ye & Jiang, 2007",EXACT,Odorrana yizhangensis
Oligodon bellus,NE,Animalia,HIGHERRANK,Oligodon bellus
Oligodon bivirgatus,DD,"Oligodon bivirgatus Qian, Qi, Shi, Lu, Jenkins, Mo & Li, 2021",EXACT,Oligodon bivirgatus
Oligodon catenatus,LC,"Oligodon catenatus (Blyth, 1854)",EXACT,Oligodon catenatus
Oligodon formosanus,LC,"Oligodon formosanus (Günther, 1872)",EXACT,Oligodon formosanus
Oligodon guizhouensis,NE,"Oligodon guizhouensis Li, 1989",EXACT,Oligodon guizhouensis
Oligodon hamptoni,DD,"Oligodon hamptoni Boulenger, 1918",EXACT,Oligodon hamptoni
Oligodon lungshenensis,NT,"Oligodon lungshenensis Zheng & Huang, 1978",EXACT,Oligodon lungshenensis
Oligodon zhangfujii,NE,Animalia,HIGHERRANK,Oligodon zhangfujii
Onychodactylus koreanus,LC,"Onychodactylus koreanus Min, Poyarkov & Vieites, 2012",EXACT,Onychodactylus koreanus
Onychodactylus nipponoborealis,LC,"Onychodactylus nipponoborealis Kuro-o, Poyarkov & Vieites, 2012",EXACT,Onychodactylus nipponoborealis
Onychodactylus zhangyapingi,DD,"Onychodactylus zhangyapingi Che, Poyarkov & Yan, 2012",EXACT,Onychodactylus zhangyapingi
Onychodactylus zhaoermii,NT,"Onychodactylus zhaoermii Che, Poyarkov & Yan, 2012",EXACT,Onychodactylus zhaoermii
Opisthotropis haihaensis,NE,"Opisthotropis haihaensis Ziegler, Pham, Nguyen, Nguyen, Wang, Wang, Stuart & Le, 2019",EXACT,Opisthotropis haihaensis
Opisthotropis hungtai,LC,"Opisthotropis hungtai Wang, Lyu, Zeng, Lin, Yang, Nguyen, Le, Ziegler & Wang, 2020",EXACT,Opisthotropis hungtai
Opisthotropis shenzhenensis,EN,"Opisthotropis shenzhenensis Wang, Guo, Liu, Lyu, Wang, Luo, Sun & Zhang, 2017",EXACT,Opisthotropis shenzhenensis
Opisthotropis zhaoermii,LC,"Opisthotropis zhaoermii Ren, Wang, Jiang, Guo & Li, 2017",EXACT,Opisthotropis zhaoermii
Oreolalax longmenmontis,NE,"Oreolalax longmenmontis Hou, Shi, Hu, Deng, Jiang, Xie & Wang, 2020",EXACT,Oreolalax longmenmontis
Oreolalax rhodostigmatus,VU,"Oreolalax rhodostigmatus Hu & Fei, 1979",EXACT,Oreolalax rhodostigmatus
Oreolalax yanyuanensis,NE,"Oreolalax Myers & Leviton, 1962",HIGHERRANK,Oreolalax yanyuanensis
Orientocoluber spinalis,LC,"Orientocoluber spinalis (Peters, 1866)",EXACT,Orientocoluber spinalis
Ovophis jenkinsi,NE,"Ovophis Burger, 1981",HIGHERRANK,Ovophis jenkinsi
Ovophis monticola,LC,"Ovophis monticola (Günther, 1864)",EXACT,Ovophis monticola
Ovophis sp. nov.,NE,"Ovophis Burger, 1981",HIGHERRANK,Ovophis sp. nov.
Ovophis tonkinensis,LC,"Ovophis tonkinensis (Bourret, 1934)",EXACT,Ovophis tonkinensis
Ovophis zayuensis,LC,"Ovophis zayuensis (Jiang, 1977)",EXACT,Ovophis zayuensis
Paa rostandi,LC,"Paa rostandi (Dubois, 1974)",EXACT,Paa rostandi
Pachytriton changi,EN,"Pachytriton changi Nishikawa, Matsui & Jiang, 2012",EXACT,Pachytriton changi
Pachytriton cheni,EN,"Pachytriton changi Nishikawa, Matsui & Jiang, 2012",FUZZY,Pachytriton cheni
Pachytriton feii,VU,"Pachytriton feii Nishikawa, Jiang & Matsui, 2011",EXACT,Pachytriton feii
Pachytriton granulosus,LC,"Pachytriton granulosus Chang, 1933",EXACT,Pachytriton granulosus
Pachytriton inexpectatus,LC,"Pachytriton inexpectatus Nishikawa, Jiang, Matsui & Mo, 2011",EXACT,Pachytriton inexpectatus
Pachytriton wuguanfui,EN,"Pachytriton wuguanfui Yuan, Zhang & Che, 2016",EXACT,Pachytriton wuguanfui
Parafimbrios lao,NE,"Parafimbrios lao Teynié, David, Lottier, Le, Vidal & Nguyen, 2015",EXACT,Parafimbrios lao
Paramegophrys alpinus,NT,"Leptolalax alpinus Fei, Ye & Li, 1990",EXACT,Leptolalax alpinus
Paramegophrys aspera,,"Paramegophrys Liu, 1964",HIGHERRANK,Paramegophrys aspera
Paramegophrys bashaensis,,"Paramegophrys Liu, 1964",HIGHERRANK,Paramegophrys bashaensis
Paramegophrys chishuiensis,,"Paramegophrys Liu, 1964",HIGHERRANK,Paramegophrys chishuiensis
Paramegophrys damingshanensis,,"Paramegophrys Liu, 1964",HIGHERRANK,Paramegophrys damingshanensis
Paramegophrys dong,,"Paramegophrys Liu, 1964",HIGHERRANK,Paramegophrys dong
Paramegophrys dorsospina,,"Paramegophrys Liu, 1964",HIGHERRANK,Paramegophrys dorsospina
Paramegophrys dushanensis,,"Paramegophrys Liu, 1964",HIGHERRANK,Paramegophrys dushanensis
Paramegophrys guinanensis,,"Paramegophrys Liu, 1964",HIGHERRANK,Paramegophrys guinanensis
Paramegophrys jinshaensis,,"Paramegophrys Liu, 1964",HIGHERRANK,Paramegophrys jinshaensis
Paramegophrys jinyunensis,,"Paramegophrys Liu, 1964",HIGHERRANK,Paramegophrys jinyunensis
Paramegophrys laui,VU,"Leptolalax laui Sung, Yang & Wang, 2014",EXACT,Leptolalax laui
Paramegophrys maoershanensis,NT,"Leptolalax maoershanensis Yuan, Sun, Chen, Rowley & Che, 2017",EXACT,Leptolalax maoershanensis
Paramegophrys oshanensis,LC,"Leptolalax oshanensis (Liu, 1950)",EXACT,Leptolalax oshanensis
Paramegophrys sangi,LC,"Leptobrachella sungi (Lathrop, Murphy, Orlov & Ho, 1998)",EXACT,Leptobrachella sungi
Paramegophrys shimentaina,,"Paramegophrys Liu, 1964",HIGHERRANK,Paramegophrys shimentaina
Paramegophrys suiyangensis,,"Paramegophrys Liu, 1964",HIGHERRANK,Paramegophrys suiyangensis
Paramegophrys tengchongensis,EN,"Leptobrachella tengchongensis (Yang, Wang, Chen & Rao, 2016)",EXACT,Leptobrachella tengchongensis
Paramegophrys ventripunctatus,LC,"Leptobrachella ventripunctata (Fei, Ye & Li, 1990)",EXACT,Leptobrachella ventripunctata
Paramegophrys verrucosa,,"Paramegophrys Liu, 1964",HIGHERRANK,Paramegophrys verrucosa
Paramegophrys wuhuangmontis,DD,"Leptobrachella wuhuangmontis Wang, Yang & Wang, 2018",EXACT,Leptobrachella wuhuangmontis
Paramegophrys wumingensis,,"Paramegophrys Liu, 1964",HIGHERRANK,Paramegophrys wumingensis
Paramegophrys yeae,,"Paramegophrys Liu, 1964",HIGHERRANK,Paramegophrys yeae
Paramegophrys yunkaiensis,DD,"Leptobrachella yunkaiensis Wang, Li, Lyu & Wang, 2018",EXACT,Leptobrachella yunkaiensis
Paramegophrys yunyangensis,,"Paramegophrys Liu, 1964",HIGHERRANK,Paramegophrys yunyangensis
Paramesotriton aurantius,VU,"Paramesotriton aurantius Yuan, Wu, Zhou & Che, 2016",EXACT,Paramesotriton aurantius
Paramesotriton caudopunctatus,NT,"Paramesotriton caudopunctatus (Liu & Hu, 1973)",EXACT,Paramesotriton caudopunctatus
Paramesotriton chinensis,LC,"Paramesotriton chinensis (Gray, 1859)",EXACT,Paramesotriton chinensis
Paramesotriton chongqingensis,NE,"Paramesotriton Chang, 1935",HIGHERRANK,Paramesotriton chongqingensis
Paramesotriton deloustali,LC,"Paramesotriton deloustali (Bourret, 1934)",EXACT,Paramesotriton deloustali
Paramesotriton labiatus,CR,"Paramesotriton labiatus (Unterstein, 1930)",EXACT,Paramesotriton labiatus
Paramesotriton longliensis,VU,"Paramesotriton longliensis Li, Tian, Gu & Xiong, 2008",EXACT,Paramesotriton longliensis
Paramesotriton maolanensis,DD,"Paramesotriton maolanensis Gu, Chen, Tian, Li & Ran, 2012",EXACT,Paramesotriton maolanensis
Paramesotriton yunwuensis,EN,"Paramesotriton yunwuensis Wu, Jiang & Hanken, 2010",EXACT,Paramesotriton yunwuensis
Pareas baiseensis,NE,"Pareas Wagler, 1830",HIGHERRANK,Pareas baiseensis
Pareas boulengeri,LC,"Pareas boulengeri (Angel, 1920)",EXACT,Pareas boulengeri
Pareas dabieshanensis,NE,"Pareas Wagler, 1830",HIGHERRANK,Pareas dabieshanensis
Pareas geminatus,NE,"Pareas geminatus Ding, Chen, Suwannapoom, Nguyen, Pogarkov & Vogel, 2020",EXACT,Pareas geminatus
Pareas guanyinshanensis,NE,"Pareas Wagler, 1830",HIGHERRANK,Pareas guanyinshanensis
Pareas hamptoni,LC,"Pareas hamptoni (Boulenger, 1905)",EXACT,Pareas hamptoni
Pareas menglaensis,NE,"Pareas menglaensis Wang, Che, Liu, Ki, Jin, Jiang, Shi & Guo, 2020",EXACT,Pareas menglaensis
Pareas mengziensis,LC,"Pareas mengziensis Wang, Che, Liu, Ki, Jin, Jiang, Shi & Guo, 2020",EXACT,Pareas mengziensis
Pareas niger,LC,"Pareas niger Pope, 1928",EXACT,Pareas niger
Pareas orientalis,NE,"Pareas Wagler, 1830",HIGHERRANK,Pareas orientalis
Pareas sp. nov.,NE,"Pareas Wagler, 1830",HIGHERRANK,Pareas sp. nov.
Pareas stanleyi,DD,"Pareas stanleyi (Boulenger, 1914)",EXACT,Pareas stanleyi
Pareas xuelinensis,DD,"Pareas xuelinensis Liu & Rao, 2021",EXACT,Pareas xuelinensis
Pelophylax chosenicus,VU,"Pelophylax chosenicus (Okada, 1931)",EXACT,Pelophylax chosenicus
Pelophylax hubeiensis,LC,"Pelophylax hubeiensis (Fei & Ye, 1982)",EXACT,Pelophylax hubeiensis
Pelophylax mongolius,NE,"Pelophylax mongolicus (Schmidt, 1925) Zhou, He, Ma, Xu, Zhai, Guan, Wang & Shi, 2022",FUZZY,Pelophylax mongolius
Pelophylax nigromaculatus,LC,"Pelophylax nigromaculatus (Hallowell, 1861)",EXACT,Pelophylax nigromaculatus
Pelophylax plancyi,LC,"Pelophylax plancyi (Lataste, 1880)",EXACT,Pelophylax plancyi
Phrynocephalus forsythii,LC,"Phrynocephalus forsythii Anderson, 1872",EXACT,Phrynocephalus forsythii
Phrynocephalus kangsuensis,NE,"Phrynocephalus Kaup, 1825",HIGHERRANK,Phrynocephalus kangsuensis
Plagiopholis styani,LC,"Plagiopholis styani (Boulenger, 1899)",EXACT,Plagiopholis styani
Platysternon baiseensis,NE,"Platysternon Gray, 1831",HIGHERRANK,Platysternon baiseensis
Platysternon sp.,NE,"Platysternon Gray, 1831",HIGHERRANK,Platysternon sp.
Plestiodon capito,LC,"Plestiodon capito (Bocourt, 1879)",EXACT,Plestiodon capito
Plestiodon chinensis,LC,"Plestiodon chinensis (Gray, 1838)",EXACT,Plestiodon chinensis
Plestiodon elegans,LC,"Plestiodon elegans (Boulenger, 1887)",EXACT,Plestiodon elegans
Polypedates megacephalus,LC,"Polypedates megacephalus Hallowell, 1861",EXACT,Polypedates megacephalus
Polypedates mutus,LC,"Polypedates mutus (Smith, 1940)",EXACT,Polypedates mutus
Polypedates teraiensis,LC,"Polypedates teraiensis (Dubois, 1987)",EXACT,Polypedates teraiensis
Protobothrops cornutus,NT,"Protobothrops cornutus (Smith, 1930)",EXACT,Protobothrops cornutus
Protobothrops dabieshanensis,NE,"Protobothrops dabieshanensis Huang, Pan, Han, Zhang, Hou, Yu, Zheng & Zhang, 2012",EXACT,Protobothrops dabieshanensis
Protobothrops himalayanus,LC,"Protobothrops himalayanus Pan, Chettri, Yang, Jiang, Wang, Zhang & Vogel, 2013",EXACT,Protobothrops himalayanus
Protobothrops jerdonii,LC,"Protobothrops jerdonii (Günther, 1875)",EXACT,Protobothrops jerdonii
Protobothrops mucrosquamatus,LC,"Protobothrops mucrosquamatus (Cantor, 1839)",EXACT,Protobothrops mucrosquamatus
Protobothrops xiangchengensis,LC,"Protobothrops xiangchengensis (Zhao, Jiang & Huang, 1978)",EXACT,Protobothrops xiangchengensis
Protohynobius puxiongensis,CR,"Protohynobius puxiongensis Fei & Ye, 2000",EXACT,Protohynobius puxiongensis
Psammodynastes pulverulentus,LC,"Psammodynastes pulverulentus (Boie, 1827)",EXACT,Psammodynastes pulverulentus
Pseudapibtocalamus,NE,Animalia,HIGHERRANK,Pseudapibtocalamus
Pseudocalotes jingpo,NE,"Pseudocalotes Fitzinger, 1843",HIGHERRANK,Pseudocalotes jingpo
Pseudohynobius guizhouensis,DD,"Pseudohynobius guizhouensis Li, Tian & Gu, 2010",EXACT,Pseudohynobius guizhouensis
Pseudohynobius jinfo,EN,"Pseudohynobius jinfo Wei, Xiong & Zeng, 2009",EXACT,Pseudohynobius jinfo
Pseudohynobius tsinpaensis,NE,"Pseudohynobius tsinpaensis (Liu & Hu, 1966)",EXACT,Pseudohynobius tsinpaensis
Pseudohynobius yunwuensis,NE,"Pseudohynobius Fei & Yang, 1983",HIGHERRANK,Pseudohynobius yunwuensis
Pseudoxenodon bambusicola,LC,"Pseudoxenodon bambusicola Vogt, 1922",EXACT,Pseudoxenodon bambusicola
Pseudoxenodon karlschmidti,LC,"Pseudoxenodon karlschmidti Pope, 1928",EXACT,Pseudoxenodon karlschmidti
Pseudoxenodon macrops,LC,"Pseudoxenodon macrops (Blyth, 1855)",EXACT,Pseudoxenodon macrops
Pseudoxenodon stejnegeri,LC,"Pseudoxenodon stejnegeri Barbour, 1908",EXACT,Pseudoxenodon stejnegeri
Ptyas dhumnades,LC,"Ptyas dhumnades (Cantor, 1842)",EXACT,Ptyas dhumnades
Ptyas major,LC,"Ptyas major (Günther, 1858)",EXACT,Ptyas major
Ptyas multicinctus,LC,"Ptyas multicincta (Roux, 1907)",FUZZY,Ptyas multicinctus
Ptyas nigromarginata,LC,"Ptyas nigromarginata (Blyth, 1854)",EXACT,Ptyas nigromarginata
Python molurus bivittatus,VU,"Python molurus bivittatus Kuhl, 1820",EXACT,Python molurus bivittatus
Quasipaa delacouri,LC,"Quasipaa delacouri (Angel, 1928)",EXACT,Quasipaa delacouri
Quasipaa exilispinosa,LC,"Quasipaa exilispinosa (Liu & Hu, 1975)",EXACT,Quasipaa exilispinosa
Quasipaa robertingeri,VU,"Quasipaa robertingeri (Wu & Zhao, 1995)",EXACT,Quasipaa robertingeri
Quasipaa verrucospinosa,LC,"Quasipaa verrucospinosa (Bourret, 1937)",EXACT,Quasipaa verrucospinosa
Quasipaa yunkaiensis,NE,"Quasipaa Dubois, 1992",HIGHERRANK,Quasipaa yunkaiensis
Rana chaochiaoensis,LC,"Rana chaochiaoensis Liu, 1946",EXACT,Rana chaochiaoensis
Rana coreana,LC,"Rana coreana Okada, 1928",EXACT,Rana coreana
Rana culaiensis,DD,"Rana culaiensis Li, Lu & Li, 2008",EXACT,Rana culaiensis
Rana dabieshanensis,DD,"Rana dabieshanensis Wang, Qian, Zhang, Guo, Pan, Wu, Wang & Zhang, 2017",EXACT,Rana dabieshanensis
Rana dybowskii,NT,"Rana dybowskii Günther, 1876",EXACT,Rana dybowskii
Rana hanluica,LC,"Rana hanluica Shen, Jiang & Yang, 2007",EXACT,Rana hanluica
Rana huanrenensis,LC,"Rana huanrenensis Fei, Ye & Huang, 1990",EXACT,Rana huanrenensis
Rana jiemuxiensis,DD,"Rana jiemuxiensis Yan, Jiang, Chen, Fang, Jin, Li, Wang, Murphy, Che & Zhang, 2011",EXACT,Rana jiemuxiensis
Rana jiulingensis,NE,"Rana jiulingensis Wan, Lyu & Wang, 2020",EXACT,Rana jiulingensis
Rana johnsi,LC,"Rana johnsi Smith, 1921",EXACT,Rana johnsi
Rana longicus,VU,"Rana longicrus Stejneger, 1898",FUZZY,Rana longicus
Rana luanchuanensis,DD,"Rana luanchuanensis Zhao & Yuan, 2017",EXACT,Rana luanchuanensis
Rana minuscula,NE,"Rana Linnaeus, 1758",HIGHERRANK,Rana minuscula
Rana qui,NE,"Rana Linnaeus, 1758",HIGHERRANK,Rana qui
Rana sangzhiensis,LC,"Rana sangzhiensis Shen, 1986",EXACT,Rana sangzhiensis
Rana taihangensis,NE,"Rana Linnaeus, 1758",HIGHERRANK,Rana taihangensis
Rana wuyiensis,NE,"Rana wuyiensis Wu, Shi, Zhang, Chen, Cai, Hoang, Wu & Wang, 2021",EXACT,Rana wuyiensis
Raorchestes cangyuanensis,NE,"Raorchestes cangyuanensis Wu, Suwannapoom, Xu, Murphy & Che, 2019",EXACT,Raorchestes cangyuanensis
Raorchestes hekouensis,NE,"Raorchestes Biju, Shouche, Dubois, Dutta & Bossuyt, 2010",HIGHERRANK,Raorchestes hekouensis
Raorchestes hillisi,NE,"Raorchestes hillisi Jiang, Ren, Guo, Wang & Li, 2020",EXACT,Raorchestes hillisi
Raorchestes huanglianshan,NE,"Raorchestes huanglianshan Jiang, Wang, Ren & Li, 2020",EXACT,Raorchestes huanglianshan
Raorchestes malipoensis,NE,"Raorchestes malipoensis Huang, Liu, Du, Bernstein, Liu, Yang, Yu & Wu, 2023",EXACT,Raorchestes malipoensis
Raorchestes menglaensis,LC,"Raorchestes menglaensis (Kou, 1990)",EXACT,Raorchestes menglaensis
Rhabdophis chiwen,LC,"Rhabdophis chiwen Chen, Ding, Chen & Piao, 2020",EXACT,Rhabdophis chiwen
Rhabdophis kaiyuanensis,NE,"Rhabdophis Fitzinger, 1843",HIGHERRANK,Rhabdophis kaiyuanensis
Rhabdophis nuchalis,LC,"Rhabdophis nuchalis (Boulenger, 1891)",EXACT,Rhabdophis nuchalis
Rhabdophis shuichengensis,NE,"Rhabdophis Fitzinger, 1843",HIGHERRANK,Rhabdophis shuichengensis
Rhacophorus dulongensis,NE,Animalia,HIGHERRANK,Rhacophorus dulongensis
Rhacophorus medogensis,NE,Animalia,HIGHERRANK,Rhacophorus medogensis
Rhacophorus napoensis,NE,"Rhacophorus napoensis Li, Liu, Yu & Sun, 2022",EXACT,Rhacophorus napoensis
Rhacophorus orlovi,LC,"Rhacophorus orlovi Ziegler & Köhler, 2001",EXACT,Rhacophorus orlovi
Rhacophorus qiongica,NE,Animalia,HIGHERRANK,Rhacophorus qiongica
Rhacophorus rhodopus,LC,"Rhacophorus rhodopus Liu & Hu, 1960",EXACT,Rhacophorus rhodopus
Rohanixalus shyamrupus,LC,"Rohanixalus shyamrupus (Chandra & Ghosh, 1989)",EXACT,Rohanixalus shyamrupus
Rohanixalus sp.2,NE,"Rohanixalus Biju, Garg, Gokulakrishnan, Chandrakasan, Thammachoti, Ren, Gopika, Bisht, Hamidy & Shouche, 2020",HIGHERRANK,Rohanixalus sp.2
Sacalia bealei,EN,"Sacalia bealei (Gray, 1831)",EXACT,Sacalia bealei
Scincella fansipanensis,NE,"Scincella Mittleman, 1950",HIGHERRANK,Scincella fansipanensis
Scincella huanrenensis,CR,"Scincella huanrenensis Zhao & Huang, 1982",EXACT,Scincella huanrenensis
Scincella liangshanensis,NE,"Scincella Mittleman, 1950",HIGHERRANK,Scincella liangshanensis
Scincella modesta,LC,"Scincella modesta (Günther, 1864)",EXACT,Scincella modesta
Scincella tenuistriata,NE,"Scincella Mittleman, 1950",HIGHERRANK,Scincella tenuistriata
Scutiger feiliangi,NE,"Scutiger Theobald, 1868",HIGHERRANK,Scutiger feiliangi
Scutiger liupanensis,EN,"Scutiger liupanensis Huang, 1985",EXACT,Scutiger liupanensis
Scutiger luozhaensis,NE,"Scutiger Theobald, 1868",HIGHERRANK,Scutiger luozhaensis
Scutiger ningshanensis,LC,"Scutiger ningshanensis Fang, 1985",EXACT,Scutiger ningshanensis
Scutiger spinosus,CR,"Scutiger spinosus Jiang, Wang, Li & Che, 2016",EXACT,Scutiger spinosus
Scutiger tengchongensis,DD,"Scutiger tengchongensis Yang & Huang, 2019",EXACT,Scutiger tengchongensis
Sibynophis chinensis,LC,"Sibynophis chinensis (Günther, 1889)",EXACT,Sibynophis chinensis
Sinomicrurus houi,LC,"Sinomicrurus houi Wang, Peng & Huang, 2018",EXACT,Sinomicrurus houi
Sinomicrurus kelloggi,LC,"Sinomicrurus kelloggi (Pope, 1928)",EXACT,Sinomicrurus kelloggi
Sinomicrurus macclellandi,LC,"Sinomicrurus macclellandi (Reinhardt, 1844)",EXACT,Sinomicrurus macclellandi
Sinomicrurus peinani,NE,"Sinomicrurus peinani Liu, Yan, Hou, Wang, Nguyen, Murphy, Che & Guo, 2020",EXACT,Sinomicrurus peinani
Sphenomorphus cryptotis,LC,"Sphenomorphus cryptotis Darevsky, Orlov & Cuc, 2004",EXACT,Sphenomorphus cryptotis
Sphenomorphus incognitus,LC,"Sphenomorphus incognitus (Thompson, 1912)",EXACT,Sphenomorphus incognitus
Sphenomorphus maculatus,LC,"Sphenomorphus maculatus (Blyth, 1853)",EXACT,Sphenomorphus maculatus
Sphenomorphus tonkinensis,LC,"Sphenomorphus tonkinensis Nguyen, Schmitz, Nguyen, Orlov, Böhme & Ziegler, 2011",EXACT,Sphenomorphus tonkinensis
Stichophanes ningshaanensis,NT,"Stichophanes ningshaanensis (Yuan, 1983)",EXACT,Stichophanes ningshaanensis
Sylvirana latouchii,NE,"Sylvirana latouchii (Boulenger, 1899)",EXACT,Sylvirana latouchii
Sylvirana nigrotympanica,LC,"Hylarana nigrotympanica (Dubois, 1992)",EXACT,Hylarana nigrotympanica
Takydromus intermedius,LC,"Takydromus intermedius Stejneger, 1924",EXACT,Takydromus intermedius
Takydromus kuehnei,LC,"Takydromus kuehnei Van Denburgh, 1909",EXACT,Takydromus kuehnei
Takydromus septentrionalis,LC,"Takydromus septentrionalis Günther, 1864",EXACT,Takydromus septentrionalis
Takydromus sylvaticus,LC,"Takydromus sylvaticus (Pope, 1928)",EXACT,Takydromus sylvaticus
Takydromus wolteri,LC,"Takydromus wolteri Fischer, 1885",EXACT,Takydromus wolteri
Takydromus yunkaiensis,NE,"Takydromus yunkaiensis Wang, Lyu & Wang, 2019",EXACT,Takydromus yunkaiensis
Teratoscincus przewalskii,LC,"Teratoscincus przewalskii Strauch, 1887",EXACT,Teratoscincus przewalskii
Testudo horsfieldii,VU,"Testudo horsfieldii Gray, 1844",EXACT,Testudo horsfieldii
Theloderma albopunctatum,LC,"Theloderma albopunctatum (Liu & Hu, 1962)",EXACT,Theloderma albopunctatum
Theloderma bicolor,LC,"Theloderma bicolor (Bourret, 1937)",EXACT,Theloderma bicolor
Theloderma corticale,LC,"Theloderma corticale (Boulenger, 1903)",EXACT,Theloderma corticale
Theloderma gordoni,LC,"Theloderma gordoni Taylor, 1962",EXACT,Theloderma gordoni
Theloderma hekouense,NE,"Theloderma hekouense Du, Wang, Liu & Yu, 2022",EXACT,Theloderma hekouense
Theloderma khoii,NE,"Theloderma khoii Ninh, Nguyen, Nguyen, Hoang, Siliyavong, Nguyen, Le, Le & Ziegler, 2022",EXACT,Theloderma khoii
Theloderma kwangsiense,LC,"Theloderma kwangsiense (Liu & Hu, 1962)",EXACT,Theloderma kwangsiense
Theloderma kwangsiensis,NE,"Theloderma kwangsiensis (Liu & Hu, 1962)",EXACT,Theloderma kwangsiensis
Theloderma moloch,LC,"Theloderma moloch (Annandale, 1912)",EXACT,Theloderma moloch
Theloderma pyaukkya,LC,"Theloderma pyaukkya Dever, 2017",EXACT,Theloderma pyaukkya
Theloderma rhododiscus,LC,"Theloderma rhododiscus (Liu & Hu, 1962)",EXACT,Theloderma rhododiscus
Thermophis shangrila,EN,"Thermophis shangrila Peng, Lu, Huang, Guo & Zhang, 2014",EXACT,Thermophis shangrila
Thermophis zhaoermii,EN,"Thermophis zhaoermii Guo, Liu, Feng & He, 2008",EXACT,Thermophis zhaoermii
Torrentophryne aspinia,EN,"Torrentophryne aspinia Rao & Yang, 1994",EXACT,Torrentophryne aspinia
Torrentophryne cryptotympanicus,LC,"Bufo cryptotympanicus Liu & Hu, 1962",EXACT,Bufo cryptotympanicus
Trachischium nyalamense,NE,"Trachischium Günther, 1853",HIGHERRANK,Trachischium nyalamense
Trimeresurus guoi,NE,"Trimeresurus guoi Chen, Shi, Vogel & Ding, 2021",EXACT,Trimeresurus guoi
Trimeresurus popeiorum,LC,"Trimeresurus popeiorum Smith, 1937",EXACT,Trimeresurus popeiorum
Trimeresurus sichuanensis,DD,"Trimeresurus sichuanensis (Guo & Wang, 2011)",EXACT,Trimeresurus sichuanensis
Trimeresurus yingjiangensis,NE,"Trimeresurus yingjiangensis Chen, Zhang, Shi, Tang, Guo, Song & Ding, 2019",EXACT,Trimeresurus yingjiangensis
Tropidophorus berdmorei,LC,"Tropidophorus berdmorei (Blyth, 1853)",EXACT,Tropidophorus berdmorei
Tropidophorus guangxiensis,DD,"Tropidophorus guangxiensis Wen, 1992",EXACT,Tropidophorus guangxiensis
Tropidophorus hainanus,LC,"Tropidophorus hainanus Smith, 1923",EXACT,Tropidophorus hainanus
Tropidophorus kouzhitongi,NE,Animalia,HIGHERRANK,Tropidophorus kouzhitongi
Tropidophorus sinicus,LC,"Tropidophorus sinicus Boettger, 1886",EXACT,Tropidophorus sinicus
Tylototriton daweishanensis,NE,"Tylototriton daweishanensi Zhao, Rao, Liu, Li & Yuan, 2012",FUZZY,Tylototriton daweishanensis
Tylototriton gaowangjienensis,NE,"Tylototriton Anderson, 1871",HIGHERRANK,Tylototriton gaowangjienensis
Tylototriton huangyanensis,NE,"Tylototriton Anderson, 1871",HIGHERRANK,Tylototriton huangyanensis
Tylototriton maolanensis,NE,"Tylototriton Anderson, 1871",HIGHERRANK,Tylototriton maolanensis
Tylototriton sini,NE,"Tylototriton sini Lyu, Wang, Zeng, Zhou, Qi, Wan, Li & Wang, 2021",EXACT,Tylototriton sini
Tylototriton yangi,EN,"Tylototriton yangi Hou, Zhang, Zhou, Li & Lu, 2012",EXACT,Tylototriton yangi
Tylototriton ziegleri,VU,"Tylototriton ziegleri Nishikawa, Matsui & Nguyen, 2013",EXACT,Tylototriton ziegleri
Varanus irrawadicus,NT,"Varanus irrawadicus Yang & Li, 1987",EXACT,Varanus irrawadicus
Vibrissaphora boringii,EN,"Vibrissaphora boringii Liu, 1945",EXACT,Vibrissaphora boringii
Vibrissaphora promustache,EN,"Vibrissaphora promustache Rao, Wilkinson & Zhang, 2006",EXACT,Vibrissaphora promustache
Vietnamophryne orlovi,DD,"Vietnamophryne orlovi Poyarkov, Suwannapoom, Pawangkhanant, Aksornneam, Duong, Korost & Che, 2018",EXACT,Vietnamophryne orlovi
Wjayarana melasma,LC,"Wijayarana melasma (Stuart & Chan-ard, 2005)",EXACT,Wijayarana melasma
Xenophrys lishuiensis,DD,"Xenophrys lishuiensis Wang, Liu & Jiang, 2017",EXACT,Xenophrys lishuiensis
Xenophrys major,LC,"Xenophrys major (Boulenger, 1908)",EXACT,Xenophrys major
Xenophrys mangshanensis,LC,"Xenophrys mangshanensis (Fei & Ye, 1990)",EXACT,Xenophrys mangshanensis
Xenophrys maosonensis,DD,"Xenophrys maosonensis (Bourret, 1937)",EXACT,Xenophrys maosonensis
Xenophrys medogensis,EN,"Xenophrys medogensis (Fei, Ye & Huang, 1983)",EXACT,Xenophrys medogensis
Xenophrys omeimontis,LC,"Xenophrys omeimontis (Liu, 1950)",EXACT,Xenophrys omeimontis
Xenophrys pangdaensis,,"Xenophrys Günther, 1864",HIGHERRANK,Xenophrys pangdaensis
Xenophrys periosa,EN,"Megophrys periosa Mahony, Kamei, Teeling & Biju, 2018",EXACT,Megophrys periosa
Xenophrys tongbiguanensis,,"Xenophrys Günther, 1864",HIGHERRANK,Xenophrys tongbiguanensis
Xenophrys yingjiangensis,,"Xenophrys Günther, 1864",HIGHERRANK,Xenophrys yingjiangensis
Yaotriton anhuiensis,CR,"Tylototriton anhuiensis Qian, Sun, Li, Guo, Pan, Kang, Wang, Jiang, Wu & Zhang, 2017",EXACT,Tylototriton anhuiensis
Yaotriton asperrimus,NT,"Yaotriton asperrimus (Unterstein, 1930)",EXACT,Yaotriton asperrimus
Yaotriton broadoridgus,VU,"Yaotriton broadoridgus (Shen, Jiang & Mo, 2012)",EXACT,Yaotriton broadoridgus
Yaotriton liuyangensis,EN,"Tylototriton liuyangensis Yang, Jiang, Shen & Fei, 2014",EXACT,Tylototriton liuyangensis
Yerana yei,VU,"Yerana yei (Chen, Qu & Jiang, 2002)",EXACT,Yerana yei
Zhangixalus burmanus,LC,"Zhangixalus burmanus (Andersson, 1939)",EXACT,Zhangixalus burmanus
Zhangixalus daweishanensis,NE,"Zhangixalus Li, Jiang, Ren & Jiang, 2019",HIGHERRANK,Zhangixalus daweishanensis
Zhangixalus dennysi,LC,"Zhangixalus dennysi (Blanford, 1881)",EXACT,Zhangixalus dennysi
Zhangixalus franki,DD,"Zhangixalus franki Ninh, Nguyen, Orlov, Nguyen & Ziegler, 2020",EXACT,Zhangixalus franki
Zhangixalus hongchibaensis,EN,"Zhangixalus hongchibaensis (Li, Liu, Chen, Wu, Murphy, Zhao, Wang & Zhang, 2012)",EXACT,Zhangixalus hongchibaensis
Zhangixalus leucofasciatus,DD,"Zhangixalus leucofasciatus (Liu & Hu, 1962)",EXACT,Zhangixalus leucofasciatus
Zhangixalus lishuiensis,DD,"Zhangixalus lishuiensis (Liu, Wang & Jiang, 2017)",EXACT,Zhangixalus lishuiensis
Zhangixalus minimus,NT,"Zhangixalus minimus (Rao, Wilkinson & Liu, 2006)",EXACT,Zhangixalus minimus
Zhangixalus nigropunctatus,LC,"Zhangixalus nigropunctatus (Liu, Hu & Yang, 1962)",EXACT,Zhangixalus nigropunctatus
Zhangixalus omeimontis,LC,"Zhangixalus omeimontis (Stejneger, 1924)",EXACT,Zhangixalus omeimontis
Zhangixalus pachyproctus,NE,"Zhangixalus pachyproctus Yu, Hui, Hou, Wu, Rao & Yang, 2019",EXACT,Zhangixalus pachyproctus
Zhangixalus pinglongensis,DD,"Zhangixalus pinglongensis (Mo, Chen, Liao & Zhou, 2016)",EXACT,Zhangixalus pinglongensis
Zhangixalus wui,VU,"Zhangixalus wui (Li, Liu, Chen, Wu, Murphy, Zhao, Wang & Zhang, 2012)",EXACT,Zhangixalus wui
Zhangixalus zhoukaiyae,DD,"Zhangixalus zhoukaiyae (T.Pan, Y.Zhang & B.Zhang, 2017)",EXACT,Zhangixalus zhoukaiyae
