Duplicate_group_id,Group_size,Species_key,New_distribution_province,Source_row,Source_publication_year,Resolution_status,Retained_source_row,Source_citation
DUP001,2,Achalinus dabieshanensis,河南,449,2024,retained；同最早年多条，保留行序最先者，需人工裁定,449,"刘清熔, 侯银梦, 陈卓, & 陈晓虹 (2024). 河南发现大别山脊蛇 动物学杂志, 59(6), 974-980 https://doi.org/10.13859/j.cjz.202424019"
DUP001,2,Achalinus dabieshanensis,河南,1828,2024,removed_later_duplicate,449,"刘清熔, 侯银梦, 陈卓, & 陈晓虹 (2024). 河南发现大别山脊蛇 动物学杂志, 59(6), 974-980 https://doi.org/10.13859/j.cjz.202424019"
DUP002,2,Achalinus dehuaensis,浙江,2194,2024,retained；同最早年多条，保留行序最先者，需人工裁定,2194,黄汝怡、杨典成、吴军、朱滨清、黄松、李晨虹 (2024) 动物学杂志 10.13859/j.cjz.202423202
DUP002,2,Achalinus dehuaensis,浙江,2195,2024,removed_later_duplicate,2194,黄汝怡、杨典成、吴军、朱滨清、黄松、李晨虹 (2024) 动物学杂志 10.13859/j.cjz.202423202
DUP003,2,Achalinus spinalis,湖南,533,,removed_later_duplicate,1878,
DUP003,2,Achalinus spinalis,湖南,1878,2025,retained,1878,"Yanyuan Xie and Yuhui Li and Zhengjun Wu and Zening Chen (2025). First record of Achalinus hunanensis Ma, Shi, Xiang, Shu & Jiang, 2023 (Serpentes, Xenodermidae) in Guangxi, China, with supplementary morphological information Biodiversity Data Journal, 13 https://doi.org/10.3897/BDJ.13.e168622"
DUP004,2,Achalinus yunkaiensis,湖南,203,2023,retained；同最早年多条，保留行序最先者，需人工裁定,203,
DUP004,2,Achalinus yunkaiensis,湖南,2174,2023,removed_later_duplicate,203,马舜、石胜超、江建平 (2023) 动物学杂志 10.13859/j.cjz.202305010
DUP005,2,Amolops sinensis,湖北,1950,2025,retained；同最早年多条，保留行序最先者，需人工裁定,1950,
DUP005,2,Amolops sinensis,湖北,2011,2025,removed_later_duplicate,1950,
DUP006,3,Amolops truongi,云南,1110,2024,retained；同最早年多条，保留行序最先者，需人工裁定,1110,"Shuo Liu and Mingzhong Mo and Jimin Guo and Yi Lu and Wen Wang and Wenxiang Zhang and Dingqi Rao and Song Li (2024). First record of Amolops truongi Pham, Pham, Ngo, Sung, Ziegler & Le, 2023 (Anura, Ranidae) from China Yunnan Huanglianshan National Nature https://doi.org/10.3897/herpetozoa.37.e121610"
DUP006,3,Amolops truongi,云南,1111,2024,removed_later_duplicate,1110,"Shuo Liu and Mingzhong Mo and Jimin Guo and Yi Lu and Wen Wang and Wenxiang Zhang and Dingqi Rao and Song Li (2024). First record of Amolops truongi Pham, Pham, Ngo, Sung, Ziegler & Le, 2023 (Anura, Ranidae) from China Yunnan Huanglianshan National Nature https://doi.org/10.3897/herpetozoa.37.e121610"
DUP006,3,Amolops truongi,云南,1816,2024,removed_later_duplicate,1110,"Shuo Liu and Mingzhong Mo and Jimin Guo and Yi Lu and Wen Wang and Wenxiang Zhang and Dingqi Rao and Song Li (2024). First record of Amolops truongi Pham, Pham, Ngo, Sung, Ziegler & Le, 2023 (Anura, Ranidae) from China Yunnan Huanglianshan National Nature https://doi.org/10.3897/herpetozoa.37.e121610"
DUP007,5,Amolops vitreus,云南,582,2024,retained；同最早年多条，保留行序最先者，需人工裁定,582,"Yun-He Wu and Zhong-Bin Yu and Chen-Qi Lu and Yin-Peng Zhang and Wen-Jie Dong and Xiao-Long Liu and Felista Kasyoka Kilunda and Yun Xiong and Yun-Fang Jiang and Hong Ouyang and Zhong-Xiong Fu and Yun-Biao He and Zhi-Yong Yuan and Jing Che (2024). A new species of the genus Amolops (Amphibia: Ranidae) and the first national record of Amolops vitreus from China Vertebrate Zoology, 74, 343–357 https://doi.org/10.3897/vz.74.e108013"
DUP007,5,Amolops vitreus,云南,584,2024,removed_later_duplicate,582,"Yun-He Wu and Zhong-Bin Yu and Chen-Qi Lu and Yin-Peng Zhang and Wen-Jie Dong and Xiao-Long Liu and Felista Kasyoka Kilunda and Yun Xiong and Yun-Fang Jiang and Hong Ouyang and Zhong-Xiong Fu and Yun-Biao He and Zhi-Yong Yuan and Jing Che (2024). A new species of the genus Amolops (Amphibia: Ranidae) and the first national record of Amolops vitreus from China Vertebrate Zoology, 74, 343–357 https://doi.org/10.3897/vz.74.e108013"
DUP007,5,Amolops vitreus,云南,586,2024,removed_later_duplicate,582,"Yun-He Wu and Zhong-Bin Yu and Chen-Qi Lu and Yin-Peng Zhang and Wen-Jie Dong and Xiao-Long Liu and Felista Kasyoka Kilunda and Yun Xiong and Yun-Fang Jiang and Hong Ouyang and Zhong-Xiong Fu and Yun-Biao He and Zhi-Yong Yuan and Jing Che (2024). A new species of the genus Amolops (Amphibia: Ranidae) and the first national record of Amolops vitreus from China Vertebrate Zoology, 74, 343–357 https://doi.org/10.3897/vz.74.e108013"
DUP007,5,Amolops vitreus,云南,594,2024,removed_later_duplicate,582,"Yun-He Wu and Zhong-Bin Yu and Chen-Qi Lu and Yin-Peng Zhang and Wen-Jie Dong and Xiao-Long Liu and Felista Kasyoka Kilunda and Yun Xiong and Yun-Fang Jiang and Hong Ouyang and Zhong-Xiong Fu and Yun-Biao He and Zhi-Yong Yuan and Jing Che (2024). A new species of the genus Amolops (Amphibia: Ranidae) and the first national record of Amolops vitreus from China Vertebrate Zoology, 74, 343–357 https://doi.org/10.3897/vz.74.e108013"
DUP007,5,Amolops vitreus,云南,596,2024,removed_later_duplicate,582,"Yun-He Wu and Zhong-Bin Yu and Chen-Qi Lu and Yin-Peng Zhang and Wen-Jie Dong and Xiao-Long Liu and Felista Kasyoka Kilunda and Yun Xiong and Yun-Fang Jiang and Hong Ouyang and Zhong-Xiong Fu and Yun-Biao He and Zhi-Yong Yuan and Jing Che (2024). A new species of the genus Amolops (Amphibia: Ranidae) and the first national record of Amolops vitreus from China Vertebrate Zoology, 74, 343–357 https://doi.org/10.3897/vz.74.e108013"
DUP008,3,Azemiops feae,广东,1989,2012,retained；同最早年多条，保留行序最先者，需人工裁定,1989,
DUP008,3,Azemiops feae,广东,1990,2012,removed_later_duplicate,1989,
DUP008,3,Azemiops feae,广东,1991,2012,removed_later_duplicate,1989,
DUP009,2,Batrachuperus karlschmidti,青海,1839,2014,retained；同最早年多条，保留行序最先者，需人工裁定,1839,"丁义晶、王贵虎、陈振宁、石长宏、马永贵、许升全 (2014). 青海省发现两栖纲小鲵科无斑山溪鲵 动物学杂志, 49(3), 428-431 https://doi.org/10.13859/j.cjz.201403016"
DUP009,2,Batrachuperus karlschmidti,青海,1840,2014,removed_later_duplicate,1839,"丁义晶、王贵虎、陈振宁、石长宏、马永贵、许升全 (2014). 青海省发现两栖纲小鲵科无斑山溪鲵 动物学杂志, 49(3), 428-431 https://doi.org/10.13859/j.cjz.201403016"
DUP010,2,Boiga stoliczkae,西藏,999,2023,retained；同最早年多条，保留行序最先者，需人工裁定,999,Unknown Author (2023). Biodiversity Data Journal 12: e123669 doi: 10. Biodiversity Data Journal https://doi.org/10.3897/BDJ.12.e123669
DUP010,2,Boiga stoliczkae,西藏,1000,2023,removed_later_duplicate,999,Unknown Author (2023). Biodiversity Data Journal 12: e123669 doi: 10. Biodiversity Data Journal https://doi.org/10.3897/BDJ.12.e123669
DUP011,2,Boulenophrys boettgeri,湖北,1778,2011,removed_later_duplicate,1780,"戴宗兴、张洪茂、周权、刘绪生 (2011). 湖北省两栖动物资源概况 四川动物, 30(1), 144-147 https://doi.org/10.3969/j.issn.1000-7083.2011.01.036"
DUP011,2,Boulenophrys boettgeri,湖北,1780,2009,retained,1780,"戴宗兴、李神斌、郑志章、龚仁琥、刘绪生 (2009). 湖北省两栖类新纪录———淡肩角蟾、短肢角蟾 四川动物, 28(2), 291-291"
DUP012,2,Boulenophrys brachykolos,湖北,1779,2011,removed_later_duplicate,1784,"戴宗兴、张洪茂、周权、刘绪生 (2011). 湖北省两栖动物资源概况 四川动物, 30(1), 144-147 https://doi.org/10.3969/j.issn.1000-7083.2011.01.036"
DUP012,2,Boulenophrys brachykolos,湖北,1784,2009,retained,1784,"戴宗兴、李神斌、郑志章、龚仁琥、刘绪生 (2009). 湖北省两栖类新纪录———淡肩角蟾、短肢角蟾 四川动物, 28(2), 291-291"
DUP013,2,Boulenophrys mirabilis,湖南,519,2024,retained；同最早年多条，保留行序最先者，需人工裁定,519,"张志强, 周琳, 刘佳昱, 李辉, 莫小阳, 王建军, & 杨盛东 (2024). 湖南南山国家公园发现花坪角蟾 动物学杂志, 59(2), 269-275 https://doi.org/10.13859/j.cjz.202423123"
DUP013,2,Boulenophrys mirabilis,湖南,1947,2024,removed_later_duplicate,519,"张志强, 周琳, 刘佳昱, 李辉, 莫小阳, 王建军, & 杨盛东 (2024). 湖南南山国家公园发现花坪角蟾 动物学杂志, 59(2), 269-275 https://doi.org/10.13859/j.cjz.202423123"
DUP014,2,Boulenophrys sangzhiensis,湖北,1952,2025,retained；同最早年多条，保留行序最先者，需人工裁定,1952,
DUP014,2,Boulenophrys sangzhiensis,湖北,2013,2025,removed_later_duplicate,1952,
DUP015,2,Bufo rubroventromaculatus,广东,2060,2025,retained；同最早年多条，保留行序最先者，需人工裁定,2060,黄忠、王昊天、齐硕、宋晗铭、邓振海、李友余、莫运明、王英永 (2025) 动物学杂志 Chinese Journal of Zoology 10.13859/j.cjz.202525035
DUP015,2,Bufo rubroventromaculatus,广东,2061,2025,removed_later_duplicate,2060,黄忠、王昊天、齐硕、宋晗铭、邓振海、李友余、莫运明、王英永 (2025) 动物学杂志 Chinese Journal of Zoology 10.13859/j.cjz.202525035
DUP016,2,Bufo rubroventromaculatus,广西,1329,2024,retained；同最早年多条，保留行序最先者，需人工裁定,1329,"Shuo Liu and Mian Hou and Mingzhong Mo and Dingqi Rao (2024). First confirmed record of Bufo rubroventromaculatus Orlov, Ananjeva, Ermakov, Lukonina, Ninh & Nguyen, 2024 (Anura, Bufonidae) from China, with supplementary description of this species Biodiversity Data Journal, 12 https://doi.org/10.3897/BDJ.12.e134392"
DUP016,2,Bufo rubroventromaculatus,广西,1815,2024,removed_later_duplicate,1329,"Shuo Liu and Mian Hou and Mingzhong Mo and Dingqi Rao (2024). First confirmed record of Bufo rubroventromaculatus Orlov, Ananjeva, Ermakov, Lukonina, Ninh & Nguyen, 2024 (Anura, Bufonidae) from China, with supplementary description of this species Biodiversity Data Journal, 12 https://doi.org/10.3897/BDJ.12.e134392"
DUP017,2,Calotes versicolor,福建,1755,2022,retained；同最早年多条，保留行序最先者，需人工裁定,1755,"胡政坤、黄勇、姚忠祎、蔡波 (2022). 贵州江口和福建连江分别发现中国棱蜥和变色树蜥 动物学杂志, 57(1), 112-116 https://doi.org/10.13859/j.cjz.202201011"
DUP017,2,Calotes versicolor,福建,1757,2022,removed_later_duplicate,1755,"胡政坤、黄勇、姚忠祎、蔡波 (2022). 贵州江口和福建连江分别发现中国棱蜥和变色树蜥 动物学杂志, 57(1), 112-116 https://doi.org/10.13859/j.cjz.202201011"
DUP018,3,Calotes vindumbarbatus,云南,1112,2022,retained；同最早年多条，保留行序最先者，需人工裁定,1112,"Shuo Liu and Changsheng Zuo and Fawang Yin and Hong Hui and Dingqi Rao (2022). First record of Calotes vindumbarbatus Wagner, Ihlow, Hartmann, Flecks, Schmitz & Böhme, 2021 (Squamata: Agamidae) from China, with revised diagnosis of this species Biodiversity Data Journal, 10 https://doi.org/10.3897/BDJ.10.e77963"
DUP018,3,Calotes vindumbarbatus,云南,1113,2022,removed_later_duplicate,1112,"Shuo Liu and Changsheng Zuo and Fawang Yin and Hong Hui and Dingqi Rao (2022). First record of Calotes vindumbarbatus Wagner, Ihlow, Hartmann, Flecks, Schmitz & Böhme, 2021 (Squamata: Agamidae) from China, with revised diagnosis of this species Biodiversity Data Journal, 10 https://doi.org/10.3897/BDJ.10.e77963"
DUP018,3,Calotes vindumbarbatus,云南,1485,2022,removed_later_duplicate,1112,"Shuo Liu and Changsheng Zuo and Fawang Yin and Hong Hui and Dingqi Rao (2022). First record of Calotes vindumbarbatus Wagner, Ihlow, Hartmann, Flecks, Schmitz & Böhme, 2021 (Squamata: Agamidae) from China, with revised diagnosis of this species Biodiversity Data Journal, 10 https://doi.org/10.3897/BDJ.10.e77963"
DUP019,2,Elaphe bimaculata,内蒙古,548,2010,retained,548,那顺得力格尔、张逦嘉、鲍伟东 (2010) 动物学杂志
DUP019,2,Elaphe bimaculata,内蒙古,1824,2019,removed_later_duplicate,548,"杨婧、李春华、姜秀丽、穆丽光、乌力吉、向昌林、张书理、鲍伟东 (2019). 陆生野生动物长期监测简报 野生动物学报, 40(1), 173-176 https://doi.org/10.19711/j.cnki.issn2310-1490.2019.01.028"
DUP020,5,Elaphe moellendorffi,贵州,2134,2021,retained；同最早年多条，保留行序最先者，需人工裁定,2134,
DUP020,5,Elaphe moellendorffi,贵州,2139,2021,removed_later_duplicate,2134,
DUP020,5,Elaphe moellendorffi,贵州,2141,2021,removed_later_duplicate,2134,
DUP020,5,Elaphe moellendorffi,贵州,2142,2021,removed_later_duplicate,2134,
DUP020,5,Elaphe moellendorffi,贵州,2147,2021,removed_later_duplicate,2134,
DUP021,2,Eremias brenchleyi,辽宁,1808,2014,retained；同最早年多条，保留行序最先者，需人工裁定,1808,"王超、田应洲、谷晓明 (2014). 辽宁省蜥蜴类新纪录———山地麻蜥 四川动物, 33(3), 383-387"
DUP021,2,Eremias brenchleyi,辽宁,1817,2014,removed_later_duplicate,1808,"王超、田应洲、谷晓明 (2014). 辽宁省蜥蜴类新纪录———山地麻蜥 四川动物, 33(3), 383-387"
DUP022,2,Eremias vermiculata,新疆,601,,removed_later_duplicate,659,
DUP022,2,Eremias vermiculata,新疆,659,2014,retained,659,"刘金龙、原秀云、周天和、李大江、Tatjana N.Dujsebayeva、郭宪光 (2014). 新疆天山以北发现爬行动物虫纹麻蜥 动物学杂志, 49(3), 423-427 https://doi.org/10.13859/j.cjz.201403015"
DUP023,3,Gekko palmatus,广东,1052,2024,retained；同最早年多条，保留行序最先者，需人工裁定,1052,"Hao-Tian Wang and Shuo Qi and Dan-Yang Zhou and Ying-Yong Wang (2024). Description of a new karst-adapted species of the subgenus Japonigekko (Squamata: Gekkonidae: Gekko) from Guangxi, southern China Vertebrate Zoology, 74, 121–132 https://doi.org/10.3897/vz.74.e113899"
DUP023,3,Gekko palmatus,广东,1054,2024,removed_later_duplicate,1052,"Hao-Tian Wang and Shuo Qi and Dan-Yang Zhou and Ying-Yong Wang (2024). Description of a new karst-adapted species of the subgenus Japonigekko (Squamata: Gekkonidae: Gekko) from Guangxi, southern China Vertebrate Zoology, 74, 121–132 https://doi.org/10.3897/vz.74.e113899"
DUP023,3,Gekko palmatus,广东,2065,2024,removed_later_duplicate,1052,宋晗铭、王昊天、林泽花、郑寿松、周志恩、龚粤宁、刘志发、李友余、齐硕、王英永 (2024) 动物学杂志 10.13859/j.cjz.202424014
DUP024,2,Gloydius intermedius,北京,1960,2012,retained；同最早年多条，保留行序最先者，需人工裁定,1960,林宣龙、郭冬生 (2012) 动物学杂志
DUP024,2,Gloydius intermedius,北京,2059,2012,removed_later_duplicate,1960,林宣龙、郭冬生 (2012) 动物学杂志
DUP025,2,Gonyosoma boulengeri,云南,258,2022,removed_later_duplicate,590,"王剀、吕植桐、王健、齐硕、车静 (2022). 云南省爬行动物名录和地理区划更新 生物多样性, 30(4), 1-31 https://doi.org/10.17520/biods.2021326"
DUP025,2,Gonyosoma boulengeri,云南,590,2018,retained,590,杨典成、侯勉、彭丽芳、翁仕洋、张勇、黄松 (2018) 动物学杂志 Chinese Journal of Zoology 10.13859/j.cjz.201805022
DUP026,3,Gonyosoma frenatum,湖北,2120,2018,retained；同最早年多条，保留行序最先者，需人工裁定,2120,崔继法、吉晟男、王志先、高学斌、陈健、李俊峰、周友兵 (2018) 动物学杂志 Chinese Journal of Zoology 10.13859/j.cjz.201804019
DUP026,3,Gonyosoma frenatum,湖北,2123,2018,removed_later_duplicate,2120,崔继法、吉晟男、王志先、高学斌、陈健、李俊峰、周友兵 (2018) 动物学杂志 Chinese Journal of Zoology 10.13859/j.cjz.201804019
DUP026,3,Gonyosoma frenatum,湖北,2124,2018,removed_later_duplicate,2120,崔继法、吉晟男、王志先、高学斌、陈健、李俊峰、周友兵 (2018) 动物学杂志 Chinese Journal of Zoology 10.13859/j.cjz.201804019
DUP027,2,Gracixalus guangdongensis,福建,316,2025,retained；同最早年多条，保留行序最先者，需人工裁定,316,"王鹤霖、王臻祺、林清贤、周晓平 (2025). 福建省两栖动物新记录种———广东纤树蛙 厦门大学学报(自然科学版), 64(5), 910-916 https://doi.org/10.6043/j.issn.0438-0479.202407017"
DUP027,2,Gracixalus guangdongensis,福建,2085,2025,removed_later_duplicate,316,冯金英、王鹤霖、王臻祺、钟鸿辉、林清贤、周晓平 (2025) 动物学杂志 10.13859/j.cjz.202525007
DUP028,2,Hebius bitaeniatum,贵州,2148,2012,retained；同最早年多条，保留行序最先者，需人工裁定,2148,
DUP028,2,Hebius bitaeniatum,贵州,2149,2012,removed_later_duplicate,2148,
DUP029,2,Hebius maximus,湖南,1796,2024,retained；同最早年多条，保留行序最先者，需人工裁定,1796,"黄杰、张自亮、李辉、杨鑫宇、胡小龙、唐依萍、刘昕、刘慧、张佑祥、吴涛 (2024). 湖南省爬行动物新纪录——华西腹链蛇及其系统发育分析 生命科学研究, 28(2), 165-170 https://doi.org/10.16605/j.cnki.1007-7847.2023.07.0177"
DUP029,2,Hebius maximus,湖南,1797,2024,removed_later_duplicate,1796,"黄杰、张自亮、李辉、杨鑫宇、胡小龙、唐依萍、刘昕、刘慧、张佑祥、吴涛 (2024). 湖南省爬行动物新纪录——华西腹链蛇及其系统发育分析 生命科学研究, 28(2), 165-170 https://doi.org/10.16605/j.cnki.1007-7847.2023.07.0177"
DUP030,6,Hebius vibakari,江苏,1798,2024,retained；同最早年多条，保留行序最先者，需人工裁定,1798,"叶琳、朱文启、章铁睿、虞磊、高国富、包浩然 (2024). 江苏省蛇类新纪录——东亚腹链蛇 Chinese Journal of Wildlife, 45(1), 216-221 https://doi.org/10.12375/ysdwxb.20240129"
DUP030,6,Hebius vibakari,江苏,1800,2024,removed_later_duplicate,1798,"叶琳、朱文启、章铁睿、虞磊、高国富、包浩然 (2024). 江苏省蛇类新纪录——东亚腹链蛇 Chinese Journal of Wildlife, 45(1), 216-221 https://doi.org/10.12375/ysdwxb.20240129"
DUP030,6,Hebius vibakari,江苏,1801,2024,removed_later_duplicate,1798,"叶琳、朱文启、章铁睿、虞磊、高国富、包浩然 (2024). 江苏省蛇类新纪录——东亚腹链蛇 Chinese Journal of Wildlife, 45(1), 216-221 https://doi.org/10.12375/ysdwxb.20240129"
DUP030,6,Hebius vibakari,江苏,1802,2024,removed_later_duplicate,1798,"叶琳、朱文启、章铁睿、虞磊、高国富、包浩然 (2024). 江苏省蛇类新纪录——东亚腹链蛇 Chinese Journal of Wildlife, 45(1), 216-221 https://doi.org/10.12375/ysdwxb.20240129"
DUP030,6,Hebius vibakari,江苏,1803,2024,removed_later_duplicate,1798,"叶琳、朱文启、章铁睿、虞磊、高国富、包浩然 (2024). 江苏省蛇类新纪录——东亚腹链蛇 Chinese Journal of Wildlife, 45(1), 216-221 https://doi.org/10.12375/ysdwxb.20240129"
DUP030,6,Hebius vibakari,江苏,1804,2024,removed_later_duplicate,1798,"叶琳、朱文启、章铁睿、虞磊、高国富、包浩然 (2024). 江苏省蛇类新纪录——东亚腹链蛇 Chinese Journal of Wildlife, 45(1), 216-221 https://doi.org/10.12375/ysdwxb.20240129"
DUP031,2,Hemidactylus tenkatei,广东,1942,2024,retained；同最早年多条，保留行序最先者，需人工裁定,1942,
DUP031,2,Hemidactylus tenkatei,广东,2001,2024,removed_later_duplicate,1942,
DUP032,2,Hemiphyllodactylus hongkongensis,福建,1738,2025,retained；同最早年多条，保留行序最先者，需人工裁定,1738,"马良、罗萧、周承源、曾文昊、吴锦平、汤小明、陈世品 (2025). 福建省爬行动物新记录——香港半叶趾虎 四川动物, 44(3), 299-304 https://doi.org/10.11984/j.issn.1000-7083.20250008"
DUP032,2,Hemiphyllodactylus hongkongensis,福建,1745,2025,removed_later_duplicate,1738,"马良、罗萧、周承源、曾文昊、吴锦平、汤小明、陈世品 (2025). 福建省爬行动物新记录——香港半叶趾虎 四川动物, 44(3), 299-304 https://doi.org/10.11984/j.issn.1000-7083.20250008"
DUP033,2,Kaloula borealis,上海,1389,2015,retained；同最早年多条，保留行序最先者，需人工裁定,1389,"Wei ZHANG and Ben LI and Xiaoxiao SHU and Hanbin XIE and Enle PEI and Xiao YUAN and Yujie SUN and Tianhou WANG and Zhenghuan WANG (2015). A New Record of Kaloula (Amphibia: Anura: Microhylidae) in Shanghai, China Asian Herpetological Research, 6(3), 240–244 https://doi.org/10.16373/j.cnki.ahr.140070"
DUP033,2,Kaloula borealis,上海,1463,2015,removed_later_duplicate,1389,"Wei ZHANG and Ben LI and Xiaoxiao SHU and Hanbin XIE and Enle PEI and Xiao YUAN and Yujie SUN and Tianhou WANG and Zhenghuan WANG (2015). A New Record of Kaloula (Amphibia: Anura: Microhylidae) in Shanghai, China Asian Herpetological Research, 6(3), 240–244 https://doi.org/10.16373/j.cnki.ahr.140070"
DUP034,2,Kurixalus inexpectatus,浙江,997,2024,retained；同最早年多条，保留行序最先者，需人工裁定,997,"Dallin B. Kohler and Xiaoli Zhang and Kevin R. Messenger and Kenneth Chin Yu An and Deyatima Ghosh and Siti N. Othman and Zhenqi Wang and Hina Amin and Vishal Kumar Prasad and Zhichao Wu and Amaël Borzée (2024). At home in Jiangsu: Environmental niche modeling and new records for five species of amphibian and reptile in Jiangsu, China Life Science https://doi.org/10.3897/herpetozoa.37.e117370"
DUP034,2,Kurixalus inexpectatus,浙江,1528,2024,removed_later_duplicate,997,"Dallin B. Kohler and Xiaoli Zhang and Kevin R. Messenger and Kenneth Chin Yu An and Deyatima Ghosh and Siti N. Othman and Zhenqi Wang and Hina Amin and Vishal Kumar Prasad and Zhichao Wu and Amaël Borzée (2024). At home in Jiangsu: Environmental niche modeling and new records for five species of amphibian and reptile in Jiangsu, China Life Science https://doi.org/10.3897/herpetozoa.37.e117370"
DUP035,2,Laudakia stoliczkana,甘肃,1750,2016,retained；同最早年多条，保留行序最先者，需人工裁定,1750,"赵海斌、龚大洁、李晓军、李万江、刘开明 (2016). 甘肃马鬃山发现新疆岩蜥 干旱区研究, 33(2), 431-433 https://doi.org/10.13866/j.azr.2016.02.27"
DUP035,2,Laudakia stoliczkana,甘肃,1751,2016,removed_later_duplicate,1750,"赵海斌、龚大洁、李晓军、李万江、刘开明 (2016). 甘肃马鬃山发现新疆岩蜥 干旱区研究, 33(2), 431-433 https://doi.org/10.13866/j.azr.2016.02.27"
DUP036,2,Liurana alpina,西藏,1593,2016,retained；同最早年多条，保留行序最先者，需人工裁定,1593,"Fang YAN and Ke JIANG and Kai WANG and Jie-Qiong JIN and Chatmongkon SUWANNAPOOM and Cheng LI and Jens V. VINDUM and Rafe M. BROWN and Jing CHE (2016). The Australasian frog family Ceratobatrachidae in China, Myanmar and Thailand: discovery of a new Himalayan forest frog clade ZOOLOGICAL RESEARCH, 37(1), 7-14 https://doi.org/10.13918/j.issn.2095-8137.2016.1.7"
DUP036,2,Liurana alpina,西藏,2144,2016,removed_later_duplicate,1593,"Fang YAN and Ke JIANG and Kai WANG and Jie-Qiong JIN and Chatmongkon SUWANNAPOOM and Cheng LI and Jens V. VINDUM and Rafe M. BROWN and Jing CHE (2016). The Australasian frog family Ceratobatrachidae in China, Myanmar and Thailand: discovery of a new Himalayan forest frog clade ZOOLOGICAL RESEARCH, 37(1), 7-14 https://doi.org/10.13918/j.issn.2095-8137.2016.1.7"
DUP037,2,Liurana medogensis,西藏,2143,2016,retained；同最早年多条，保留行序最先者，需人工裁定,2143,"Fang YAN and Ke JIANG and Kai WANG and Jie-Qiong JIN and Chatmongkon SUWANNAPOOM and Cheng LI and Jens V. VINDUM and Rafe M. BROWN and Jing CHE (2016). The Australasian frog family Ceratobatrachidae in China, Myanmar and Thailand: discovery of a new Himalayan forest frog clade ZOOLOGICAL RESEARCH, 37(1), 7-14 https://doi.org/10.13918/j.issn.2095-8137.2016.1.7"
DUP037,2,Liurana medogensis,西藏,2187,2016,removed_later_duplicate,2143,"Fang YAN and Ke JIANG and Kai WANG and Jie-Qiong JIN and Chatmongkon SUWANNAPOOM and Cheng LI and Jens V. VINDUM and Rafe M. BROWN and Jing CHE (2016). The Australasian frog family Ceratobatrachidae in China, Myanmar and Thailand: discovery of a new Himalayan forest frog clade ZOOLOGICAL RESEARCH, 37(1), 7-14 https://doi.org/10.13918/j.issn.2095-8137.2016.1.7"
DUP038,2,Liurana xizangensis,西藏,1592,2016,retained；同最早年多条，保留行序最先者，需人工裁定,1592,"Fang YAN and Ke JIANG and Kai WANG and Jie-Qiong JIN and Chatmongkon SUWANNAPOOM and Cheng LI and Jens V. VINDUM and Rafe M. BROWN and Jing CHE (2016). The Australasian frog family Ceratobatrachidae in China, Myanmar and Thailand: discovery of a new Himalayan forest frog clade ZOOLOGICAL RESEARCH, 37(1), 7-14 https://doi.org/10.13918/j.issn.2095-8137.2016.1.7"
DUP038,2,Liurana xizangensis,西藏,2186,2016,removed_later_duplicate,1592,"Fang YAN and Ke JIANG and Kai WANG and Jie-Qiong JIN and Chatmongkon SUWANNAPOOM and Cheng LI and Jens V. VINDUM and Rafe M. BROWN and Jing CHE (2016). The Australasian frog family Ceratobatrachidae in China, Myanmar and Thailand: discovery of a new Himalayan forest frog clade ZOOLOGICAL RESEARCH, 37(1), 7-14 https://doi.org/10.13918/j.issn.2095-8137.2016.1.7"
DUP039,3,Lycodon fasciatus,广东,2096,2012,retained；同最早年多条，保留行序最先者，需人工裁定,2096,
DUP039,3,Lycodon fasciatus,广东,2097,2012,removed_later_duplicate,2096,
DUP039,3,Lycodon fasciatus,广东,2098,2012,removed_later_duplicate,2096,
DUP040,3,Lycodon pictus,贵州,163,2023,retained；同最早年多条，保留行序最先者，需人工裁定,163,"吴帝豪、黄俊杰、蒋珂、李家堂、任金龙 (2023). 贵州省蛇类新记录——锦白环蛇及半阴茎补充描述 四川动物, 42(2), 141-142"
DUP040,3,Lycodon pictus,贵州,2108,2023,removed_later_duplicate,163,徐宇浩、龚宴安、田胜尼、朱毅武、杨典成、黄汝怡 (2023) 动物学杂志 10.13859/j.cjz.202322333
DUP040,3,Lycodon pictus,贵州,2111,2023,removed_later_duplicate,163,徐宇浩、龚宴安、田胜尼、朱毅武、杨典成、黄汝怡 (2023) 动物学杂志 10.13859/j.cjz.202322333
DUP041,4,Lycodon ruhstrati,云南,195,2023,removed_later_duplicate,1903,
DUP041,4,Lycodon ruhstrati,云南,1903,2007,retained；同最早年多条，保留行序最先者，需人工裁定,1903,"郭克疾、米小其、邓学建 (2007). 云南省蛇类新记录---黑背白环蛇 河南师范大学学报(自然科学版), 35(4), 189-190 https://doi.org/10.16366/j.cnki.1000-2367.2007.04.022"
DUP041,4,Lycodon ruhstrati,云南,1904,2007,removed_later_duplicate,1903,"郭克疾、米小其、邓学建 (2007). 云南省蛇类新记录---黑背白环蛇 河南师范大学学报(自然科学版), 35(4), 189-190 https://doi.org/10.16366/j.cnki.1000-2367.2007.04.022"
DUP041,4,Lycodon ruhstrati,云南,1905,2007,removed_later_duplicate,1903,"郭克疾、米小其、邓学建 (2007). 云南省蛇类新记录---黑背白环蛇 河南师范大学学报(自然科学版), 35(4), 189-190 https://doi.org/10.16366/j.cnki.1000-2367.2007.04.022"
DUP042,2,Microhyla heymonsi,河南,1769,2011,removed_later_duplicate,2193,"石灵、侯名根、王新卫、陶立奎、陈晓虹 (2011). 河南省金岗台自然保护区两栖动物资源及保护 四川动物, 30(5), 828-830 https://doi.org/10.3969/j.issn.1000-7083.2011.05.042"
DUP042,2,Microhyla heymonsi,河南,2193,2005,retained,2193,陈晓虹、陶立奎、夏中荣 (2005) 动物学杂志
DUP043,2,Microhyla mixtura,河南,273,2003,retained,273,"陈晓虹、陶立奎、石灵、孟宪萍 (2003). 河南省发现合征姬蛙 动物学杂志, 38(3), 89-90"
DUP043,2,Microhyla mixtura,河南,281,2011,removed_later_duplicate,273,"石灵、侯名根、王新卫、陶立奎、陈晓虹 (2011). 河南省金岗台自然保护区两栖动物资源及保护 四川动物, 30(5), 828-830 https://doi.org/10.3969/j.issn.1000-7083.2011.05.042"
DUP044,3,Nidirana guibeiensis,湖南,112,2024,retained；同最早年多条，保留行序最先者，需人工裁定,112,"马艺涵、李辉、朱乐强、刘佳昱、刘五洲、张荣华、聂美红、张志强、莫小阳 (2024). 湖南省两栖类新记录——桂北琴蛙及其系统发育分析 生命科学研究, 28(2), 159-164 https://doi.org/10.16605/j.cnki.1007-7847.2023.05.0158"
DUP044,3,Nidirana guibeiensis,湖南,1792,2024,removed_later_duplicate,112,"程彦林、刘京、周铝、周军健、李仕泽 (2024). 湖南省两栖动物新纪录——桂北琴蛙 Chinese Journal of Wildlife, 45(2), 448-455 https://doi.org/10.12375/ysdwxb.20240227"
DUP044,3,Nidirana guibeiensis,湖南,1793,2024,removed_later_duplicate,112,"程彦林、刘京、周铝、周军健、李仕泽 (2024). 湖南省两栖动物新纪录——桂北琴蛙 Chinese Journal of Wildlife, 45(2), 448-455 https://doi.org/10.12375/ysdwxb.20240227"
DUP045,4,Nidirana mangveni,安徽,365,2023,retained；同最早年多条，保留行序最先者，需人工裁定,365,刘奔、马秋帆、方沿涛、黄平倩、李伦香、靳志杰、周翔、陈晓春、吴孝兵、陈进民、李冰欣 (2023) 动物学杂志 10.13859/j.cjz.202323091
DUP045,4,Nidirana mangveni,安徽,1733,2023,removed_later_duplicate,365,"洪飞、方杰 (2023). 安徽省两栖类新纪录——孟闻琴蛙 Chinese Journal of Wildlife, 44(4), 945-948 https://doi.org/10.12375/ysdwxb.20230429"
DUP045,4,Nidirana mangveni,安徽,1734,2023,removed_later_duplicate,365,"洪飞、方杰 (2023). 安徽省两栖类新纪录——孟闻琴蛙 Chinese Journal of Wildlife, 44(4), 945-948 https://doi.org/10.12375/ysdwxb.20230429"
DUP045,4,Nidirana mangveni,安徽,1735,2023,removed_later_duplicate,365,"洪飞、方杰 (2023). 安徽省两栖类新纪录——孟闻琴蛙 Chinese Journal of Wildlife, 44(4), 945-948 https://doi.org/10.12375/ysdwxb.20230429"
DUP046,3,Odorrana bacboensis,云南,754,2015,retained；同最早年多条，保留行序最先者，需人工裁定,754,"YING-YONG WANG, MICHAEL WAI-NENG LAU, JIAN-HUAN YANG, GUO-LING CHEN, ZU-YAO LIU, HONG PANG & YANG LIU (2015). A new species of the genus Odorrana (Amphibia: Ranidae) and the first record of Odorrana bacboensis from China Zootaxa, 3999(2), 235–254 https://doi.org/10.11646/zootaxa.3999.2.4"
DUP046,3,Odorrana bacboensis,云南,756,2015,removed_later_duplicate,754,"YING-YONG WANG, MICHAEL WAI-NENG LAU, JIAN-HUAN YANG, GUO-LING CHEN, ZU-YAO LIU, HONG PANG & YANG LIU (2015). A new species of the genus Odorrana (Amphibia: Ranidae) and the first record of Odorrana bacboensis from China Zootaxa, 3999(2), 235–254 https://doi.org/10.11646/zootaxa.3999.2.4"
DUP046,3,Odorrana bacboensis,云南,759,2015,removed_later_duplicate,754,"YING-YONG WANG, MICHAEL WAI-NENG LAU, JIAN-HUAN YANG, GUO-LING CHEN, ZU-YAO LIU, HONG PANG & YANG LIU (2015). A new species of the genus Odorrana (Amphibia: Ranidae) and the first record of Odorrana bacboensis from China Zootaxa, 3999(2), 235–254 https://doi.org/10.11646/zootaxa.3999.2.4"
DUP047,3,Odorrana bacboensis,广西,754,2015,retained；同最早年多条，保留行序最先者，需人工裁定,754,"YING-YONG WANG, MICHAEL WAI-NENG LAU, JIAN-HUAN YANG, GUO-LING CHEN, ZU-YAO LIU, HONG PANG & YANG LIU (2015). A new species of the genus Odorrana (Amphibia: Ranidae) and the first record of Odorrana bacboensis from China Zootaxa, 3999(2), 235–254 https://doi.org/10.11646/zootaxa.3999.2.4"
DUP047,3,Odorrana bacboensis,广西,756,2015,removed_later_duplicate,754,"YING-YONG WANG, MICHAEL WAI-NENG LAU, JIAN-HUAN YANG, GUO-LING CHEN, ZU-YAO LIU, HONG PANG & YANG LIU (2015). A new species of the genus Odorrana (Amphibia: Ranidae) and the first record of Odorrana bacboensis from China Zootaxa, 3999(2), 235–254 https://doi.org/10.11646/zootaxa.3999.2.4"
DUP047,3,Odorrana bacboensis,广西,759,2015,removed_later_duplicate,754,"YING-YONG WANG, MICHAEL WAI-NENG LAU, JIAN-HUAN YANG, GUO-LING CHEN, ZU-YAO LIU, HONG PANG & YANG LIU (2015). A new species of the genus Odorrana (Amphibia: Ranidae) and the first record of Odorrana bacboensis from China Zootaxa, 3999(2), 235–254 https://doi.org/10.11646/zootaxa.3999.2.4"
DUP048,2,Odorrana lungshengensis,湖南,1794,2018,retained；同最早年多条，保留行序最先者，需人工裁定,1794,"刘钊、石胜超、舒服、柳勇、王璐、邓学建 (2018). 湖南省两栖类新纪录——龙胜臭蛙 生命科学研究, 22(5), 375-376 https://doi.org/10.16605/j.cnki.1007-7847.2018.05.005"
DUP048,2,Odorrana lungshengensis,湖南,1795,2018,removed_later_duplicate,1794,"刘钊、石胜超、舒服、柳勇、王璐、邓学建 (2018). 湖南省两栖类新纪录——龙胜臭蛙 生命科学研究, 22(5), 375-376 https://doi.org/10.16605/j.cnki.1007-7847.2018.05.005"
DUP049,2,Odorrana tianmuii,江苏,992,2024,retained；同最早年多条，保留行序最先者，需人工裁定,992,"Dallin B. Kohler and Xiaoli Zhang and Kevin R. Messenger and Kenneth Chin Yu An and Deyatima Ghosh and Siti N. Othman and Zhenqi Wang and Hina Amin and Vishal Kumar Prasad and Zhichao Wu and Amaël Borzée (2024). At home in Jiangsu: Environmental niche modeling and new records for five species of amphibian and reptile in Jiangsu, China Life Science https://doi.org/10.3897/herpetozoa.37.e117370"
DUP049,2,Odorrana tianmuii,江苏,995,2024,removed_later_duplicate,992,"Dallin B. Kohler and Xiaoli Zhang and Kevin R. Messenger and Kenneth Chin Yu An and Deyatima Ghosh and Siti N. Othman and Zhenqi Wang and Hina Amin and Vishal Kumar Prasad and Zhichao Wu and Amaël Borzée (2024). At home in Jiangsu: Environmental niche modeling and new records for five species of amphibian and reptile in Jiangsu, China Life Science https://doi.org/10.3897/herpetozoa.37.e117370"
DUP050,3,Oligodon lungshenensis,四川,1843,2025,retained；同最早年多条，保留行序最先者，需人工裁定,1843,"刘帆、刘洋、刘芹、郭鹏、吴亚勇 (2025). 四川泸州发现龙胜小头蛇 动物学杂志, 60(4), 613-618 https://doi.org/10.13859/j.cjz.202524241"
DUP050,3,Oligodon lungshenensis,四川,1844,2025,removed_later_duplicate,1843,"刘帆、刘洋、刘芹、郭鹏、吴亚勇 (2025). 四川泸州发现龙胜小头蛇 动物学杂志, 60(4), 613-618 https://doi.org/10.13859/j.cjz.202524241"
DUP050,3,Oligodon lungshenensis,四川,1845,2025,removed_later_duplicate,1843,"刘帆、刘洋、刘芹、郭鹏、吴亚勇 (2025). 四川泸州发现龙胜小头蛇 动物学杂志, 60(4), 613-618 https://doi.org/10.13859/j.cjz.202524241"
DUP051,5,Opisthotropis haihaensis,广西,1447,2020,retained；同最早年多条，保留行序最先者，需人工裁定,1447,"Jian Wang and Zhi-Tong Lyu and Zhao-Chi Zeng and Chao-Yu Lin and Jian-Huan Yang and Truong Quang Nguyen and Minh D. Le and Thomas Ziegler and Ying-Yong Wang (2020). Re-examination of the Chinese record of Opisthotropis maculosa (Squamata, Natricidae), resulting in the first national record of O. haihaensis and description of a new species ZooKeys, 913, 141–159 https://doi.org/10.3897/zookeys.913.48622"
DUP051,5,Opisthotropis haihaensis,广西,1449,2020,removed_later_duplicate,1447,"Jian Wang and Zhi-Tong Lyu and Zhao-Chi Zeng and Chao-Yu Lin and Jian-Huan Yang and Truong Quang Nguyen and Minh D. Le and Thomas Ziegler and Ying-Yong Wang (2020). Re-examination of the Chinese record of Opisthotropis maculosa (Squamata, Natricidae), resulting in the first national record of O. haihaensis and description of a new species ZooKeys, 913, 141–159 https://doi.org/10.3897/zookeys.913.48622"
DUP051,5,Opisthotropis haihaensis,广西,1451,2020,removed_later_duplicate,1447,"Jian Wang and Zhi-Tong Lyu and Zhao-Chi Zeng and Chao-Yu Lin and Jian-Huan Yang and Truong Quang Nguyen and Minh D. Le and Thomas Ziegler and Ying-Yong Wang (2020). Re-examination of the Chinese record of Opisthotropis maculosa (Squamata, Natricidae), resulting in the first national record of O. haihaensis and description of a new species ZooKeys, 913, 141–159 https://doi.org/10.3897/zookeys.913.48622"
DUP051,5,Opisthotropis haihaensis,广西,1453,2020,removed_later_duplicate,1447,"Jian Wang and Zhi-Tong Lyu and Zhao-Chi Zeng and Chao-Yu Lin and Jian-Huan Yang and Truong Quang Nguyen and Minh D. Le and Thomas Ziegler and Ying-Yong Wang (2020). Re-examination of the Chinese record of Opisthotropis maculosa (Squamata, Natricidae), resulting in the first national record of O. haihaensis and description of a new species ZooKeys, 913, 141–159 https://doi.org/10.3897/zookeys.913.48622"
DUP051,5,Opisthotropis haihaensis,广西,1468,2020,removed_later_duplicate,1447,"Jian Wang and Zhi-Tong Lyu and Zhao-Chi Zeng and Chao-Yu Lin and Jian-Huan Yang and Truong Quang Nguyen and Minh D. Le and Thomas Ziegler and Ying-Yong Wang (2020). Re-examination of the Chinese record of Opisthotropis maculosa (Squamata, Natricidae), resulting in the first national record of O. haihaensis and description of a new species ZooKeys, 913, 141–159 https://doi.org/10.3897/zookeys.913.48622"
DUP052,6,Parafimbrios lao,云南,256,2022,removed_later_duplicate,1541,"王剀、吕植桐、王健、齐硕、车静 (2022). 云南省爬行动物名录和地理区划更新 生物多样性, 30(4), 1-31 https://doi.org/10.17520/biods.2021326"
DUP052,6,Parafimbrios lao,云南,1541,2020,retained；同最早年多条，保留行序最先者，需人工裁定,1541,"Bo Cai and Zening Chen and Jun Gao and Li Ding and Rong Dai (2020). NEW RECORD OF A GENUS AND SPECIES OF ODD-SCALED SNAKE (SERPENTES: XENODERMIDAE) FROM CHINA Russian Journal of Herpetology, 27(6), 348-352 https://doi.org/10.30906/1026-2296-2020-27-6-348-352"
DUP052,6,Parafimbrios lao,云南,1542,2020,removed_later_duplicate,1541,"Bo Cai and Zening Chen and Jun Gao and Li Ding and Rong Dai (2020). NEW RECORD OF A GENUS AND SPECIES OF ODD-SCALED SNAKE (SERPENTES: XENODERMIDAE) FROM CHINA Russian Journal of Herpetology, 27(6), 348-352 https://doi.org/10.30906/1026-2296-2020-27-6-348-352"
DUP052,6,Parafimbrios lao,云南,1885,2023,removed_later_duplicate,1541,"王馨、雷蕾、丁利、陈泽柠、戴蓉 (2023). 云南江城县爬行动物多样性与保护现状 动物学杂志, 58(3), 366-380 https://doi.org/10.13859/j.cjz.202303006"
DUP052,6,Parafimbrios lao,云南,1893,2023,removed_later_duplicate,1541,"王馨、雷蕾、丁利、陈泽柠、戴蓉 (2023). 云南江城县爬行动物多样性与保护现状 动物学杂志, 58(3), 366-380 https://doi.org/10.13859/j.cjz.202303006"
DUP052,6,Parafimbrios lao,云南,1894,2023,removed_later_duplicate,1541,"王馨、雷蕾、丁利、陈泽柠、戴蓉 (2023). 云南江城县爬行动物多样性与保护现状 动物学杂志, 58(3), 366-380 https://doi.org/10.13859/j.cjz.202303006"
DUP053,2,Paramegophrys dong,广西,1752,2024,retained；同最早年多条，保留行序最先者，需人工裁定,1752,"曹宇阳、伍春莲、吴云鹤 (2024). 广西掌突蟾属新纪录——侗掌突蟾 Chinese Journal of Wildlife, 45(2), 456-460 https://doi.org/10.12375/ysdwxb.20240228"
DUP053,2,Paramegophrys dong,广西,1753,2024,removed_later_duplicate,1752,"曹宇阳、伍春莲、吴云鹤 (2024). 广西掌突蟾属新纪录——侗掌突蟾 Chinese Journal of Wildlife, 45(2), 456-460 https://doi.org/10.12375/ysdwxb.20240228"
DUP054,2,Paramegophrys ventripunctatus,广西,424,2022,retained,424,吴志灵、赖洁玲、张廷瑞、白林壮、黄亮亮、郜二虎、贝永建 (2022) 动物学杂志 10.13859/j.cjz.202204016
DUP054,2,Paramegophrys ventripunctatus,广西,1600,2023,removed_later_duplicate,424,"Wei-Cai Chen and Peng Li and Wan-Xiao Peng and You-Jun Liu and Yong Huang (2023). The fourth species of Leptobrachella (Anura, Megophryidae) found at Shiwandashan National Nature Reserve, Guangxi, China Shiwandashan National Nature https://doi.org/10.3897/zookeys.1192.98352"
DUP055,2,Paramegophrys ventripunctatus,贵州,1974,2016,retained；同最早年多条，保留行序最先者，需人工裁定,1974,
DUP055,2,Paramegophrys ventripunctatus,贵州,2049,2016,removed_later_duplicate,1974,
DUP056,2,Paramegophrys yunkaiensis,广东,685,2025,retained；同最早年多条，保留行序最先者，需人工裁定,685,"Wei-Cai Chen and Yong-Jian Bei and Peng Li (2025). A new species of the genus Leptobrachella (Amphibia, Anura, Megophryidae) from the Darongshan Nature Reserve, Guangxi, China Darongshan Nature https://doi.org/10.3897/zookeys.1260.161514"
DUP056,2,Paramegophrys yunkaiensis,广东,697,2025,removed_later_duplicate,685,"Wei-Cai Chen and Yong-Jian Bei and Peng Li (2025). A new species of the genus Leptobrachella (Amphibia, Anura, Megophryidae) from the Darongshan Nature Reserve, Guangxi, China Darongshan Nature https://doi.org/10.3897/zookeys.1260.161514"
DUP057,2,Paramegophrys yunkaiensis,广西,685,2025,retained；同最早年多条，保留行序最先者，需人工裁定,685,"Wei-Cai Chen and Yong-Jian Bei and Peng Li (2025). A new species of the genus Leptobrachella (Amphibia, Anura, Megophryidae) from the Darongshan Nature Reserve, Guangxi, China Darongshan Nature https://doi.org/10.3897/zookeys.1260.161514"
DUP057,2,Paramegophrys yunkaiensis,广西,697,2025,removed_later_duplicate,685,"Wei-Cai Chen and Yong-Jian Bei and Peng Li (2025). A new species of the genus Leptobrachella (Amphibia, Anura, Megophryidae) from the Darongshan Nature Reserve, Guangxi, China Darongshan Nature https://doi.org/10.3897/zookeys.1260.161514"
DUP058,2,Paramegophrys yunyangensis,湖北,1951,2025,retained；同最早年多条，保留行序最先者，需人工裁定,1951,
DUP058,2,Paramegophrys yunyangensis,湖北,2012,2025,removed_later_duplicate,1951,
DUP059,4,Paramesotriton chinensis,湖北,2114,2010,retained；同最早年多条，保留行序最先者，需人工裁定,2114,
DUP059,4,Paramesotriton chinensis,湖北,2115,2010,removed_later_duplicate,2114,
DUP059,4,Paramesotriton chinensis,湖北,2116,2010,removed_later_duplicate,2114,
DUP059,4,Paramesotriton chinensis,湖北,2119,2010,removed_later_duplicate,2114,
DUP060,2,Paramesotriton deloustali,云南,1598,2018,retained；同最早年多条，保留行序最先者，需人工裁定,1598,"Mingwang Zhang and Fuyao Han and Jiang Ye and Qingyong Ni and Ying Li and Yongfang Yao and Huailiang Xu (2018). The entire mitochondrial genome of Vietnam Warty Newt Paramesotriton deloustali (Salamandridae: Paramesotriton) with a new distribution record from China Conservation Genet Resour, 10(2), 551–554 https://doi.org/10.1007/s12686-017-0804-3"
DUP060,2,Paramesotriton deloustali,云南,1599,2018,removed_later_duplicate,1598,"Mingwang Zhang and Fuyao Han and Jiang Ye and Qingyong Ni and Ying Li and Yongfang Yao and Huailiang Xu (2018). The entire mitochondrial genome of Vietnam Warty Newt Paramesotriton deloustali (Salamandridae: Paramesotriton) with a new distribution record from China Conservation Genet Resour, 10(2), 551–554 https://doi.org/10.1007/s12686-017-0804-3"
DUP061,2,Pelophylax mongolius,甘肃,1748,2024,retained；同最早年多条，保留行序最先者，需人工裁定,1748,"田瑞、张得宁、袁智勇、周炜帏 (2024). 甘肃和青海发现蒙侧褶蛙两栖类新纪录 西南林业大学学报(自然科学), 44(6), 209–214 https://doi.org/10.11929/j.swfu.202401011"
DUP061,2,Pelophylax mongolius,甘肃,1749,2024,removed_later_duplicate,1748,"田瑞、张得宁、袁智勇、周炜帏 (2024). 甘肃和青海发现蒙侧褶蛙两栖类新纪录 西南林业大学学报(自然科学), 44(6), 209–214 https://doi.org/10.11929/j.swfu.202401011"
DUP062,2,Pelophylax mongolius,青海,1748,2024,retained；同最早年多条，保留行序最先者，需人工裁定,1748,"田瑞、张得宁、袁智勇、周炜帏 (2024). 甘肃和青海发现蒙侧褶蛙两栖类新纪录 西南林业大学学报(自然科学), 44(6), 209–214 https://doi.org/10.11929/j.swfu.202401011"
DUP062,2,Pelophylax mongolius,青海,1749,2024,removed_later_duplicate,1748,"田瑞、张得宁、袁智勇、周炜帏 (2024). 甘肃和青海发现蒙侧褶蛙两栖类新纪录 西南林业大学学报(自然科学), 44(6), 209–214 https://doi.org/10.11929/j.swfu.202401011"
DUP063,3,Plagiopholis styani,贵州,1763,2020,retained；同最早年多条，保留行序最先者，需人工裁定,1763,"张勇、彭丽芳、朱毅武、黄松 (2020). 贵州省发现福建颈斑蛇 Plagiopholis styani (Boulenger, 1899) Found in Guizhou Province, China 动物学杂志 Chinese Journal of Zoology, 55(3), 412 https://doi.org/10.13859/j.cjz.202003018"
DUP063,3,Plagiopholis styani,贵州,1764,2020,removed_later_duplicate,1763,"张勇、彭丽芳、朱毅武、黄松 (2020). 贵州省发现福建颈斑蛇 Plagiopholis styani (Boulenger, 1899) Found in Guizhou Province, China 动物学杂志 Chinese Journal of Zoology, 55(3), 412 https://doi.org/10.13859/j.cjz.202003018"
DUP063,3,Plagiopholis styani,贵州,2209,2020,removed_later_duplicate,1763,"张勇、彭丽芳、朱毅武、黄松 (2020). 贵州省发现福建颈斑蛇 Plagiopholis styani (Boulenger, 1899) Found in Guizhou Province, China 动物学杂志 Chinese Journal of Zoology, 55(3), 412 https://doi.org/10.13859/j.cjz.202003018"
DUP064,2,Plestiodon chinensis,山东,47,2002,retained；同最早年多条，保留行序最先者，需人工裁定,47,"陆宇燕,贾雅丽,刘金香,等.山东省爬行动物新记录──中国石龙子[J].四川动物,2002,(1):35-36."
DUP064,2,Plestiodon chinensis,山东,123,2002,removed_later_duplicate,47,
DUP065,2,Protobothrops cornutus,浙江,621,2015,removed_later_duplicate,1949,王聿凡、陈征海、李佐辉、吴承昊 (2015) 动物学杂志 10.13859/j.cjz.201503024
DUP065,2,Protobothrops cornutus,浙江,1949,1930,retained,1949,
DUP066,2,Protobothrops dabieshanensis,湖北,1786,2019,retained；同最早年多条，保留行序最先者，需人工裁定,1786,"齐硕、张武元、陆宇燕、孔平、杨尧、李丕鹏 (2019). 湖北省蛇类新纪录———大别山原矛头蝮 野生动物学报, 40(3), 817-820 https://doi.org/10.19711/j.cnki.issn2310-1490.2019.03.035"
DUP066,2,Protobothrops dabieshanensis,湖北,1787,2019,removed_later_duplicate,1786,"齐硕、张武元、陆宇燕、孔平、杨尧、李丕鹏 (2019). 湖北省蛇类新纪录———大别山原矛头蝮 野生动物学报, 40(3), 817-820 https://doi.org/10.19711/j.cnki.issn2310-1490.2019.03.035"
DUP067,2,Protobothrops mucrosquamatus,江苏,142,2021,retained,142,"Shengchao SHI and Yinmeng HOU and Zhaobin SONG and Jianping JIANG and Bin WANG (2021). A New Leaf Litter Toad of Leptobrachella Smith, 1925 (Anura, Megophryidae) from Sichuan Province, China with Supplementary Description of L. oshanensis Asian Herpetological Research, 12(2), 143–166 https://doi.org/10.16373/j.cnki.ahr.200118"
DUP067,2,Protobothrops mucrosquamatus,江苏,990,2024,removed_later_duplicate,142,"Dallin B. Kohler and Xiaoli Zhang and Kevin R. Messenger and Kenneth Chin Yu An and Deyatima Ghosh and Siti N. Othman and Zhenqi Wang and Hina Amin and Vishal Kumar Prasad and Zhichao Wu and Amaël Borzée (2024). At home in Jiangsu: Environmental niche modeling and new records for five species of amphibian and reptile in Jiangsu, China Life Science https://doi.org/10.3897/herpetozoa.37.e117370"
DUP068,3,Protobothrops xiangchengensis,西藏,1854,2022,retained；同最早年多条，保留行序最先者，需人工裁定,1854,"石胜超、石秀东、姚忠祎、齐银、江建平 (2022). 西藏八宿、左贡和芒康两栖爬行动物多样性调查报告 动物学杂志, 57(2), 236-246 https://doi.org/10.13859/j.cjz.202202009"
DUP068,3,Protobothrops xiangchengensis,西藏,1866,2022,removed_later_duplicate,1854,"石胜超、石秀东、姚忠祎、齐银、江建平 (2022). 西藏八宿、左贡和芒康两栖爬行动物多样性调查报告 动物学杂志, 57(2), 236-246 https://doi.org/10.13859/j.cjz.202202009"
DUP068,3,Protobothrops xiangchengensis,西藏,1867,2022,removed_later_duplicate,1854,"石胜超、石秀东、姚忠祎、齐银、江建平 (2022). 西藏八宿、左贡和芒康两栖爬行动物多样性调查报告 动物学杂志, 57(2), 236-246 https://doi.org/10.13859/j.cjz.202202009"
DUP069,2,Pseudoxenodon macrops,江西,504,2015,removed_later_duplicate,507,汪继超、程林、王平、付鑫、兰文军 (2015) 动物学杂志 10.13859/j.cjz.201501021
DUP069,2,Pseudoxenodon macrops,江西,507,2008,retained,507,杨道德、刘松、费冬波、喻兴雷、谷颖乐、卢何军、陈辉敏、朱家椿 (2008) 动物学杂志
DUP070,2,Quasipaa delacouri,云南,1920,2023,retained；同最早年多条，保留行序最先者，需人工裁定,1920,"贺艳红、艾仁达、黄镇杨、张洋、刘小龙、袁智勇 (2023). 中国两栖类物种新纪录——德氏棘蛙 Chinese Journal of Wildlife, 44(3), 708-714 https://doi.org/10.12375/ysdwxb.20230328"
DUP070,2,Quasipaa delacouri,云南,1921,2023,removed_later_duplicate,1920,"贺艳红、艾仁达、黄镇杨、张洋、刘小龙、袁智勇 (2023). 中国两栖类物种新纪录——德氏棘蛙 Chinese Journal of Wildlife, 44(3), 708-714 https://doi.org/10.12375/ysdwxb.20230328"
DUP071,2,Quasipaa exilispinosa,广东,23,2000,retained,23,"徐剑,邹佩贞,温彩燕,等.南岭地区两栖动物区系的研究[J].中山大学学报(自然科学版),2000,(S3):78-83."
DUP071,2,Quasipaa exilispinosa,广东,1931,,removed_later_duplicate,23,
DUP072,2,Rana hanluica,浙江,1948,2007,retained,1948,
DUP072,2,Rana hanluica,浙江,2202,2017,removed_later_duplicate,1948,金伟、王聿凡、蒋珂、刘宝权、周佳俊、许济南 (2017) 动物学杂志 10.13859/j.cjz.201706014
DUP073,2,Rana johnsi,云南,1900,2022,retained；同最早年多条，保留行序最先者，需人工裁定,1900,"杨云、刘小龙、饶静秋、贺艳红、韩克国、王剑、袁智勇 (2022). 云南省发现越南趾沟蛙 野生动物学报, 43(2), 533-537 https://doi.org/10.12375/ysdwxb.20220235"
DUP073,2,Rana johnsi,云南,1901,2022,removed_later_duplicate,1900,"杨云、刘小龙、饶静秋、贺艳红、韩克国、王剑、袁智勇 (2022). 云南省发现越南趾沟蛙 野生动物学报, 43(2), 533-537 https://doi.org/10.12375/ysdwxb.20220235"
DUP074,2,Rana sangzhiensis,广西,2103,2025,retained；同最早年多条，保留行序最先者，需人工裁定,2103,陈慧玲、邹同祥、杨瑞刚、武正军、陈泽柠 (2025) 动物学杂志 Chinese Journal of Zoology 10.13859/j.cjz.202525004
DUP074,2,Rana sangzhiensis,广西,2104,2025,removed_later_duplicate,2103,陈慧玲、邹同祥、杨瑞刚、武正军、陈泽柠 (2025) 动物学杂志 Chinese Journal of Zoology 10.13859/j.cjz.202525004
DUP075,2,Sibynophis chinensis,北京,2057,2013,retained；同最早年多条，保留行序最先者，需人工裁定,2057,
DUP075,2,Sibynophis chinensis,北京,2058,2013,removed_later_duplicate,2057,
DUP076,2,Sibynophis chinensis,天津,1849,2012,retained；同最早年多条，保留行序最先者，需人工裁定,1849,"齐 硕、史静耸、李丕鹏 (2012). 天津市蛇类新记录———黑头剑蛇指名亚种 蛇志, 24(4), 385-386 https://doi.org/10.3969/j.issn.1001-5639.2012.04.025"
DUP076,2,Sibynophis chinensis,天津,1850,2012,removed_later_duplicate,1849,"齐 硕、史静耸、李丕鹏 (2012). 天津市蛇类新记录———黑头剑蛇指名亚种 蛇志, 24(4), 385-386 https://doi.org/10.3969/j.issn.1001-5639.2012.04.025"
DUP077,8,Sphenomorphus incognitus,江西,2004,2017,retained；同最早年多条，保留行序最先者，需人工裁定,2004,
DUP077,8,Sphenomorphus incognitus,江西,2008,2017,removed_later_duplicate,2004,
DUP077,8,Sphenomorphus incognitus,江西,2009,2017,removed_later_duplicate,2004,
DUP077,8,Sphenomorphus incognitus,江西,2010,2017,removed_later_duplicate,2004,
DUP077,8,Sphenomorphus incognitus,江西,2023,2017,removed_later_duplicate,2004,
DUP077,8,Sphenomorphus incognitus,江西,2027,2017,removed_later_duplicate,2004,
DUP077,8,Sphenomorphus incognitus,江西,2028,2017,removed_later_duplicate,2004,
DUP077,8,Sphenomorphus incognitus,江西,2030,2017,removed_later_duplicate,2004,
DUP078,4,Sphenomorphus incognitus,浙江,2002,2017,retained；同最早年多条，保留行序最先者，需人工裁定,2002,
DUP078,4,Sphenomorphus incognitus,浙江,2003,2017,removed_later_duplicate,2002,
DUP078,4,Sphenomorphus incognitus,浙江,2020,2017,removed_later_duplicate,2002,
DUP078,4,Sphenomorphus incognitus,浙江,2021,2017,removed_later_duplicate,2002,
DUP079,2,Takydromus kuehnei,浙江,2205,2022,retained；同最早年多条，保留行序最先者，需人工裁定,2205,陈静怡、胡华丽、丁国骅、张振华、曹铭昌 (2022) 动物学杂志 Chinese Journal of Zoology 10.13859/j.cjz.202206018
DUP079,2,Takydromus kuehnei,浙江,2206,2022,removed_later_duplicate,2205,陈静怡、胡华丽、丁国骅、张振华、曹铭昌 (2022) 动物学杂志 Chinese Journal of Zoology 10.13859/j.cjz.202206018
DUP080,3,Theloderma khoii,云南,228,2023,removed_later_duplicate,1124,"蓝俊麟、艾仁达、刘小龙、黄俊恺、杨云、陈明、魏平凡、袁智勇 (2023). 中国棱皮树蛙属新纪录种——河江棱皮树蛙 Chinese Journal of Wildlife, 44(2), 470-476 https://doi.org/10.12375/ysdwxb.20230229"
DUP080,3,Theloderma khoii,云南,1124,2022,retained；同最早年多条，保留行序最先者，需人工裁定,1124,"Shuo Liu and Mian Hou and Yi Fan and Mingzhong Mo and Dingqi Rao (2022). First record of Theloderma khoii Ninh, Nguyen, Nguyen, Hoang, Siliyavong, Nguyen, Le, Le & Ziegler, 2022 from China, with confirmation of Rhacophorus orlovi Ziegler & Köhler, 2001 in China (Anura, Rhacophoridae) Herpetozoa, 35, 199-208 https://doi.org/10.3897/herpetozoa.35.e90607"
DUP080,3,Theloderma khoii,云南,1125,2022,removed_later_duplicate,1124,"Shuo Liu and Mian Hou and Yi Fan and Mingzhong Mo and Dingqi Rao (2022). First record of Theloderma khoii Ninh, Nguyen, Nguyen, Hoang, Siliyavong, Nguyen, Le, Le & Ziegler, 2022 from China, with confirmation of Rhacophorus orlovi Ziegler & Köhler, 2001 in China (Anura, Rhacophoridae) Herpetozoa, 35, 199-208 https://doi.org/10.3897/herpetozoa.35.e90607"
DUP081,3,Theloderma rhododiscus,广西,128,2022,retained；同最早年多条，保留行序最先者，需人工裁定,128,"Lingyun Du and Jian Wang and Shuo Liu and Guohua Yu (2022). A new cryptic species in the Theloderma rhododiscus complex (Anura, Rhacophoridae) from China–Vietnam border regions ZooKeys, 1099, 123–138 https://doi.org/10.3897/zookeys.1099.80390"
DUP081,3,Theloderma rhododiscus,广西,129,2022,removed_later_duplicate,128,"Lingyun Du and Jian Wang and Shuo Liu and Guohua Yu (2022). A new cryptic species in the Theloderma rhododiscus complex (Anura, Rhacophoridae) from China–Vietnam border regions ZooKeys, 1099, 123–138 https://doi.org/10.3897/zookeys.1099.80390"
DUP081,3,Theloderma rhododiscus,广西,130,2022,removed_later_duplicate,128,"Lingyun Du and Jian Wang and Shuo Liu and Guohua Yu (2022). A new cryptic species in the Theloderma rhododiscus complex (Anura, Rhacophoridae) from China–Vietnam border regions ZooKeys, 1099, 123–138 https://doi.org/10.3897/zookeys.1099.80390"
DUP082,3,Torrentophryne cryptotympanicus,湖南,1788,2025,retained；同最早年多条，保留行序最先者，需人工裁定,1788,"肖蓓、李辉、朱乐强、唐旭芬、张荣华、兰晓明、莫小阳 (2025). 湖南城步发现隐耳蟾蜍 动物学杂志, 60(1), 105-114 https://doi.org/10.13859/j.cjz.202424123"
DUP082,3,Torrentophryne cryptotympanicus,湖南,1789,2025,removed_later_duplicate,1788,"肖蓓、李辉、朱乐强、唐旭芬、张荣华、兰晓明、莫小阳 (2025). 湖南城步发现隐耳蟾蜍 动物学杂志, 60(1), 105-114 https://doi.org/10.13859/j.cjz.202424123"
DUP082,3,Torrentophryne cryptotympanicus,湖南,1790,2025,removed_later_duplicate,1788,"肖蓓、李辉、朱乐强、唐旭芬、张荣华、兰晓明、莫小阳 (2025). 湖南城步发现隐耳蟾蜍 动物学杂志, 60(1), 105-114 https://doi.org/10.13859/j.cjz.202424123"
DUP083,2,Tropidophorus berdmorei,贵州,1767,2022,retained；同最早年多条，保留行序最先者，需人工裁定,1767,"冉辉、米小其、王成、杨天友 (2022). 贵州省爬行动物新纪录——缅甸棱蜥 野生动物学报, 43(2), 576-578 https://doi.org/10.12375/ysdwxb.20220243"
DUP083,2,Tropidophorus berdmorei,贵州,1768,2022,removed_later_duplicate,1767,"冉辉、米小其、王成、杨天友 (2022). 贵州省爬行动物新纪录——缅甸棱蜥 野生动物学报, 43(2), 576-578 https://doi.org/10.12375/ysdwxb.20220243"
DUP084,2,Tropidophorus sinicus,贵州,1754,2022,retained；同最早年多条，保留行序最先者，需人工裁定,1754,"胡政坤、黄勇、姚忠祎、蔡波 (2022). 贵州江口和福建连江分别发现中国棱蜥和变色树蜥 动物学杂志, 57(1), 112-116 https://doi.org/10.13859/j.cjz.202201011"
DUP084,2,Tropidophorus sinicus,贵州,1756,2022,removed_later_duplicate,1754,"胡政坤、黄勇、姚忠祎、蔡波 (2022). 贵州江口和福建连江分别发现中国棱蜥和变色树蜥 动物学杂志, 57(1), 112-116 https://doi.org/10.13859/j.cjz.202201011"
DUP085,2,Vietnamophryne orlovi,云南,12,2022,retained；同最早年多条，保留行序最先者，需人工裁定,12,"吴东益、刘小龙、刘春雨、史兴惠、杨泽鹏、施德山、袁智勇 (2022). 云南省两栖类新属纪录—越南姬蛙属 西南林业大学学报(自然科学), 42(4), 155–160 https://doi.org/10.11929/j.swfu.202108048"
DUP085,2,Vietnamophryne orlovi,云南,658,2022,removed_later_duplicate,12,"吴东益、刘小龙、刘春雨、史兴惠、杨泽鹏、施德山、袁智勇 (2022). 云南省两栖类新属纪录—越南姬蛙属 西南林业大学学报(自然科学), 42(4), 155–160 https://doi.org/10.11929/j.swfu.202108048"
DUP086,2,Xenophrys mangshanensis,广东,22,2000,retained,22,"徐剑,邹佩贞,温彩燕,等.南岭地区两栖动物区系的研究[J].中山大学学报(自然科学版),2000,(S3):78-82."
DUP086,2,Xenophrys mangshanensis,广东,1929,,removed_later_duplicate,22,
DUP087,2,Xenophrys maosonensis,贵州,164,2022,retained；同最早年多条，保留行序最先者，需人工裁定,164,
DUP087,2,Xenophrys maosonensis,贵州,251,2022,removed_later_duplicate,164,"沈拓、李仕泽、刘京、穆浪、粟海军 (2022). 贵州贞丰发现茅索角蟾 野生动物学报, 43(3), 863-868 https://doi.org/10.12375/ysdwx b.20220338"
DUP088,2,Yaotriton asperrimus,湖北,1777,2011,retained,1777,"戴宗兴、张洪茂、周权、刘绪生 (2011). 湖北省两栖动物资源概况 四川动物, 30(1), 144-147 https://doi.org/10.3969/j.issn.1000-7083.2011.01.036"
DUP088,2,Yaotriton asperrimus,湖北,2112,,removed_later_duplicate,1777,
DUP089,2,Zhangixalus dennysi,江苏,991,2024,retained；同最早年多条，保留行序最先者，需人工裁定,991,"Dallin B. Kohler and Xiaoli Zhang and Kevin R. Messenger and Kenneth Chin Yu An and Deyatima Ghosh and Siti N. Othman and Zhenqi Wang and Hina Amin and Vishal Kumar Prasad and Zhichao Wu and Amaël Borzée (2024). At home in Jiangsu: Environmental niche modeling and new records for five species of amphibian and reptile in Jiangsu, China Life Science https://doi.org/10.3897/herpetozoa.37.e117370"
DUP089,2,Zhangixalus dennysi,江苏,994,2024,removed_later_duplicate,991,"Dallin B. Kohler and Xiaoli Zhang and Kevin R. Messenger and Kenneth Chin Yu An and Deyatima Ghosh and Siti N. Othman and Zhenqi Wang and Hina Amin and Vishal Kumar Prasad and Zhichao Wu and Amaël Borzée (2024). At home in Jiangsu: Environmental niche modeling and new records for five species of amphibian and reptile in Jiangsu, China Life Science https://doi.org/10.3897/herpetozoa.37.e117370"
DUP090,3,Zhangixalus franki,云南,1069,2020,retained；同最早年多条，保留行序最先者，需人工裁定,1069,"Shuo Liu and Hong Hui and Dingqi Rao (2020). First record of Zhangixalus franki Ninh, Nguyen, Orlov, Nguyen & Ziegler, 2020 (Anura, Rhacophoridae) from China Laoshan Nature https://doi.org/10.3897/herpetozoa.33.e59114"
DUP090,3,Zhangixalus franki,云南,1127,2020,removed_later_duplicate,1069,"Shuo Liu and Hong Hui and Dingqi Rao (2020). First record of Zhangixalus franki Ninh, Nguyen, Orlov, Nguyen & Ziegler, 2020 (Anura, Rhacophoridae) from China Laoshan Nature https://doi.org/10.3897/herpetozoa.33.e59114"
DUP090,3,Zhangixalus franki,云南,1809,2020,removed_later_duplicate,1069,"Shuo Liu and Hong Hui and Dingqi Rao (2020). First record of Zhangixalus franki Ninh, Nguyen, Orlov, Nguyen & Ziegler, 2020 (Anura, Rhacophoridae) from China Laoshan Nature https://doi.org/10.3897/herpetozoa.33.e59114"
DUP091,3,Zhangixalus leucofasciatus,贵州,187,2017,removed_later_duplicate,471,"张雷、周胜伦、张娅芬、罗露玲、杨桂英、冉辉 (2017). 黔东北武陵山区白线树蛙特异性兼佛顶山国家级自然保护区新纪录 林业与环境科学, 33(3), 66-69"
DUP091,3,Zhangixalus leucofasciatus,贵州,471,2010,retained,471,张雷、陈红、曾强、吕红军 (2010) 动物学杂志
DUP091,3,Zhangixalus leucofasciatus,贵州,666,2015,removed_later_duplicate,471,"陈继军、潘成坤 (2015). 贵州省黔东南州两栖类新纪录———白线树蛙 贵州林业科技, 43(2) https://doi.org/10.16709/j.cnki.gzlykj.2015.02.003"
