ID,Source_row,Chinese_name_COL_China_2026,Scientific_name_COL_China_2026,New_distribution_province,Discovery_sites,Longitude,Latitude,Coordinate_basis
1,2,多疣棘蛙,Quasipaa verrucospinosa,云南,景洪市勐龙乡勐宋村、勐腊县勐远镇艺班东村,100.51,21.49,原文报道坐标
2,5,大蟾蜍,Bufo bufo,新疆,新疆维吾尔自治区哈巴河县郊,86.42,48.06,原文报道坐标
3,8,河口湍蛙,Amolops shihaitaoi,广西,中国广西壮族自治区靖西市,106.42,23.13,原文报道坐标
4,9,合江棘蛙,Quasipaa robertingeri,云南,云南威信县与四川省交界的长安镇大雪山白鹤池林场及其附近区域,104.77,27.88,原文报道坐标
5,10,阔褶水蛙,Sylvirana latouchii,云南,云南省勐仑中国科学院西双版纳热带植物园,101.4167,21.0667,原文报道坐标
6,11,棕点湍蛙,Amolops loloensis,云南,巧家县东坪乡威宁村,103.0861,27.3125,原文报道坐标
7,12,奥氏越南姬蛙,Vietnamophryne orlovi,云南,大围山国家级自然保护区,103.6995,22.9634,原文报道坐标
8,13,菱斑小头蛇,Oligodon catenatus,云南,绿春县三猛乡腊姑村俄扎水沟内,102.57,22.96,原文报道坐标
9,19,东北林蛙,Rana dybowskii,内蒙古,白音锡勒牧场,116.6478,43.6092,原文报道坐标
10,20,黑背链蛇,Lycodon ruhstrati,北京,小龙门林场,115.6,39.83,原文报道坐标
11,21,黑耳水蛙,Sylvirana nigrotympanica,广东,南岭自然保护区,112.5,24.5,原文报道坐标
12,22,莽山角蟾,Xenophrys mangshanensis,广东,南岭自然保护区,112.5,24.5,原文报道坐标
13,23,小棘蛙,Quasipaa exilispinosa,广东,南岭自然保护区,112.5,24.5,原文报道坐标
14,27,崇安斜鳞蛇,Pseudoxenodon karlschmidti,四川,中国保护大熊猫研究中心核桃坪野化培训基地的一条小路边的黑麦草草丛里,103.2206,31.0744,原文报道坐标
15,34,桓仁林蛙,Rana huanrenensis,吉林,吉林省抚松县松江河镇老岭林场小溪流石下,127.7167,41.8833,原文报道坐标
16,38,,,四川,合江县天堂坝洞坪村,106.2806,28.5614,原文报道坐标
17,44,黄脊东方蛇(黄脊游蛇),Orientocoluber spinalis,安徽,安徽省宿州市符离集北的牛头山,117.28,30.41,原文报道坐标
18,47,中国石龙子,Plestiodon chinensis,山东,乳山市普集镇,121.83,37.09,原文报道坐标
19,48,刘氏链蛇(刘氏白环蛇),Lycodon liuchengchaoi,山西,树皮沟管护站的前庄,112.4234,35.2879,原文报道坐标
20,49,峨眉髭蟾,Vibrissaphora boringii,重庆,酉阳县大板营,108.9667,29.0667,原文报道坐标
21,50,小湍蛙,Amolops torrentis,广东,云开山自然保护区东坑附近山间溪流,111.1833,22.2522,原文报道坐标
22,52,费氏短腿蟾,Brachytarsophrys feae,广西,广西蜻西底定自然保护区内(,105.9702,21.114167,原文报道坐标
23,53,海南拟髭蟾,Leptobrachium hainanense,广西,广西十万大山国家级自然保护区的上思县平龙凹林区内,107.89535,21.84155,原文报道坐标
24,54,黑眼睑纤树蛙,Gracixalus gracilipes,广西,广西十万大山国家级自然保护区的上思县平龙凹林区内,107.891683,21.840783,原文报道坐标
25,55,昭觉林蛙,Rana chaochiaoensis,广西,广西猫儿山国家级自然保护区,115.58,39.84,原文报道坐标
26,56,锯尾蜥虎,Hemidactylus garnotii,广西,北仑河口国家级自然保护区珍珠湾保护站,110.19,25.25,原文报道坐标
27,57,疣尾蜥虎,Hemidactylus frenatus,广西,广西北海市涠洲岛,109.083333,21.016667,原文报道坐标
28,61,,,广西,广西猫儿山国家级自然保护区,115.58,39.84,原文报道坐标
29,62,四川竹叶青蛇,Trimeresurus sichuanensis,广西,龙胜县,109.9161,25.6345,原文报道坐标
30,63,云南棘蛙,Gynandropaa yunnanensis,广西,龙滩自然保护区,106.7667,24.8,原文报道坐标
31,64,棕背树蜥,Calotes emma,广西,龙滩自然保护区,106.7667,24.8,原文报道坐标
32,65,脆蛇蜥,Dopasia harti,四川,"米易县草场乡、得石乡,盐边县安宁乡",101.9,26.9,文字地名地理编码/后续补充
33,66,,,新疆,新疆霍城县清水河以西约八公里处的大西沟小河及其附近沼泽,80.75,44.15,文字地名地理编码/后续补充
34,72,崇安草蜥,Takydromus sylvaticus,江西,阳际峰省级自然保护区,117.1917,27.8528,原文报道坐标
35,73,平鳞钝头蛇,Pareas boulengeri,河南,金岗台自然保护区,115.5333,31.7167,原文报道坐标
36,74,丽纹华珊瑚蛇(中华珊瑚蛇),Sinomicrurus macclellandi,河南,新县连康山国家级自然保护区,114.75,31.5167,原文报道坐标
37,75,黄纹石龙子,Plestiodon capito,河南,嵩山鹰愁崖附近小山顶,113.0,34.5,文字地名地理编码/后续补充
38,77,,,河南,十方院沟、叫河乡桦树坪村,111.5333,33.7111,原文报道坐标
39,78,宁陕齿突蟾,Scutiger ningshanensis,河南,十方院沟,111.5333,33.7111,原文报道坐标
40,84,颈槽蛇(湖北颈槽蛇),Rhabdophis nuchalis,河南,伏牛山自然保护区,111.2,33.3,原文报道坐标
41,85,黑背链蛇,Lycodon ruhstrati,河南,商城县金岗台自然保护区,115.55,31.75,文字地名地理编码/后续补充
42,91,合征姬蛙,Microhyla mixtura,浙江,宁波市北仑区柴桥,121.85,29.95,文字地名地理编码/后续补充
43,92,中国光蜥,Ateuchosaurus chinensis,浙江,左溪村,119.7839,27.6472,原文报道坐标
44,93,崇安斜鳞蛇,Pseudoxenodon karlschmidti,浙江,庆元县,119.0,27.65,原文报道坐标
45,94,无声囊泛树蛙,Polypedates mutus,湖北,湖北省宜昌市秭归县两河口镇狮子坪,110.5392,30.8062,原文报道坐标
46,100,仙琴蛙,Nidirana daunchina,湖北,,,,
47,107,棕黑腹链蛇,Hebius sauteri,湖北,大贵寺林场,108.0,27.5,文字地名地理编码/后续补充
48,108,龙胜小头蛇,Oligodon lungshenensis,湖北,三县场水库,109.2333,30.0667,原文报道坐标
49,112,桂北琴蛙,Nidirana guibeiensis,湖南,白云湖,110.3348,26.3101,原文报道坐标
50,114,纹尾斜鳞蛇,Pseudoxenodon stejnegeri,湖南,新宁舜皇山林场紫花坪紫溪河边,110.85,26.45,文字地名地理编码/后续补充
51,116,岜沙掌突蟾,Paramegophrys bashaensis,湖南,上洞村,109.9425,26.1908,原文报道坐标
52,125,北草蜥,Takydromus septentrionalis,山东,,,,
53,126,大绿臭蛙,Odorrana graminea,甘肃,康县三河坝镇,105.6833,33.1333,原文报道坐标
54,127,秦岭雨蛙,Hyla tsinlingensis,甘肃,徽县蔗沿公社、天水李子园,105.8,33.8,文字地名地理编码/后续补充
55,128,红吸盘棱皮树蛙,Theloderma rhododiscus,广西,中国广西壮族自治区金秀县,110.1833,24.1333,文字地名地理编码/后续补充
56,136,罗斯坦棘蛙,Paa rostandi,西藏,吉隆镇,85.326,28.406,原文报道坐标
57,137,倭蛙,Nanorana pleskei,西藏,青泥洞乡,95.219,31.395,原文报道坐标
58,138,缅甸树蛙,Zhangixalus burmanus,西藏,背崩乡布穷湖(西工湖)、格林村、札墨公路80K附近,95.219,29.253,原文报道坐标
59,142,原矛头蝮,Protobothrops mucrosquamatus,江苏,中国江苏省,118.7969,32.0603,文字地名地理编码/后续补充
60,155,岜沙掌突蟾,Paramegophrys bashaensis,贵州,贵州雷公山国家级自然保护区,108.1955,26.3702,原文报道坐标
61,162,桑植臭蛙,Odorrana sangzhiensis,贵州,滴水滩,105.6133,25.98,文字地名地理编码/后续补充
62,163,锦链蛇(锦白环蛇),Lycodon pictus,贵州,荔波县,108.0276,25.2176,原文报道坐标
63,164,茅索角蟾/母山角蟾,Xenophrys maosonensis,贵州,龙头大山州级自然保护区,105.5102,25.3987,原文报道坐标
64,166,侗掌突蟾,Paramegophrys dong,贵州,雷山县丹江镇仙女塘、雷山县大塘镇三湾村,108.1979,26.3714,原文报道坐标
65,168,乌梢蛇(乌梢鼠蛇),Ptyas dhumnades,辽宁,葫芦岛市西沟村溪流边石墙处,119.6953,40.2158,原文报道坐标
66,172,绿海龟,Chelonia mydas,辽宁,黄海海域一海区,123.0,35.0,文字地名地理编码/后续补充
67,173,蓝尾石龙子,Plestiodon elegans,辽宁,大连市旅顺口区杨树沟林场,121.25,38.85,文字地名地理编码/后续补充
68,180,金线侧褶蛙,Pelophylax plancyi,陕西,西安市长乐公园、曲江池遗址公园、沣渭生态景观区,108.9997,36.2619,原文报道坐标
69,182,棘疣角蟾,Boulenophrys tuberogranulatus,湖南,雪峰山,110.5,27.5,文字地名地理编码/后续补充
70,194,海南原指树蛙,Kurixalus hainanus,云南,多依河村,104.4948,24.7645,原文报道坐标
71,196,,,云南,西双版纳;西双版纳,100.8,22.0,文字地名地理编码/后续补充
72,197,云开脊蛇,Achalinus yunkaiensis,四川,画稿溪国家级自然保护区,105.45,28.25,文字地名地理编码/后续补充
73,202,秉志肥螈,Pachytriton granulosus,安徽,马金岭自然保护区,118.3079,29.5323,原文报道坐标
74,203,云开脊蛇,Achalinus yunkaiensis,湖南,南山国家公园,110.3833,26.1667,原文报道坐标
75,210,徂徕林蛙,Rana culaiensis,江苏,铁山寺国家森林公园,118.4584,32.7539,原文报道坐标
76,222,华西腹链蛇,Hebius maximus,湖北,湖北省恩施土家族苗族自治州利川市毛坝镇三县场村,109.2167,30.0667,原文报道坐标
77,230,红沙蚺(红沙蟒),Eryx miliaris,新疆,阿拉尔市塔南镇,81.3,40.5,文字地名地理编码/后续补充
78,232,台湾小头蛇,Oligodon formosanus,安徽,安徽升金湖国家级自然保护区,117.2094,30.4142,原文报道坐标
79,233,古氏草蜥(古纳氏草蜥),Takydromus kuehnei,安徽,黄山风景区,118.1482,30.0808,原文报道坐标
80,241,饰纹姬蛙,Microhyla fissipes,河南,淮阳县,114.8667,33.7333,文字地名地理编码/后续补充
81,243,赤链蛇,Lycodon rufozonatus,浙江,衢山岛,122.35,30.45,文字地名地理编码/后续补充
82,246,翡翠攀蜥,Diploderma iadinum,云南,澜沧江干流距其模式产地下游17公里处;澜沧江河谷五个新地点,100.5,22.5,文字地名地理编码/后续补充
83,247,帆背攀蜥,Diploderma vela,云南,云南省南部种群;澜沧江上游如美和通沙的北部种群,100.5,22.5,文字地名地理编码/后续补充
84,248,花坪链蛇(花坪白环蛇),Lycodon cathaya,湖南,南山国家公园金童山片区,110.2581,26.2506,原文报道坐标
85,249,猫儿山小鲵,Hynobius maoershanensis,广西,全州天湖国家湿地公园,110.9039,26.1058,原文报道坐标
86,250,黄家岭脊蛇,Achalinus huangjietangi,福建,福州市闽侯县环山公路旁,119.0311,26.4311,原文报道坐标
87,252,大雪山角蟾,Boulenophrys daxuemontis,云南,云南省昭通市威信县扎西镇狮子沟村,105.0334,27.8575,原文报道坐标
88,255,龙里瘰螈,Paramesotriton longliensis,云南,下金厂乡附近,104.8106,23.1419,原文报道坐标
89,257,福建华珊瑚蛇,Sinomicrurus kelloggi,云南,,,,
90,259,纹尾斜鳞蛇,Pseudoxenodon stejnegeri,云南,,,,
91,260,灰腹绿锦蛇,Gonyosoma frenatum,云南,水围城景区附近,103.696,22.9098,原文报道坐标
92,261,广西华珊瑚蛇,Sinomicrurus peinani,云南,马关县古林箐乡,103.9587,22.8243,原文报道坐标
93,265,双全链蛇(双全白环蛇),Lycodon fasciatus,安徽,黄山区汤口镇浮溪村,118.15,30.15,文字地名地理编码/后续补充
94,267,王锦蛇,Elaphe carinata,山东,范家石槽村,118.5833,35.0667,原文报道坐标
95,268,崇安草蜥,Takydromus sylvaticus,安徽,岭南保护区,118.15,29.45,原文报道坐标
96,271,大角蟾,Xenophrys major,广西,十万大山国家级自然保护区的防城港区峒中水源林保护区13km处,107.5588,21.7045,原文报道坐标
97,273,合征姬蛙,Microhyla mixtura,河南,商城县,115.5333,31.7167,原文报道坐标
98,276,湖北侧褶蛙,Pelophylax hubeiensis,河南,金岗台自然保护区,115.4783,31.6936,原文报道坐标
99,277,阔褶水蛙,Sylvirana latouchii,河南,金岗台自然保护区,115.4783,31.6936,原文报道坐标
100,278,大树蛙,Zhangixalus dennysi,河南,金岗台自然保护区,115.4783,31.6936,原文报道坐标
101,279,斑腿泛树蛙,Polypedates megacephalus,河南,金岗台自然保护区,115.4783,31.6936,原文报道坐标
102,299,哀鳞趾虎,Lepidodactylus lugubris,海南,海南万宁石梅湾,110.35,18.65,文字地名地理编码/后续补充
103,300,半叶趾虎,Hemiphyllodactylus typus,海南,海南三亚临春岭公园,109.55,18.25,文字地名地理编码/后续补充
104,302,黑头蝰,Azemiops feae,湖北,后河村,110.61,30.098,文字地名地理编码/后续补充
105,306,中国石龙子,Plestiodon chinensis,河北,无极县赵户营;石家庄市北郊,114.55,38.15,文字地名地理编码/后续补充
106,316,广东纤树蛙,Gracixalus guangdongensis,福建,梅花山国家级自然保护区,116.8361,25.3306,原文报道坐标
107,319,天目臭蛙,Odorrana tianmuii,福建,浦城县管厝乡东北部,118.6567,28.0535,原文报道坐标
108,320,黄岗臭蛙,Odorrana huanggangensis,福建,屏南县双溪镇,119.04,27.0368,原文报道坐标
109,321,巫山角蟾,Boulenophrys wushanensis,陕西,"周至县集贤镇南蒿坪,赤峪沟支沟水潭",108.3667,34.0,原文报道坐标
110,324,眼斑水龟,Sacalia bealei,贵州,松桃,109.2,28.15,文字地名地理编码/后续补充
111,325,古氏草蜥(古纳氏草蜥),Takydromus kuehnei,贵州,兴义,104.9,25.0833,文字地名地理编码/后续补充
112,326,,,贵州,望谟,106.1,25.1833,文字地名地理编码/后续补充
113,329,绿锦蛇,Gonyosoma prasinum,贵州,兴义,104.9,25.0833,文字地名地理编码/后续补充
114,331,横纹斜鳞蛇,Pseudoxenodon bambusicola,贵州,雷山、从江,108.5,26.2,文字地名地理编码/后续补充
115,332,台湾小头蛇,Oligodon formosanus,贵州,榕江、从江,108.6,25.7,文字地名地理编码/后续补充
116,337,中华湍蛙,Amolops sinensis,贵州,梵净山国家级自然保护区、雷公山国家级自然保护区,108.5886,27.9189,原文报道坐标
117,349,白尾双足蜥,Dibamus bourreti,广东,仁化县黄沙坑,113.6695,25.1905,原文报道坐标
118,350,黄山角蟾,Boulenophrys huangshanensis,江西,大鄣山鄣山村,117.75,29.45,文字地名地理编码/后续补充
119,356,,,广东,黑石顶省级自然保护区,111.8192,23.4208,原文报道坐标
120,360,安吉小鲵,Hynobius amjiensis,安徽,,,,
121,361,东亚腹链蛇,Hebius vibakari,安徽,牛王寨,117.0922,31.2658,原文报道坐标
122,362,棕脊蛇,Achalinus rufescens,安徽,,,,
123,363,福建华珊瑚蛇,Sinomicrurus kelloggi,安徽,石川村,118.1575,29.4597,原文报道坐标
124,364,股鳞蜓蜥,Sphenomorphus incognitus,安徽,岭南省级自然保护区,118.3833,30.0667,原文报道坐标
125,365,孟闻琴蛙,Nidirana mangveni,安徽,,,,
126,368,贺州肥螈/吴氏肥螈,Pachytriton wuguanfui,广东,连南瑶族自治县大鲵省级自然保护区,112.1797,24.4081,原文报道坐标
127,369,强婚刺铃蟾,Bombina fortinuptialis,广东,信宜市大雾岭,111.2186,22.2889,原文报道坐标
128,372,湘琴蛙,Nidirana xiangica,广东,连州市大东山,112.7103,24.9547,原文报道坐标
129,373,北部湾棱皮树蛙,Theloderma corticale,广东,乳源瑶族自治县南岭,112.9519,24.8486,原文报道坐标
130,376,横纹翠青蛇(横纹鼠蛇),Ptyas multicinctus,广东,古兜山自然保护区,112.9272,22.2356,原文报道坐标
131,377,白线树蛙,Zhangixalus leucofasciatus,广东,老蓬,113.0104,24.9365,原文报道坐标
132,381,台北纤蛙/台北水蛙,Hylarana taipehensis,澳门,,,,
133,389,六盘齿突蟾,Scutiger liupanensis,甘肃,通化乡黄叶沟、永宁乡葛家洞,106.2353,35.3639,原文报道坐标
134,390,若尔盖锦蛇,Elaphe zoigeensis,甘肃,迭部县城附近,103.2333,34.05,原文报道坐标
135,403,乐东蟾蜍,Ingerophrynus ledongensis,广东,天井山林区,113.05,24.7167,原文报道坐标
136,404,长肢林蛙,Rana longicus,广东,广东古田省级自然保护区,114.7833,23.0833,原文报道坐标
137,405,刘氏链蛇(刘氏白环蛇),Lycodon liuchengchaoi,广东,车八岭国家级自然保护区,114.1511,24.6747,原文报道坐标
138,406,尖喙蛇(尖喙绿锦蛇),Gonyosoma boulengeri,广东,里洞镇洛洞村天露山北麓,112.2333,22.4869,原文报道坐标
139,407,背条跳树蛙,Chirixalus doriae,广东,徐闻县海安镇,110.2231,20.2789,原文报道坐标
140,417,福清链蛇,Lycodon futsingensis,广东,深圳梧桐山、南岭国家森林公园、车八岭国家级自然保护区、天井山林场,114.2038,22.5728,原文报道坐标
141,418,双线小头蛇,Oligodon bivirgatus,广东,,,,
142,419,越南烙铁头蛇,Ovophis tonkinensis,广东,云开山自然保护区,111.1937,22.2736,原文报道坐标
143,420,黑带腹链蛇,Hebius bitaeniatum,广东,南岭国家级自然保护区大顶山管理站辖区(乳源县洛阳镇附近),112.8975,24.6997,原文报道坐标
144,424,腹斑掌突蟾,Paramegophrys ventripunctatus,广西,隆林县者浪乡坡合村,105.2242,24.7494,原文报道坐标
145,425,荔波臭蛙,Odorrana liboensis,广西,,,,
146,430,云开脊蛇,Achalinus yunkaiensis,广西,高寨村,110.4833,25.85,原文报道坐标
147,431,印支棱皮树蛙,Theloderma gordoni,广西,,,,
148,435,雷山琴蛙,Nidirana leishanensis,广西,,,,
149,436,越南烙铁头蛇,Ovophis tonkinensis,贵州,,,,
150,437,寒露林蛙,Rana hanluica,贵州,,,,
151,438,昆明钝头蛇(黑钝头蛇),Pareas niger,贵州,普安县,105.0186,25.7839,原文报道坐标
152,439,方花蛇,Archelaphe bella,贵州,金顶景区,108.7197,27.8972,原文报道坐标
153,440,贡山链蛇,Lycodon gongshan,贵州,,,,
154,445,峨眉角蟾,Xenophrys omeimontis,贵州,赤水桫椤国家级自然保护区金沙沟片区,105.9978,28.4367,原文报道坐标
155,446,双全链蛇(双全白环蛇),Lycodon fasciatus,湖南,曾家湾-顶坪-联防哨所一带,110.4833,29.8333,原文报道坐标
156,447,颈槽蛇(湖北颈槽蛇),Rhabdophis nuchalis,湖南,曾家湾-顶坪-联防哨所一带,110.4833,29.8333,原文报道坐标
157,448,黑头剑蛇,Sibynophis chinensis,河北,,,,
158,449,大别山脊蛇,Achalinus dabieshanensis,河南,,,,
159,450,刘氏链蛇(刘氏白环蛇),Lycodon liuchengchaoi,河南,宝天曼国家级自然保护区,111.8838,33.486,原文报道坐标
160,451,宁波滑蜥,Scincella modesta,河南,伏牛山国家级自然保护区桦树盘、太平镇居民住宅,111.8833,33.35,原文报道坐标
161,452,米仓山攀蜥,Diploderma micangshanense,河南,,,,
162,453,,,海南,尖峰岭国家级自然保护区,108.7667,18.3833,原文报道坐标
163,454,德力小姬蛙,Micryletta inornata,海南,,,,
164,455,白斑棱皮树蛙,Theloderma albopunctatum,海南,,,,
165,464,绞花林蛇,Boiga kraepelini,湖北,下谷坪,110.2167,31.3667,原文报道坐标
166,465,红吸盘棱皮树蛙,Theloderma rhododiscus,江西,,,,
167,466,景东臭蛙,Odorrana jingdongensis,贵州,雪山镇鱼塘村,104.0789,27.0692,原文报道坐标
168,467,井冈两头蛇,Calamaria jinggangensis,贵州,榕江县,108.6336,26.1133,原文报道坐标
169,468,花坪链蛇(花坪白环蛇),Lycodon cathaya,贵州,乐里镇,108.7833,26.5167,原文报道坐标
170,469,海南棱蜥,Tropidophorus hainanus,贵州,三都县拉揽乡来楼村,107.95,25.9333,原文报道坐标
171,470,宜章臭蛙,Odorrana yizhangensis,贵州,梵净山国家级自然保护区一段溪流内,108.7214,27.8953,原文报道坐标
172,471,白线树蛙,Zhangixalus leucofasciatus,贵州,梵净山黑湾河,108.7653,27.8306,原文报道坐标
173,472,短肢角蟾,Boulenophrys brachykolos,贵州,,,,
174,474,川南短腿蟾,Brachytarsophrys chuannanensis,贵州,,,,
175,475,黄纹石龙子,Plestiodon capito,贵州,从江县秀塘乡九万大山,108.6103,25.3426,原文报道坐标
176,489,合江棘蛙,Quasipaa robertingeri,贵州,三叉河片区,106.4177,28.5121,原文报道坐标
177,490,金环蛇,Bungarus fasciatus,贵州,蔗香镇,106.1542,24.9933,原文报道坐标
178,493,史氏蟾蜍,Bufo stejnegeri,吉林,白马浪沟,126.6333,41.6833,原文报道坐标
179,503,缅甸钝头蛇,Pareas hamptoni,江西,,,,
180,505,大别山脊蛇,Achalinus dabieshanensis,江西,,,,
181,506,长肢林蛙,Rana longicus,江西,永丰县,115.6603,26.9323,原文报道坐标
182,507,大眼斜鳞蛇,Pseudoxenodon macrops,江西,诸广山河,113.9167,25.7333,原文报道坐标
183,513,尾突角蟾,Boulenophrys caudoprocta,湖北,干沟河,110.5403,30.0786,原文报道坐标
184,514,大绿臭蛙,Odorrana graminea,湖北,高家堰镇,111.0497,30.5981,原文报道坐标
185,517,峨眉草蜥,Takydromus intermedius,湖北,五峰后河国家级自然保护区,110.4903,30.0458,原文报道坐标
186,518,刘氏链蛇(刘氏白环蛇),Lycodon liuchengchaoi,湖北,赵湾乡青龙山村、油坊村、红山村,111.4686,31.9097,原文报道坐标
187,519,花坪角蟾,Boulenophrys mirabilis,湖南,南山国家公园金童山国家级自然保护区,110.195,26.1983,原文报道坐标
188,520,四川竹叶青蛇,Trimeresurus sichuanensis,湖南,,,,
189,527,刘氏链蛇(刘氏白环蛇),Lycodon liuchengchaoi,湖南,湖南壶瓶山国家级自然保护区,110.7898,30.0617,原文报道坐标
190,528,侏树蛙,Zhangixalus minimus,湖南,相思坑,112.9884,24.9493,原文报道坐标
191,530,峨山掌突蟾,Paramegophrys oshanensis,湖南,八面山,110.23,27.1542,原文报道坐标
192,534,白线树蛙,Zhangixalus leucofasciatus,湖南,,,,
193,537,广西棱蜥,Tropidophorus guangxiensis,湖南,雪峰山,110.3936,27.3156,原文报道坐标
194,540,雷山琴蛙,Nidirana leishanensis,湖南,万佛山镇上洞村,109.9392,26.1964,原文报道坐标
195,541,岭南两头蛇,Calamaria arcana,湖南,湘阴渡镇滩头村,113.0217,26.2075,原文报道坐标
196,544,朝鲜林蛙/韩国林蛙,Rana coreana,辽宁,蒲河湿地公园,123.3083,41.5153,原文报道坐标
197,545,白条草蜥,Takydromus wolteri,上海,,,,
198,546,钝尾两头蛇,Calamaria septentrionalis,上海,,,,
199,548,双斑锦蛇,Elaphe bimaculata,内蒙古,赛罕乌拉国家级自然保护区,118.7192,44.2244,原文报道坐标
200,549,务川臭蛙,Odorrana wuchuanensis,湖北,,,,
201,552,黔北角蟾,Boulenophrys qianbeiensis,四川,乌岭沟东北,104.75,27.8833,原文报道坐标
202,555,玉龙攀蜥,Diploderma yulongense,四川,,,,
203,556,贡山链蛇,Lycodon gongshan,四川,,,,
204,562,阿拉善蝮,Gloydius cognatus,四川,,,,
205,563,紫沙蛇,Psammodynastes pulverulentus,四川,,,,
206,564,方花蛇,Archelaphe bella,四川,盐边县红宝,101.5333,27.1,原文报道坐标
207,573,中介蝮,Gloydius intermedius,辽宁,,118.916667,40.783333,原文报道坐标
208,574,刘氏链蛇(刘氏白环蛇),Lycodon liuchengchaoi,陕西,,,,
209,575,灰腹绿锦蛇,Gonyosoma frenatum,陕西,茅坪镇山路边,109.6167,32.5667,原文报道坐标
210,576,绿臭蛙,Odorrana margaretae,陕西,青木川国家级自然保护区,105.5781,32.8439,原文报道坐标
211,577,光雾臭蛙,Odorrana kuangwuensis,陕西,,,,
212,579,黑斑侧褶蛙,Pelophylax nigromaculatus,青海,海湖湿地公园,101.6833,36.65,原文报道坐标
213,580,红点齿蟾,Oreolalax rhodostigmatus,云南,徐家坝,105.6667,28.3853,原文报道坐标
214,582,丰沙里湍蛙,Amolops vitreus,云南,中国云南省勐腊县西双版纳国家级自然保护区,101.5393,21.7374,原文报道坐标
215,588,,,云南,,,,
216,589,三岛掌突蟾,Paramegophrys sangi,云南,水头后山,103.8775,22.6286,原文报道坐标
217,590,尖喙蛇(尖喙绿锦蛇),Gonyosoma boulengeri,云南,花鱼洞国家森林公园及附近,103.9367,22.6706,原文报道坐标
218,591,弄岗狭口蛙,Kaloula nonggangensis,云南,文山国家级自然保护区小桥沟片区(法斗乡附近),104.8406,23.3614,原文报道坐标
219,592,藏南角蟾,Xenophrys periosa,云南,贡山县独龙江乡,98.35,27.75,文字地名地理编码/后续补充
220,593,南蹼趾壁虎,Gekko palmatus,云南,南溪镇,103.9369,22.6694,原文报道坐标
221,600,快步麻蜥,Eremias velox,新疆,一万泉,88.8644,43.2164,原文报道坐标
222,608,香港半叶趾虎,Hemiphyllodactylus hongkongensis,浙江,贤良镇溪林村,119.2194,27.6489,原文报道坐标
223,616,小棘蛙,Quasipaa exilispinosa,浙江,百山祖国家级自然保护区,119.2183,27.8094,原文报道坐标
224,620,刘氏链蛇(刘氏白环蛇),Lycodon liuchengchaoi,浙江,凤阳山自然保护区山林沟谷处,119.1,27.7667,原文报道坐标
225,626,黑眶蟾蜍,Duttaphrynus melanostictus,西藏,,,,
226,627,贡山链蛇,Lycodon gongshan,西藏,,,,
227,628,云南半叶趾虎,Hemiphyllodactylus yunnanensis,西藏,,,,
228,630,朝鲜侧褶蛙,Pelophylax chosenicus,辽宁,蒲河湿地公园,122.8719,41.6983,原文报道坐标
229,642,橙脊瘰螈,Paramesotriton aurantius,浙江,,,,
230,644,云南小狭口蛙,Glyphoglossus yunnanensis,重庆,,,,
231,645,赵氏后棱蛇,Opisthotropis zhaoermii,重庆,,,,
232,650,宜章臭蛙,Odorrana yizhangensis,重庆,三泉镇,107.2075,29.1187,原文报道坐标
233,651,无颞鳞腹链蛇,Hebius atemporale,重庆,重庆市酉阳土家族苗族自治县,108.7667,28.85,文字地名地理编码/后续补充
234,652,龙胜小头蛇,Oligodon lungshenensis,重庆,,,,
235,655,绥阳掌突蟾,Paramegophrys suiyangensis,重庆,白马山自然保护区,107.6333,29.2833,原文报道坐标
236,656,贵州臭蛙,Odorrana kweichowensis,重庆,重庆市武隆区土地乡,107.8875,29.5414,原文报道坐标
237,657,尾突角蟾,Boulenophrys caudoprocta,重庆,武陵山市级自然保护区,108.8833,29.2667,原文报道坐标
238,659,虫纹麻蜥,Eremias vermiculata,新疆,八家户镇,82.65,44.5333,原文报道坐标
239,660,无棘溪蟾,Torrentophryne aspinia,湖北,六里半坡,110.3456,31.5586,原文报道坐标
240,685,云开掌突蟾,Paramegophrys yunkaiensis,广东,广东大雾岭(模式产地);广东鹅凰嶂保护区;广西大容山保护区,111.5,22.3,文字地名地理编码/后续补充
241,685,云开掌突蟾,Paramegophrys yunkaiensis,广西,广东大雾岭(模式产地);广东鹅凰嶂保护区;广西大容山保护区,,,多省拆分-该省无点位
242,754,北圻臭蛙,Odorrana bacboensis,云南,云南东南部及广西相邻地区,104.5,23.5,文字地名地理编码/后续补充
243,754,北圻臭蛙,Odorrana bacboensis,广西,云南东南部及广西相邻地区,,,多省拆分-该省无点位
244,816,龙里瘰螈,Paramesotriton longliensis,湖北,中国湖北省咸丰县,109.1333,29.6833,文字地名地理编码/后续补充
245,991,大树蛙,Zhangixalus dennysi,江苏,中国江苏,118.7969,32.0603,文字地名地理编码/后续补充
246,992,天目臭蛙,Odorrana tianmuii,江苏,中国江苏,118.7969,32.0603,文字地名地理编码/后续补充
247,997,,,浙江,浙江省,120.1551,30.2741,文字地名地理编码/后续补充
248,999,藏东南林蛇,Boiga stoliczkae,西藏,"中国西藏吉隆县,中尼边境附近",85.3,28.95,文字地名地理编码/后续补充
249,1025,山烙铁头蛇,Ovophis monticola,四川,四川峨眉;贵州遵义;四川洪雅;贵州雷山;云南腾冲;云南昆明;福建崇安;云南大理;西藏察隅;云南龙陵;福建建阳;广西金秀,,,多省拆分-该省无点位
250,1025,山烙铁头蛇,Ovophis monticola,贵州,四川峨眉;贵州遵义;四川洪雅;贵州雷山;云南腾冲;云南昆明;福建崇安;云南大理;西藏察隅;云南龙陵;福建建阳;广西金秀,,,多省拆分-该省无点位
251,1025,山烙铁头蛇,Ovophis monticola,云南,四川峨眉;贵州遵义;四川洪雅;贵州雷山;云南腾冲;云南昆明;福建崇安;云南大理;西藏察隅;云南龙陵;福建建阳;广西金秀,98.4917,25.0222,文字地名地理编码/后续补充
252,1025,山烙铁头蛇,Ovophis monticola,福建,四川峨眉;贵州遵义;四川洪雅;贵州雷山;云南腾冲;云南昆明;福建崇安;云南大理;西藏察隅;云南龙陵;福建建阳;广西金秀,,,多省拆分-该省无点位
253,1025,山烙铁头蛇,Ovophis monticola,西藏,四川峨眉;贵州遵义;四川洪雅;贵州雷山;云南腾冲;云南昆明;福建崇安;云南大理;西藏察隅;云南龙陵;福建建阳;广西金秀,,,多省拆分-该省无点位
254,1025,山烙铁头蛇,Ovophis monticola,广西,四川峨眉;贵州遵义;四川洪雅;贵州雷山;云南腾冲;云南昆明;福建崇安;云南大理;西藏察隅;云南龙陵;福建建阳;广西金秀,,,多省拆分-该省无点位
255,1026,察隅烙铁头蛇,Ovophis zayuensis,四川,四川洪雅;贵州雷山;云南腾冲;云南昆明;西藏察隅;云南龙陵;福建建阳,,,多省拆分-该省无点位
256,1026,察隅烙铁头蛇,Ovophis zayuensis,贵州,四川洪雅;贵州雷山;云南腾冲;云南昆明;西藏察隅;云南龙陵;福建建阳,,,多省拆分-该省无点位
257,1026,察隅烙铁头蛇,Ovophis zayuensis,云南,四川洪雅;贵州雷山;云南腾冲;云南昆明;西藏察隅;云南龙陵;福建建阳,98.4917,25.0222,文字地名地理编码/后续补充
258,1026,察隅烙铁头蛇,Ovophis zayuensis,西藏,四川洪雅;贵州雷山;云南腾冲;云南昆明;西藏察隅;云南龙陵;福建建阳,,,多省拆分-该省无点位
259,1026,察隅烙铁头蛇,Ovophis zayuensis,福建,四川洪雅;贵州雷山;云南腾冲;云南昆明;西藏察隅;云南龙陵;福建建阳,,,多省拆分-该省无点位
260,1027,越南烙铁头蛇,Ovophis tonkinensis,广西,广西金秀,110.1833,24.1333,文字地名地理编码/后续补充
261,1035,陈塘湍蛙,Amolops pallasitatus,西藏,拉郊乡,91.1906,28.0753,原文报道坐标
262,1052,南蹼趾壁虎,Gekko palmatus,广东,广东省肇庆市鼎湖山,112.57,23.17,文字地名地理编码/后续补充
263,1054,南蹼趾壁虎,Gekko palmatus,广西,,,,多省拆分-该省无点位
264,1069,法兰克张树蛙,Zhangixalus franki,云南,云南省文山壮族苗族自治州麻栗坡县下金厂乡老山自然保护区,104.8144,23.1683,原文报道坐标
265,1110,山罗湍蛙,Amolops truongi,云南,中国云南省红河州绿春县骑马坝乡,102.1144,22.9414,原文报道坐标
266,1112,缅北树蜥(文氏树蜥),Calotes vindumbarbatus,云南,云南省德宏州盈江县那邦镇,97.45,24.75,文字地名地理编码/后续补充
267,1124,河江棱皮树蛙,Theloderma khoii,云南,云南省文山州西畴县法斗乡,104.7667,23.3667,原文报道坐标
268,1126,棘棱皮树蛙,Theloderma moloch,云南,中国云南省盈江县,97.9333,24.7,文字地名地理编码/后续补充
269,1153,伊江树蜥(实皆树蜥),Calotes irawadi,云南,中国云南省德宏州盈江县那邦镇铜壁关自然保护区;中国云南省德宏州盈江县太平镇雪里村铜壁关自然保护区,97.5708,24.7631,原文报道坐标
270,1199,奥氏树蛙,Rhacophorus orlovi,云南,云南省红河州河口县老范寨乡归良村,103.8292,22.6861,原文报道坐标
271,1200,泰国蝘蜓,Lygosoma siamense,海南,三亚市林春岭森林公园,109.5216,18.2636,原文报道坐标
272,1219,葡萄湍蛙,Amolops putaoensis,云南,中国云南省贡山县独龙江乡,98.2682,27.67,原文报道坐标
273,1224,阮氏大头娃,Limnonectes nguyenorum,云南,"大围山自然保护区,蔓耗镇,个旧市",103.3978,23.0225,原文报道坐标
274,1248,孟加拉虎纹蛙,Hoplobatrachus litoralis,云南,云南省保山市龙陵县勐糯镇曼干河村,99.0197,24.3447,原文报道坐标
275,1274,越北姬蛙,Microhyla hmongorum,云南,"勐腊,西双版纳和元阳,红河",102.7495,23.0541,原文报道坐标
276,1289,叶氏泛蜥,Ablepharus eremchenkoi,新疆,"玉其塔什,乌恰县",74.631,40.1527,原文报道坐标
277,1302,,,广西,中国广西上思县十万大山国家级自然保护区;中国广西凌云县泗水河自然保护区,107.85,21.95,文字地名地理编码/后续补充
278,1329,红斑蟾蜍,Bufo rubroventromaculatus,云南,广西百色市那坡县百南乡;云南省文山州麻栗坡县下金厂乡,,,多省拆分-该省无点位
279,1329,红斑蟾蜍,Bufo rubroventromaculatus,广西,广西百色市那坡县百南乡;云南省文山州麻栗坡县下金厂乡,105.9,23.15,文字地名地理编码/后续补充
280,1347,北部湾蜓蜥,Sphenomorphus tonkinensis,广西,五皇岭森林公园;黑石顶自然保护区;井冈山自然保护区,,,多省拆分-该省无点位
281,1347,北部湾蜓蜥,Sphenomorphus tonkinensis,广东,五皇岭森林公园;黑石顶自然保护区;井冈山自然保护区,,,多省拆分-该省无点位
282,1347,北部湾蜓蜥,Sphenomorphus tonkinensis,江西,五皇岭森林公园;黑石顶自然保护区;井冈山自然保护区,114.2672,26.6044,原文报道坐标
283,1349,无斑瘰螈,Paramesotriton labiatus,广西,中国南方,110.0,25.0,文字地名地理编码/后续补充
284,1389,北方狭口蛙,Kaloula borealis,上海,上海市滨江森林公园和吴淞海岸森林公园,121.5064,31.3939,原文报道坐标
285,1397,借母溪林蛙,Rana jiemuxiensis,安徽,长江附近的达龙窝湖,118.2122,31.2564,原文报道坐标
286,1400,挛斑链蛇,Lycodon jara,云南,云南省盈江县铜壁关乡,97.5872,24.6596,原文报道坐标
287,1438,条纹小头蛇,Oligodon hamptoni,云南,中国云南省腾冲市大蒿坪村附近乡村公路,98.7298,24.9941,原文报道坐标
288,1440,朱利安氏脊蛇,Achalinus juliani,广西,广西弄岗国家级自然保护区,106.95,22.45,文字地名地理编码/后续补充
289,1443,吻斑雨林蛙,Wjayarana melasma,云南,西双版纳州,100.8,22.0,文字地名地理编码/后续补充
290,1447,海河后棱蛇,Opisthotropis haihaensis,广西,十万大山自然保护区,107.85,21.95,文字地名地理编码/后续补充
291,1454,宁陕线形蛇,Stichophanes ningshaanensis,陕西,"火地塘,宁陕县",108.45,33.55,文字地名地理编码/后续补充
292,1464,横纹玉斑蛇(横斑锦蛇),Euprepiophis perlaceus,陕西,中国陕西省汉中市佛坪县,107.9833,33.5167,文字地名地理编码/后续补充
293,1484,黄连山滑蜥,Scincella fansipanensis,云南,中国云南省景东县哀牢山,100.95,24.45,文字地名地理编码/后续补充
294,1493,藏南拟髭蟾,Leptobrachium bompu,西藏,上墨脱格林村和布琼湖,95.45,29.25,文字地名地理编码/后续补充
295,1530,,,广西,广西大瑶山香炉冲,110.1,24.1,文字地名地理编码/后续补充
296,1535,隐耳蜓蜥,Sphenomorphus cryptotis,广西,中国广西十万大山自然保护区,107.85,21.95,文字地名地理编码/后续补充
297,1541,老挝拟须唇蛇,Parafimbrios lao,云南,江城县,101.8667,22.5833,文字地名地理编码/后续补充
298,1580,喜山侧条树蛙,Rohanixalus shyamrupus,云南,,,,
299,1592,西藏舌突蛙,Liurana xizangensis,西藏,中国西藏墨脱(=墨脱县),95.3333,29.3,文字地名地理编码/后续补充
300,1593,高山舌突蛙,Liurana alpina,西藏,中国西藏墨脱(=墨脱县),95.3333,29.3,文字地名地理编码/后续补充
301,1598,越南瘰螈/德氏瘰螈,Paramesotriton deloustali,云南,靠近中越边界的云南南部,103.5,22.5,文字地名地理编码/后续补充
302,1611,双色棱皮树蛙,Theloderma bicolor,云南,云南省,102.7183,25.0389,文字地名地理编码/后续补充
303,1613,白斑棱皮树蛙,Theloderma albopunctatum,云南,中国云南省金平县,103.2333,22.7833,文字地名地理编码/后续补充
304,1736,锯尾蜥虎,Hemidactylus garnotii,福建,漳浦县、长泰县,117.8,24.5,文字地名地理编码/后续补充
305,1738,香港半叶趾虎,Hemiphyllodactylus hongkongensis,福建,福建君子峰国家级自然保护区、福建梅花山国家级自然保护区、福建省福州市闽侯县,116.7833,26.3167,原文报道坐标
306,1746,独山半叶趾虎,Hemiphyllodactylus dushanensis,福建,梅花山国家级自然保护区、上杭县、连城县、德化县,116.9,25.4,文字地名地理编码/后续补充
307,1748,蒙侧褶蛙,Pelophylax mongolius,甘肃,甘肃省临夏回族自治州永靖县;青海省海东市民和回族土族自治县,103.1121,36.2173,原文报道坐标
308,1748,蒙侧褶蛙,Pelophylax mongolius,青海,甘肃省临夏回族自治州永靖县;青海省海东市民和回族土族自治县,,,多省拆分-该省无点位
309,1750,新疆岩蜥,Laudakia stoliczkana,甘肃,明水村,96.1863,42.0646,原文报道坐标
310,1752,侗掌突蟾,Paramegophrys dong,广西,猫儿山安堂平,110.4653,25.9117,原文报道坐标
311,1754,中国棱蜥,Tropidophorus sinicus,贵州,亚木沟风景区,108.73,27.7761,原文报道坐标
312,1755,,,福建,潘渡乡,119.4314,26.2189,原文报道坐标
313,1758,缅甸钝头蛇,Pareas hamptoni,贵州,雷山,108.25,26.55,文字地名地理编码/后续补充
314,1759,福建钝头蛇,Pareas stanleyi,贵州,雷山,108.25,26.55,文字地名地理编码/后续补充
315,1760,双全链蛇(双全白环蛇),Lycodon fasciatus,贵州,威宁、兴义,104.8,26.5,文字地名地理编码/后续补充
316,1761,黑线乌梢蛇(黑线鼠蛇),Ptyas nigromarginata,贵州,威宁,104.2833,26.8667,文字地名地理编码/后续补充
317,1762,紫沙蛇,Psammodynastes pulverulentus,贵州,榕江,108.5167,25.95,文字地名地理编码/后续补充
318,1763,福建颈斑蛇,Plagiopholis styani,贵州,雷公山,108.0833,26.25,原文报道坐标
319,1767,缅甸棱蜥,Tropidophorus berdmorei,贵州,佛顶山国家级自然保护区坪山乡佛顶山村团山,108.3531,27.3584,原文报道坐标
320,1772,缅甸棱皮树蛙,Theloderma pyaukkya,云南,中国云南省盈江县,97.9333,24.7,文字地名地理编码/后续补充
321,1777,细痣瑶螈,Yaotriton asperrimus,湖北,,,,
322,1780,淡肩角蟾,Boulenophrys boettgeri,湖北,通山县老鸦尖,114.75,29.55,文字地名地理编码/后续补充
323,1784,短肢角蟾,Boulenophrys brachykolos,湖北,后河国家级自然保护区湾潭,110.4833,30.1,原文报道坐标
324,1785,蔡氏疣螈,Tylototriton ziegleri,云南,麻栗坡县,104.7167,23.1333,文字地名地理编码/后续补充
325,1786,大别山原矛头蝮,Protobothrops dabieshanensis,湖北,随县山区,112.9244,31.5603,原文报道坐标
326,1788,隐耳溪蟾,Torrentophryne cryptotympanicus,湖南,黑山岭近溪流区,110.1547,26.1533,原文报道坐标
327,1794,龙胜臭蛙,Odorrana lungshengensis,湖南,黄桑国家级自然保护区,110.1102,26.4683,原文报道坐标
328,1796,华西腹链蛇,Hebius maximus,湖南,高望界国家级自然保护区,110.1583,28.6933,原文报道坐标
329,1798,东亚腹链蛇,Hebius vibakari,江苏,孔山,119.0172,32.0664,原文报道坐标
330,1805,黑头剑蛇,Sibynophis chinensis,辽宁,青龙河自然保护区公路上,118.9194,40.7925,原文报道坐标
331,1808,山地麻蜥,Eremias brenchleyi,辽宁,,,,
332,1818,巴塘攀蜥,Diploderma batangense,西藏,昌都地区芒康县金沙江河谷,98.65,29.65,文字地名地理编码/后续补充
333,1819,米仓山攀蜥,Diploderma micangshanense,湖北,十堰市,110.7872,32.6467,文字地名地理编码/后续补充
334,1839,无斑山溪鲵,Batrachuperus karlschmidti,青海,班玛县玛柯河乡,100.4831,33.0886,原文报道坐标
335,1841,宁波滑蜥,Scincella modesta,山东,昆嵛山第三林场所属的殿后县,121.75,37.25,文字地名地理编码/后续补充
336,1843,龙胜小头蛇,Oligodon lungshenensis,四川,合江县先滩镇显龙村,106.2758,28.6517,原文报道坐标
337,1849,黑头剑蛇,Sibynophis chinensis,天津,蓟县下营镇船舱峪村的公路旁及村中水塘旁的草地,117.5167,40.15,原文报道坐标
338,1851,高山掌突蟾,Paramegophrys alpinus,广西,岑王老山,106.344,24.4427,原文报道坐标
339,1852,景东角蟾,Boulenophrys jingdongensis,广西,岑王老山,106.344,24.4427,原文报道坐标
340,1854,乡城原矛头蝮,Protobothrops xiangchengensis,西藏,芒康县朱巴龙乡海通沟,99.0017,29.7617,原文报道坐标
341,1876,湖南脊蛇,Achalinus hunanensis,广西,中国广西壮族自治区柳州市融水苗族自治县,109.25,25.0667,文字地名地理编码/后续补充
342,1877,棕脊蛇,Achalinus rufescens,香港,中国香港,114.1694,22.3193,文字地名地理编码/后续补充
343,1878,黑脊蛇,Achalinus spinalis,湖南,中国湖南省八大公山,110.05,29.75,文字地名地理编码/后续补充
344,1900,越南林蛙/越南趾沟蛙,Rana johnsi,云南,古林箐省级自然保护区,103.962,22.7545,原文报道坐标
345,1903,黑背链蛇,Lycodon ruhstrati,云南,腾冲县上营乡大蒿坪河边草坪的石块之下,98.7314,24.9698,原文报道坐标
346,1907,腾冲掌突蟾,Paramegophrys tengchongensis,云南,云南腾冲北海湿地自然保护区,98.5153,25.1117,原文报道坐标
347,1908,红蹼树蛙,Rhacophorus rhodopus,云南,云南腾冲北海湿地自然保护区,98.5153,25.1117,原文报道坐标
348,1912,南亚泛树蛙,Polypedates teraiensis,云南,铜壁关,97.55,24.65,文字地名地理编码/后续补充
349,1913,黄家岭脊蛇,Achalinus huangjietangi,浙江,衢山岛观音山景区,122.3167,30.4283,原文报道坐标
350,1914,王锦蛇,Elaphe carinata,浙江,衢山岛,122.35,30.45,文字地名地理编码/后续补充
351,1915,翠青蛇(翠青鼠蛇),Ptyas major,浙江,衢山岛,122.35,30.45,文字地名地理编码/后续补充
352,1920,德氏棘蛙,Quasipaa delacouri,云南,麻栗坡老山省级自然保护区,104.6767,22.8393,原文报道坐标
353,1923,中国瘰螈,Paramesotriton chinensis,重庆,酉阳县大板营保护区木叶乡附近小溪,108.95,29.3,原文报道坐标
354,1924,尾斑瘰螈,Paramesotriton caudopunctatus,重庆,酉阳县青华林场,108.95,29.3,原文报道坐标
355,1925,绞花林蛇,Boiga kraepelini,重庆,开县麻柳乡双河口,108.2667,31.4833,原文报道坐标
356,1926,双全链蛇(双全白环蛇),Lycodon fasciatus,重庆,南川市,107.1,29.15,文字地名地理编码/后续补充
357,1927,黑背链蛇,Lycodon ruhstrati,重庆,南川市,107.1,29.15,文字地名地理编码/后续补充
358,1928,福建颈斑蛇,Plagiopholis styani,重庆,南川市金佛山国家级自然保护区,107.15,29.1,文字地名地理编码/后续补充
359,1934,细痣瑶螈,Yaotriton asperrimus,安徽,岳西县美丽地区,116.35,30.85,文字地名地理编码/后续补充
360,1935,黑点树蛙,Zhangixalus nigropunctatus,安徽,岳西县美丽地区,116.35,30.85,文字地名地理编码/后续补充
361,1938,封开角蟾,Boulenophrys acuta,广东,广东阳春鹅凰嶂省级自然保护区,111.4216,21.8519,原文报道坐标
362,1939,云开角蟾,Boulenophrys yunkaiensis,广东,广东阳春鹅凰嶂省级自然保护区,111.4216,21.8519,原文报道坐标
363,1942,滕氏蜥虎,Hemidactylus tenkatei,广东,北京师范大学珠海校区附近、将军山公园,113.5181,22.3479,原文报道坐标
364,1946,四爪陆龟,Testudo horsfieldii,新疆,艾比湖湿地国家级自然保护区,82.85,44.85,文字地名地理编码/后续补充
365,1948,寒露林蛙,Rana hanluica,浙江,,,,
366,1949,角原矛头蝮,Protobothrops cornutus,浙江,,,,
367,1950,中华湍蛙,Amolops sinensis,湖北,利川市星斗山,109.1304,30.0494,原文报道坐标
368,1951,贵师掌突蟾,Paramegophrys yunyangensis,湖北,巴东县沿渡河镇,109.8142,30.4548,原文报道坐标
369,1952,桑植角蟾,Boulenophrys sangzhiensis,湖北,利川市星斗山;宣恩县沙道沟镇白水河村,109.1304,30.0494,原文报道坐标
370,1954,龙胜小头蛇,Oligodon lungshenensis,湖南,莽山自然保护区,112.8667,24.9667,原文报道坐标
371,1960,中介蝮,Gloydius intermedius,北京,,,,
372,1961,桓仁滑蜥,Scincella huanrenensis,山东,,,,
373,1963,新疆漠虎,Alsophylax przewalskii,甘肃,敦煌市旧民房土墙边、瓜州县安西古城老城墙边及墙上,95.5,40.3,文字地名地理编码/后续补充
374,1968,广西华珊瑚蛇,Sinomicrurus peinani,湖南,宁远县无名野山,111.9,25.6,文字地名地理编码/后续补充
375,1971,股鳞蜓蜥,Sphenomorphus incognitus,福建,溪源庵大峡谷一鱼塘旁边,118.25,26.65,文字地名地理编码/后续补充
376,1972,福清链蛇,Lycodon futsingensis,福建,三楼村阔叶林,,,
377,1974,腹斑掌突蟾,Paramegophrys ventripunctatus,贵州,习水三岔河,105.8389,28.0,原文报道坐标
378,1975,太行林蛙,Rana taihangensis,宁夏,泾源县,106.3644,35.4011,原文报道坐标
379,1982,太行林蛙,Rana taihangensis,山东,崂山,120.5917,36.2,原文报道坐标
380,1989,黑头蝰,Azemiops feae,广东,车八岭国家级自然保护区核心区公路,114.0839,24.5364,原文报道坐标
381,2002,股鳞蜓蜥,Sphenomorphus incognitus,浙江,遂昌九龙山,118.8456,28.3917,原文报道坐标
382,2004,股鳞蜓蜥,Sphenomorphus incognitus,江西,江西马头山,117.195,27.8017,原文报道坐标
383,2015,,,西藏,米林县,94.25,29.2333,文字地名地理编码/后续补充
384,2016,墨脱角蟾,Xenophrys medogensis,西藏,墨脱县,95.3333,29.3,文字地名地理编码/后续补充
385,2019,北草蜥,Takydromus septentrionalis,河北,衡水市郊区,115.65,37.75,文字地名地理编码/后续补充
386,2041,丽水树蛙,Zhangixalus lishuiensis,福建,福建省光泽县坪溪地区,117.35,27.55,文字地名地理编码/后续补充
387,2051,宜章臭蛙,Odorrana yizhangensis,广东,南岭国家级自然保护区,113.013,24.9303,原文报道坐标
388,2052,锯尾蜥虎,Hemidactylus garnotii,广东,阳春鹅凰嶂自然保护区,111.3581,21.8433,原文报道坐标
389,2053,莽山角蟾,Xenophrys mangshanensis,江西,虾公塘保护站,117.5,26.5,文字地名地理编码/后续补充
390,2054,崇安湍蛙,Amolops chunganensis,江西,荆竹山、黄岗山国家级自然保护区,117.75,27.85,文字地名地理编码/后续补充
391,2055,凹耳竹叶蛙,Bamburana tormota,江西,大鄣山鄣山村、白山村,117.75,29.45,文字地名地理编码/后续补充
392,2056,宜章臭蛙,Odorrana yizhangensis,江西,荆竹山,117.7,27.85,文字地名地理编码/后续补充
393,2057,黑头剑蛇,Sibynophis chinensis,北京,东长峪山间林道,117.1626,40.2576,原文报道坐标
394,2060,红斑蟾蜍,Bufo rubroventromaculatus,广东,大雾岭,111.2208,22.2864,原文报道坐标
395,2062,湘南角蟾,Boulenophrys xiangnanensis,广东,连南瑶族自治县大鲵省级自然保护区,112.1797,24.4081,原文报道坐标
396,2064,务川臭蛙,Odorrana wuchuanensis,广东,阳山县江英镇林场,112.8853,24.585,原文报道坐标
397,2066,福建钝头蛇,Pareas stanleyi,广东,乳源瑶族自治县南岭,112.9917,24.9506,原文报道坐标
398,2069,斑蜓蜥,Sphenomorphus maculatus,广东,,,,
399,2070,斑蜓蜥,Sphenomorphus maculatus,广西,,,,
400,2077,坡普竹叶青蛇,Trimeresurus popeiorum,云南,中国云南省勐腊,101.5667,21.4833,文字地名地理编码/后续补充
401,2078,凹耳竹叶蛙,Bamburana tormota,福建,石墩村,119.3953,26.795,原文报道坐标
402,2084,寒露林蛙,Rana hanluica,福建,梅花山国家级自然保护区,116.85,25.35,文字地名地理编码/后续补充
403,2090,海南棱蜥,Tropidophorus hainanus,广东,车八岭国家级自然保护区检查站东南约500米处环山引水渠旁石块上,114.1495,24.6944,原文报道坐标
404,2096,双全链蛇(双全白环蛇),Lycodon fasciatus,广东,南岭国家森林公园,112.9322,24.925,原文报道坐标
405,2099,福清链蛇,Lycodon futsingensis,广西,猫儿山国家级自然保护区,110.45,25.88,文字地名地理编码/后续补充
406,2100,福清链蛇,Lycodon futsingensis,浙江,新建镇河阳村,120.05,28.75,文字地名地理编码/后续补充
407,2102,福清链蛇,Lycodon futsingensis,江西,全南县,114.5333,24.7833,文字地名地理编码/后续补充
408,2103,桑植趾沟蛙,Rana sangzhiensis,广西,融水苗族自治县,108.6844,25.2444,原文报道坐标
409,2106,赵氏后棱蛇,Opisthotropis zhaoermii,广西,,,,
410,2110,印支棱皮树蛙,Theloderma gordoni,云南,"太阳河国家森林公园,思茅县,普洱市;西双版纳国家级自然保护区,勐养镇和勐仑镇,西双版纳州;大围山国家级自然保护区,屏边县,红河州",101.2,21.95,文字地名地理编码/后续补充
411,2114,中国瘰螈,Paramesotriton chinensis,湖北,咸丰县丁寨乡十字路村野猫河、甲马池乡方家坝村后家河,109.1,29.5833,原文报道坐标
412,2120,灰腹绿锦蛇,Gonyosoma frenatum,湖北,南阳镇龙门村猕猴桃基地,110.4939,31.3373,原文报道坐标
413,2134,百花锦蛇,Elaphe moellendorffi,贵州,板寨,107.25,25.0667,原文报道坐标
414,2143,墨脱舌突蛙,Liurana medogensis,西藏,中国西藏墨脱(=墨脱县),95.3333,29.3,文字地名地理编码/后续补充
415,2148,黑带腹链蛇,Hebius bitaeniatum,贵州,雷公山国家级自然保护区,108.3333,26.6167,原文报道坐标
416,2150,凹耳竹叶蛙,Bamburana tormota,江苏,宜兴,119.755,31.1836,原文报道坐标
417,2160,寒露林蛙,Rana hanluica,江西,诸广山河,113.9167,25.7333,原文报道坐标
418,2166,龙胜臭蛙,Odorrana lungshengensis,湖北,长坡村附近小溪,110.7333,30.0667,原文报道坐标
419,2167,崇安湍蛙,Amolops chunganensis,湖北,白溪河村,110.6667,30.0667,原文报道坐标
420,2178,海南棱蜥,Tropidophorus hainanus,湖南,湖南莽山国家级自然保护区夹水电站附近溪流边的沙石滩,112.915,24.9739,原文报道坐标
421,2183,黑带腹链蛇,Hebius bitaeniatum,湖南,湖南城步明竹老山县级自然保护区场部附近的土路,110.512,26.2989,原文报道坐标
422,2185,黄岗臭蛙,Odorrana huanggangensis,湖南,湖南会同、湖南城步、湖南新宁、湖南双牌、湖南宜章、湖南武陵源景区(A组),111.0,27.0,文字地名地理编码/后续补充
423,2188,中华湍蛙,Amolops sinensis,四川,画稿溪国家级自然保护区,105.4436,28.1939,原文报道坐标
424,2189,僜湍蛙,Amolops deng,云南,福贡县石月亮乡,98.8781,27.255,原文报道坐标
425,2192,察隅湍蛙,Amolops chayuensis,云南,贡山县独龙江乡,98.8781,27.255,原文报道坐标
426,2193,小弧斑姬蛙,Microhyla heymonsi,河南,商城,115.7,31.8667,原文报道坐标
427,2194,德化脊蛇,Achalinus dehuaensis,浙江,龙泉市剑池街道石武村,119.1606,28.0831,原文报道坐标
428,2196,长肢林蛙,Rana longicus,浙江,贤良镇,119.2194,27.6489,原文报道坐标
429,2205,古氏草蜥(古纳氏草蜥),Takydromus kuehnei,浙江,衢江区灰坪乡,118.8217,29.4481,原文报道坐标
430,2207,云开脊蛇,Achalinus yunkaiensis,浙江,仰义水库,120.4372,28.0758,原文报道坐标
431,2210,合江棘蛙,Quasipaa robertingeri,重庆,四面山大窝铺,106.3458,28.578,原文报道坐标
432,2211,合江臭蛙,Odorrana hejiangensis,重庆,四面山大窝铺,106.3458,28.578,原文报道坐标
433,2212,光雾臭蛙,Odorrana kuangwuensis,重庆,城口县东安乡兴田村亢河,109.0833,31.7667,原文报道坐标
434,2213,南江臭蛙,Odorrana nanjiangensis,重庆,,,,
435,2215,务川臭蛙,Odorrana wuchuanensis,重庆,新田镇,108.3,29.2333,原文报道坐标
436,2220,新疆沙虎,Teratoscincus przewalskii,甘肃,敦煌市旧民房土墙边;瓜州县安西古城老城墙边及墙上,95.5,40.3,文字地名地理编码/后续补充
